{
  "losses": [
    1.0282717175292273,
    0.5106912865473406,
    0.20447498493784824,
    0.0969450997002876,
    0.055323216243853245,
    0.03522381972784398,
    0.025746403667631666,
    0.019595063024103063,
    0.01573710917175686,
    0.012633760105093393,
    0.010669425800694788,
    0.009278165588921293,
    0.008262643334512439,
    0.007138544596718067,
    0.006522834304393861,
    0.005923736849267244,
    0.005274755950765616,
    0.004906775059638468,
    0.004438266051177461,
    0.004413967914884987,
    0.003783035499792673,
    0.003767591256448895,
    0.003378909040317707,
    0.0031542713091643007
  ],
  "metrics": {
    "both": {
      "optimistic": {
        "adjusted_arithmetic_mean_rank": 0.05084787719471054,
        "adjusted_arithmetic_mean_rank_index": 0.9491684591627744,
        "adjusted_geometric_mean_rank_index": 0.9994251602324576,
        "adjusted_hits_at_k": 0.5068786182984034,
        "adjusted_inverse_harmonic_mean_rank": 0.18462083388337377,
        "arithmetic_mean_rank": 2954.34286946521,
        "count": 48692.0,
        "geometric_mean_rank": 25.57458418074092,
        "harmonic_mean_rank": 5.413988101461087,
        "hits_at_1": 0.0,
        "hits_at_10": 0.5069210547933952,
        "hits_at_3": 0.3067444344040089,
        "hits_at_5": 0.40078452312494867,
        "inverse_arithmetic_mean_rank": 0.0003384847474325207,
        "inverse_geometric_mean_rank": 0.03910132000320284,
        "inverse_harmonic_mean_rank": 0.1847067228925249,
        "inverse_median_rank": 0.1,
        "median_absolute_deviation": 11.860817748044816,
        "median_rank": 10.0,
        "standard_deviation": 12820.673884215754,
        "variance": 164369678.84541187,
        "z_arithmetic_mean_rank": 362.76801989550347,
        "z_geometric_mean_rank": 220.60736535330534,
        "z_hits_at_k": 12056.500105538624,
        "z_inverse_harmonic_mean_rank": 10830.988429308867
      },
      "pessimistic": {
        "adjusted_arithmetic_mean_rank": 0.05084794576816796,
        "adjusted_arithmetic_mean_rank_index": 0.9491683905881367,
        "adjusted_geometric_mean_rank_index": 0.9994251595682259,
        "adjusted_hits_at_k": 0.5068786182984034,
        "adjusted_inverse_harmonic_mean_rank": 0.18462082883536987,
        "arithmetic_mean_rank": 2954.3468536925984,
        "count": 48692.0,
        "geometric_mean_rank": 25.574612576859987,
        "harmonic_mean_rank": 5.413988249408897,
        "hits_at_1": 0.0,
        "hits_at_10": 0.5069210547933952,
        "hits_at_3": 0.3067444344040089,
        "hits_at_5": 0.40078452312494867,
        "inverse_arithmetic_mean_rank": 0.0003384842909525378,
        "inverse_geometric_mean_rank": 0.039101276588049044,
        "inverse_harmonic_mean_rank": 0.18470671784505271,
        "inverse_median_rank": 0.1,
        "median_absolute_deviation": 11.860817748044816,
        "median_rank": 10.0,
        "standard_deviation": 12820.684106089784,
        "variance": 164369940.94814318,
        "z_arithmetic_mean_rank": 362.7679936865779,
        "z_geometric_mean_rank": 220.60736520668664,
        "z_hits_at_k": 12056.500105538624,
        "z_inverse_harmonic_mean_rank": 10830.98813316205
      },
      "realistic": {
        "adjusted_arithmetic_mean_rank": 0.050847913359601406,
        "adjusted_arithmetic_mean_rank_index": 0.9491684229972611,
        "adjusted_geometric_mean_rank_index": 0.9994251600803595,
        "adjusted_hits_at_k": 0.5068786182984034,
        "adjusted_inverse_harmonic_mean_rank": 0.1846208438099139,
        "arithmetic_mean_rank": 2954.344970703125,
        "count": 48692.0,
        "geometric_mean_rank": 25.5745906829834,
        "harmonic_mean_rank": 5.413987810532282,
        "hits_at_1": 0.0,
        "hits_at_10": 0.5069210547933952,
        "hits_at_3": 0.3067444344040089,
        "hits_at_5": 0.40078452312494867,
        "inverse_arithmetic_mean_rank": 0.00033848450402729213,
        "inverse_geometric_mean_rank": 0.039101310074329376,
        "inverse_harmonic_mean_rank": 0.1847067328180194,
        "inverse_median_rank": 0.10000000149011612,
        "median_absolute_deviation": 11.860817748044816,
        "median_rank": 10.0,
        "standard_deviation": 12820.6796875,
        "variance": 164369824.0,
        "z_arithmetic_mean_rank": 362.76800607320297,
        "z_geometric_mean_rank": 220.60736531973208,
        "z_hits_at_k": 12056.500105538624,
        "z_inverse_harmonic_mean_rank": 10830.989011660484
      }
    },
    "head": {
      "optimistic": {
        "adjusted_arithmetic_mean_rank": 0.05088152427621839,
        "adjusted_arithmetic_mean_rank_index": 0.9491348115113849,
        "adjusted_geometric_mean_rank_index": 0.9994245540222402,
        "adjusted_hits_at_k": 0.5069402353407226,
        "adjusted_inverse_harmonic_mean_rank": 0.18493552670673744,
        "arithmetic_mean_rank": 2956.296147211041,
        "count": 24346.0,
        "geometric_mean_rank": 25.600738395099,
        "harmonic_mean_rank": 5.404780711738705,
        "hits_at_1": 0.0,
        "hits_at_10": 0.5069826665571346,
        "hits_at_3": 0.3064979873490512,
        "hits_at_5": 0.4008461348886881,
        "inverse_arithmetic_mean_rank": 0.00033826110450517493,
        "inverse_geometric_mean_rank": 0.0390613733309911,
        "inverse_harmonic_mean_rank": 0.18502138261189555,
        "inverse_median_rank": 0.1,
        "median_absolute_deviation": 11.860817748044816,
        "median_rank": 10.0,
        "standard_deviation": 12818.574449023177,
        "variance": 164315850.90514985,
        "z_arithmetic_mean_rank": 256.50663347692955,
        "z_geometric_mean_rank": 155.99629143479362,
        "z_hits_at_k": 8526.266913401698,
        "z_inverse_harmonic_mean_rank": 7671.717666852724
      },
      "pessimistic": {
        "adjusted_arithmetic_mean_rank": 0.05088158790111176,
        "adjusted_arithmetic_mean_rank_index": 0.9491347478853964,
        "adjusted_geometric_mean_rank_index": 0.9994245534634976,
        "adjusted_hits_at_k": 0.5069402353407226,
        "adjusted_inverse_harmonic_mean_rank": 0.184935524423748,
        "arithmetic_mean_rank": 2956.299843916865,
        "count": 24346.0,
        "geometric_mean_rank": 25.60076228175627,
        "harmonic_mean_rank": 5.404780778421579,
        "hits_at_1": 0.0,
        "hits_at_10": 0.5069826665571346,
        "hits_at_3": 0.3064979873490512,
        "hits_at_5": 0.4008461348886881,
        "inverse_arithmetic_mean_rank": 0.00033826068152649854,
        "inverse_geometric_mean_rank": 0.03906133688498113,
        "inverse_harmonic_mean_rank": 0.18502138032914658,
        "inverse_median_rank": 0.1,
        "median_absolute_deviation": 11.860817748044816,
        "median_rank": 10.0,
        "standard_deviation": 12818.582240982112,
        "variance": 164316050.668822,
        "z_arithmetic_mean_rank": 256.50661628180836,
        "z_geometric_mean_rank": 155.99629134758166,
        "z_hits_at_k": 8526.266913401698,
        "z_inverse_harmonic_mean_rank": 7671.717572147013
      },
      "realistic": {
        "adjusted_arithmetic_mean_rank": 0.05088155781218446,
        "adjusted_arithmetic_mean_rank_index": 0.9491347779748416,
        "adjusted_geometric_mean_rank_index": 0.9994245537068834,
        "adjusted_hits_at_k": 0.5069402353407226,
        "adjusted_inverse_harmonic_mean_rank": 0.18493551406958483,
        "arithmetic_mean_rank": 2956.298095703125,
        "count": 24346.0,
        "geometric_mean_rank": 25.600751876831055,
        "harmonic_mean_rank": 5.404781080851981,
        "hits_at_1": 0.0,
        "hits_at_10": 0.5069826665571346,
        "hits_at_3": 0.3064979873490512,
        "hits_at_5": 0.4008461348886881,
        "inverse_arithmetic_mean_rank": 0.0003382608701940626,
        "inverse_geometric_mean_rank": 0.039061352610588074,
        "inverse_harmonic_mean_rank": 0.1850213699760741,
        "inverse_median_rank": 0.10000000149011612,
        "median_absolute_deviation": 11.860817748044816,