{
  "losses": [
    1.1360734383619966,
    0.6067079483930554,
    0.4731274018330233,
    0.3865951828895107,
    0.32679239113534253,
    0.28548913694445105,
    0.25403442322498276,
    0.23189917778123229,
    0.21293971252938113,
    0.20206038769157159,
    0.188789990390577,
    0.18178370929071827,
    0.17745164597022628,
    0.16886698780581355,
    0.16381124061872326,
    0.16070662461782967,
    0.15654063348968825,
    0.15487280871630424,
    0.15233612731690443,
    0.14859802437768804
  ],
  "metrics": {
    "both": {
      "optimistic": {
        "adjusted_arithmetic_mean_rank": 0.1510401966972994,
        "adjusted_arithmetic_mean_rank_index": 0.8491077773276705,
        "adjusted_geometric_mean_rank_index": 0.9841844576348123,
        "adjusted_hits_at_k": 0.3205803886071859,
        "adjusted_inverse_harmonic_mean_rank": 0.23880515304167957,
        "arithmetic_mean_rank": 866.7021508049978,
        "count": 32174.0,
        "geometric_mean_rank": 65.53642706317699,
        "harmonic_mean_rank": 4.17520534781425,
        "hits_at_1": 0.18449679865730093,
        "hits_at_10": 0.32122210480512214,
        "hits_at_3": 0.27394790824889664,
        "hits_at_5": 0.2953937962329832,
        "inverse_arithmetic_mean_rank": 0.00115379891358432,
        "inverse_geometric_mean_rank": 0.015258689629753571,
        "inverse_harmonic_mean_rank": 0.23950917779972358,
        "inverse_median_rank": 0.007194244604316547,
        "median_absolute_deviation": 204.59910615377308,
        "median_rank": 139.0,
        "standard_deviation": 1976.7849249117148,
        "variance": 3907678.6393582136,
        "z_arithmetic_mean_rank": 257.43884304479286,
        "z_geometric_mean_rank": 176.91733786152224,
        "z_hits_at_k": 1870.2807538694212,
        "z_inverse_harmonic_mean_rank": 3443.846329042117
      },
      "pessimistic": {
        "adjusted_arithmetic_mean_rank": 0.15104021294675687,
        "adjusted_arithmetic_mean_rank_index": 0.8491077610753808,
        "adjusted_geometric_mean_rank_index": 0.9841844532160086,
        "adjusted_hits_at_k": 0.3205803886071859,
        "adjusted_inverse_harmonic_mean_rank": 0.23880515124130025,
        "arithmetic_mean_rank": 866.7022440479891,
        "count": 32174.0,
        "geometric_mean_rank": 65.53644509441506,
        "harmonic_mean_rank": 4.1752053791700465,
        "hits_at_1": 0.18449679865730093,
        "hits_at_10": 0.32122210480512214,
        "hits_at_3": 0.27394790824889664,
        "hits_at_5": 0.2953937962329832,
        "inverse_arithmetic_mean_rank": 0.001153798789454421,
        "inverse_geometric_mean_rank": 0.015258685431584675,
        "inverse_harmonic_mean_rank": 0.23950917600100943,
        "inverse_median_rank": 0.007194244604316547,
        "median_absolute_deviation": 204.59910615377308,
        "median_rank": 139.0,
        "standard_deviation": 1976.7849379522706,
        "variance": 3907678.6909149624,
        "z_arithmetic_mean_rank": 257.43883811730217,
        "z_geometric_mean_rank": 176.91733706719654,
        "z_hits_at_k": 1870.2807538694212,
        "z_inverse_harmonic_mean_rank": 3443.846303078566
      },
      "realistic": {
        "adjusted_arithmetic_mean_rank": 0.1510402069213131,
        "adjusted_arithmetic_mean_rank_index": 0.8491077671018747,
        "adjusted_geometric_mean_rank_index": 0.9841844568271532,
        "adjusted_hits_at_k": 0.3205803886071859,
        "adjusted_inverse_harmonic_mean_rank": 0.23880515226986,
        "arithmetic_mean_rank": 866.7022094726562,
        "count": 32174.0,
        "geometric_mean_rank": 65.53643035888672,
        "harmonic_mean_rank": 4.1752053612564275,
        "hits_at_1": 0.18449679865730093,
        "hits_at_10": 0.32122210480512214,
        "hits_at_3": 0.27394790824889664,
        "hits_at_5": 0.2953937962329832,
        "inverse_arithmetic_mean_rank": 0.001153798890300095,
        "inverse_geometric_mean_rank": 0.015258688479661942,
        "inverse_harmonic_mean_rank": 0.23950917702861785,
        "inverse_median_rank": 0.007194244768470526,
        "median_absolute_deviation": 204.59910615377308,
        "median_rank": 139.0,
        "standard_deviation": 1976.784912109375,
        "variance": 3907678.75,
        "z_arithmetic_mean_rank": 257.4388399444597,
        "z_geometric_mean_rank": 176.91733771633713,
        "z_hits_at_k": 1870.2807538694212,
        "z_inverse_harmonic_mean_rank": 3443.846317911586
      }
    },
    "head": {
      "optimistic": {
        "adjusted_arithmetic_mean_rank": 0.2301357939581722,
        "adjusted_arithmetic_mean_rank_index": 0.7700167743376171,
        "adjusted_geometric_mean_rank_index": 0.89655760139497,
        "adjusted_hits_at_k": 0.027078198274066934,
        "adjusted_inverse_harmonic_mean_rank": 0.014729138635778023,
        "arithmetic_mean_rank": 1161.5022689127868,
        "count": 16087.0,
        "geometric_mean_rank": 365.0539620064221,
        "harmonic_mean_rank": 63.361660246223636,
        "hits_at_1": 0.003854043637719898,
        "hits_at_10": 0.028159383353017965,
        "hits_at_3": 0.011126996954062286,
        "hits_at_5": 0.015975632498290544,
        "inverse_arithmetic_mean_rank": 0.0008609539789672908,
        "inverse_geometric_mean_rank": 0.002739321043124051,
        "inverse_harmonic_mean_rank": 0.01578241473020114,
        "inverse_median_rank": 0.0026041666666666665,
        "median_absolute_deviation": 415.1286211815685,
        "median_rank": 384.0,
        "standard_deviation": 2123.7668738407406,
        "variance": 4510385.734423272,
        "z_arithmetic_mean_rank": 161.90852505957085,
        "z_geometric_mean_rank": 113.99619598620879,
        "z_hits_at_k": 102.97608697053751,
        "z_inverse_harmonic_mean_rank": 138.51167504089122
      },
      "pessimistic": {
        "adjusted_arithmetic_mean_rank": 0.2301358309078199,
        "adjusted_arithmetic_mean_rank_index": 0.7700167373806468,
        "adjusted_geometric_mean_rank_index": 0.8965575443177609,
        "adjusted_hits_at_k": 0.027078198274066934,
        "adjusted_inverse_harmonic_mean_rank": 0.014729135034499935,
        "arithmetic_mean_rank": 1161.5024553987691,
        "count": 16087.0,
        "geometric_mean_rank": 365.0541628832809,
        "harmonic_mean_rank": 63.36167468882205,
        "hits_at_1": 0.003854043637719898,
        "hits_at_10": 0.028159383353017965,
        "hits_at_3": 0.011126996954062286,
        "hits_at_5": 0.015975632498290544,
        "inverse_arithmetic_mean_rank": 0.0008609538407361164,
        "inverse_geometric_mean_rank": 0.0027393195357690824,
        "inverse_harmonic_mean_rank": 0.0157824111327729,
        "inverse_median_rank": 0.0026041666666666665,
        "median_absolute_deviation": 415.1286211815685,
        "median_rank": 384.0,
        "standard_deviation": 2123.7668722307003,
        "variance": 4510385.7275845725,
        "z_arithmetic_mean_rank": 161.908517288768,
        "z_geometric_mean_rank": 113.99618872891187,
        "z_hits_at_k": 102.97608697053751,
        "z_inverse_harmonic_mean_rank": 138.51164117475196
      },
      "realistic": {
        "adjusted_arithmetic_mean_rank": 0.23013580394883013,
        "adjusted_arithmetic_mean_rank_index": 0.7700167643449792,
        "adjusted_geometric_mean_rank_index": 0.8965575860210313,
        "adjusted_hits_at_k": 0.027078198274066934,
        "adjusted_inverse_harmonic_mean_rank": 0.014729135949554023,
        "arithmetic_mean_rank": 1161.5023193359375,
        "count": 16087.0,
        "geometric_mean_rank": 365.05401611328125,
        "harmonic_mean_rank": 63.361671019080184,
        "hits_at_1": 0.003854043637719898,
        "hits_at_10": 0.028159383353017965,
        "hits_at_3": 0.011126996954062286,
        "hits_at_5": 0.015975632498290544,
        "inverse_arithmetic_mean_rank": 0.0008609539363533258,
        "inverse_geometric_mean_rank": 0.0027393207419663668,
        "inverse_harmonic_mean_rank": 0.015782412046848774,