{
    "hits@25": {
        "local_kg_hit_rewriting": 0.0,
        "online_kg_hit_rewriting": 0.0,
        "local_kg_hit_original": 0.0,
        "online_kg_hit_original": 0.0
    },
    "mrr": {
        "local_kg_hit_rewriting": 0.038461538461538464,
        "online_kg_hit_rewriting": 0.038461538461538464,
        "local_kg_hit_original": 0.038461538461538464,
        "online_kg_hit_original": 0.038461538461538464
    }
}