{
  "losses": [
    0.7953158541481093,
    0.6521580725613207,
    0.5895332073221112,
    0.5346731887005344,
    0.4781528889542759,
    0.413209597899182,
    0.35943125250315905,
    0.32071884256778377,
    0.2875118209878997,
    0.2633929557434403,
    0.2441839585209837,
    0.2270059616848974,
    0.21476634377890294,
    0.19988901476458748,
    0.1884175996526633,
    0.1803201240773248,
    0.1732375191727487,
    0.16597100283839916,
    0.15913114088891755,
    0.15316926283706533,
    0.1495954141758456,
    0.14606632056212662,
    0.14364851370896442,
    0.13950684606143743
  ],
  "metrics": {
    "both": {
      "optimistic": {
        "adjusted_arithmetic_mean_rank": 0.18496795892706966,
        "adjusted_arithmetic_mean_rank_index": 0.8151741014757055,
        "adjusted_geometric_mean_rank_index": 0.9870844001420338,
        "adjusted_hits_at_k": 0.3686459273040996,
        "adjusted_inverse_harmonic_mean_rank": 0.2845966373577491,
        "arithmetic_mean_rank": 1061.3871759806054,
        "count": 32174.0,
        "geometric_mean_rank": 53.70300878492345,
        "harmonic_mean_rank": 3.5055946330957597,
        "hits_at_1": 0.22636290172188725,
        "hits_at_10": 0.36924224529122895,
        "hits_at_3": 0.32644371231429103,
        "hits_at_5": 0.3422017778330329,
        "inverse_arithmetic_mean_rank": 0.0009421632582625747,
        "inverse_geometric_mean_rank": 0.018620930607536824,
        "inverse_harmonic_mean_rank": 0.2852583098339892,
        "inverse_median_rank": 0.010526315789473684,
        "median_absolute_deviation": 139.36460853952659,
        "median_rank": 95.0,
        "standard_deviation": 2351.8657530604555,
        "variance": 5531272.520418624,
        "z_arithmetic_mean_rank": 247.1505775444101,
        "z_geometric_mean_rank": 177.43863252772948,
        "z_hits_at_k": 2150.6973206462344,
        "z_inverse_harmonic_mean_rank": 4104.212460822205
      },
      "pessimistic": {
        "adjusted_arithmetic_mean_rank": 0.18496826766676155,
        "adjusted_arithmetic_mean_rank_index": 0.8151737926822,
        "adjusted_geometric_mean_rank_index": 0.9870843884183454,
        "adjusted_hits_at_k": 0.3686459273040996,
        "adjusted_inverse_harmonic_mean_rank": 0.284596636033902,
        "arithmetic_mean_rank": 1061.388947597439,
        "count": 32174.0,
        "geometric_mean_rank": 53.703056624253826,
        "harmonic_mean_rank": 3.5055946493497263,
        "hits_at_1": 0.22636290172188725,
        "hits_at_10": 0.36924224529122895,
        "hits_at_3": 0.32644371231429103,
        "hits_at_5": 0.3422017778330329,
        "inverse_arithmetic_mean_rank": 0.0009421616856512411,
        "inverse_geometric_mean_rank": 0.018620914019787313,
        "inverse_harmonic_mean_rank": 0.2852583085113665,
        "inverse_median_rank": 0.010526315789473684,
        "median_absolute_deviation": 139.36460853952659,
        "median_rank": 95.0,
        "standard_deviation": 2351.868476480287,
        "variance": 5531285.330661706,
        "z_arithmetic_mean_rank": 247.15048392208692,
        "z_geometric_mean_rank": 177.43863042027522,
        "z_hits_at_k": 2150.6973206462344,
        "z_inverse_harmonic_mean_rank": 4104.212441730799
      },
      "realistic": {
        "adjusted_arithmetic_mean_rank": 0.18496811325063214,
        "adjusted_arithmetic_mean_rank_index": 0.8151739471252443,
        "adjusted_geometric_mean_rank_index": 0.9870843978375633,
        "adjusted_hits_at_k": 0.3686459273040996,
        "adjusted_inverse_harmonic_mean_rank": 0.2845966227369731,
        "arithmetic_mean_rank": 1061.3880615234375,
        "count": 32174.0,
        "geometric_mean_rank": 53.70301818847656,
        "harmonic_mean_rank": 3.5055948126071352,
        "hits_at_1": 0.22636290172188725,
        "hits_at_10": 0.36924224529122895,
        "hits_at_3": 0.32644371231429103,
        "hits_at_5": 0.3422017778330329,
        "inverse_arithmetic_mean_rank": 0.0009421624708920717,
        "inverse_geometric_mean_rank": 0.01862092688679695,
        "inverse_harmonic_mean_rank": 0.28525829522673585,
        "inverse_median_rank": 0.010526316240429878,
        "median_absolute_deviation": 139.36460853952659,
        "median_rank": 95.0,
        "standard_deviation": 2351.8671875,
        "variance": 5531279.0,
        "z_arithmetic_mean_rank": 247.15053074728354,
        "z_geometric_mean_rank": 177.43863211347704,
        "z_hits_at_k": 2150.6973206462344,
        "z_inverse_harmonic_mean_rank": 4104.212249973714
      }
    },
    "head": {
      "optimistic": {
        "adjusted_arithmetic_mean_rank": 0.26362117817092406,
        "adjusted_arithmetic_mean_rank_index": 0.7365247541389821,
        "adjusted_geometric_mean_rank_index": 0.9194278483282914,
        "adjusted_hits_at_k": 0.07039107879096916,
        "adjusted_inverse_harmonic_mean_rank": 0.0423246820074086,
        "arithmetic_mean_rank": 1330.504009448623,
        "count": 16087.0,
        "geometric_mean_rank": 284.5646837180123,
        "harmonic_mean_rank": 23.068871404152617,
        "hits_at_1": 0.023683719773730343,
        "hits_at_10": 0.07142413128613166,
        "hits_at_3": 0.0412134021259402,
        "hits_at_5": 0.05066202523776963,
        "inverse_arithmetic_mean_rank": 0.0007515948790071006,
        "inverse_geometric_mean_rank": 0.0035141395163109704,
        "inverse_harmonic_mean_rank": 0.04334845786257192,
        "inverse_median_rank": 0.003134796238244514,
        "median_absolute_deviation": 403.26780343352374,
        "median_rank": 319.0,
        "standard_deviation": 2479.529448436721,
        "variance": 6148066.2856649095,
        "z_arithmetic_mean_rank": 154.86628419892077,
        "z_geometric_mean_rank": 116.90411974660904,
        "z_hits_at_k": 267.6912909109929,
        "z_inverse_harmonic_mean_rank": 398.018020292031
      },
      "pessimistic": {
        "adjusted_arithmetic_mean_rank": 0.26362157230049954,
        "adjusted_arithmetic_mean_rank_index": 0.7365243599312998,
        "adjusted_geometric_mean_rank_index": 0.9194277772743358,
        "adjusted_hits_at_k": 0.07039107879096916,
        "adjusted_inverse_harmonic_mean_rank": 0.04232468069023368,
        "arithmetic_mean_rank": 1330.505998632436,
        "count": 16087.0,
        "geometric_mean_rank": 284.5649337844684,
        "harmonic_mean_rank": 23.068872104367994,
        "hits_at_1": 0.023683719773730343,
        "hits_at_10": 0.07142413128613166,
        "hits_at_3": 0.0412134021259402,
        "hits_at_5": 0.05066202523776963,
        "inverse_arithmetic_mean_rank": 0.0007515937553290646,
        "inverse_geometric_mean_rank": 0.003514136428198871,
        "inverse_harmonic_mean_rank": 0.04334845654680509,
        "inverse_median_rank": 0.003134796238244514,
        "median_absolute_deviation": 403.26780343352374,
        "median_rank": 319.0,
        "standard_deviation": 2479.53237719258,
        "variance": 6148080.809546288,
        "z_arithmetic_mean_rank": 154.8662013103571,
        "z_geometric_mean_rank": 116.90411071218601,
        "z_hits_at_k": 267.6912909109929,
        "z_inverse_harmonic_mean_rank": 398.01800790542046
      },
      "realistic": {
        "adjusted_arithmetic_mean_rank": 0.26362137540259867,
        "adjusted_arithmetic_mean_rank_index": 0.736524556868221,
        "adjusted_geometric_mean_rank_index": 0.9194278184650482,
        "adjusted_hits_at_k": 0.07039107879096916,
        "adjusted_inverse_harmonic_mean_rank": 0.042324680577219866,
        "arithmetic_mean_rank": 1330.5050048828125,
        "count": 16087.0,
        "geometric_mean_rank": 284.5647888183594,
        "harmonic_mean_rank": 23.068872164446585,
        "hits_at_1": 0.023683719773730343,
        "hits_at_10": 0.07142413128613166,
        "hits_at_3": 0.0412134021259402,
        "hits_at_5": 0.05066202523776963,
        "inverse_arithmetic_mean_rank": 0.0007515943143516779,
        "inverse_geometric_mean_rank": 0.0035141382832080126,