{
  "losses": [
    0.3588362686308832,
    0.07669799655508103,
    0.04515194344973136,
    0.03011765332092722,
    0.024044868759912956,
    0.01918717921140127,
    0.015433737350320552,
    0.01361373237592672,
    0.012447142409533716,
    0.010692958173025183,
    0.009415667073130018,
    0.008866672923338354,
    0.008336566940428405,
    0.007548959420147061,
    0.007211621505238356,
    0.00638536272238321,
    0.006336587209966458,
    0.00599712487004076,
    0.005790386697571051,
    0.005006705457543046,
    0.005102401250112877,
    0.005067806917668405,
    0.004521729078821779,
    0.004249489873282643
  ],
  "metrics": {
    "both": {
      "optimistic": {
        "adjusted_arithmetic_mean_rank": 0.0498085464150854,
        "adjusted_arithmetic_mean_rank_index": 0.9502078078308694,
        "adjusted_geometric_mean_rank_index": 0.9977540496688965,
        "adjusted_hits_at_k": 0.24085720400380228,
        "adjusted_inverse_harmonic_mean_rank": 0.1429716498979336,
        "arithmetic_mean_rank": 2893.9560913497085,
        "count": 48692.0,
        "geometric_mean_rank": 97.01509602132737,
        "harmonic_mean_rank": 6.989979985730654,
        "hits_at_1": 0.08734494372792245,
        "hits_at_10": 0.24092253347572495,
        "hits_at_3": 0.15959500533968618,
        "hits_at_5": 0.19155097346586708,
        "inverse_arithmetic_mean_rank": 0.0003455477444834387,
        "inverse_geometric_mean_rank": 0.010307674176606128,
        "inverse_harmonic_mean_rank": 0.143061926077242,
        "inverse_median_rank": 0.009009009009009009,
        "median_absolute_deviation": 161.6036418171106,
        "median_rank": 111.0,
        "standard_deviation": 12169.806776777792,
        "variance": 148104196.98410666,
        "z_arithmetic_mean_rank": 363.16525439551884,
        "z_geometric_mean_rank": 220.23849401274836,
        "z_hits_at_k": 5728.9749471776595,
        "z_inverse_harmonic_mean_rank": 8387.592305762902
      },
      "pessimistic": {
        "adjusted_arithmetic_mean_rank": 0.04980855489839972,
        "adjusted_arithmetic_mean_rank_index": 0.9502077993474091,
        "adjusted_geometric_mean_rank_index": 0.9977540489199753,
        "adjusted_hits_at_k": 0.24085720400380228,
        "adjusted_inverse_harmonic_mean_rank": 0.1429716493850164,
        "arithmetic_mean_rank": 2893.9565842438183,
        "count": 48692.0,
        "geometric_mean_rank": 97.01512803794691,
        "harmonic_mean_rank": 6.989980010789056,
        "hits_at_1": 0.08734494372792245,
        "hits_at_10": 0.24092253347572495,
        "hits_at_3": 0.15959500533968618,
        "hits_at_5": 0.19155097346586708,
        "inverse_arithmetic_mean_rank": 0.0003455476856302932,
        "inverse_geometric_mean_rank": 0.010307670774900753,
        "inverse_harmonic_mean_rank": 0.14306192556437886,
        "inverse_median_rank": 0.009009009009009009,
        "median_absolute_deviation": 161.6036418171106,
        "median_rank": 111.0,
        "standard_deviation": 12169.807200991128,
        "variance": 148104207.30929554,
        "z_arithmetic_mean_rank": 363.1652511531775,
        "z_geometric_mean_rank": 220.23849384743582,
        "z_hits_at_k": 5728.9749471776595,
        "z_inverse_harmonic_mean_rank": 8387.592275672041
      },
      "realistic": {
        "adjusted_arithmetic_mean_rank": 0.04980855418800499,
        "adjusted_arithmetic_mean_rank_index": 0.950207800057816,
        "adjusted_geometric_mean_rank_index": 0.9977540492523091,
        "adjusted_hits_at_k": 0.24085720400380228,
        "adjusted_inverse_harmonic_mean_rank": 0.14297165760297656,
        "arithmetic_mean_rank": 2893.95654296875,
        "count": 48692.0,
        "geometric_mean_rank": 97.0151138305664,
        "harmonic_mean_rank": 6.989979609303317,
        "hits_at_1": 0.08734494372792245,
        "hits_at_10": 0.24092253347572495,
        "hits_at_3": 0.15959500533968618,
        "hits_at_5": 0.19155097346586708,
        "inverse_arithmetic_mean_rank": 0.0003455476835370064,
        "inverse_geometric_mean_rank": 0.010307672433555126,
        "inverse_harmonic_mean_rank": 0.14306193378147333,
        "inverse_median_rank": 0.009009009227156639,
        "median_absolute_deviation": 161.6036418171106,
        "median_rank": 111.0,
        "standard_deviation": 12169.8076171875,
        "variance": 148104208.0,
        "z_arithmetic_mean_rank": 363.1652514246919,
        "z_geometric_mean_rank": 220.2384939207933,
        "z_hits_at_k": 5728.9749471776595,
        "z_inverse_harmonic_mean_rank": 8387.592757787896
      }
    },
    "head": {
      "optimistic": {
        "adjusted_arithmetic_mean_rank": 0.04967611885882552,
        "adjusted_arithmetic_mean_rank_index": 0.9503402376756575,
        "adjusted_geometric_mean_rank_index": 0.9977437704813217,
        "adjusted_hits_at_k": 0.23861845055738518,
        "adjusted_inverse_harmonic_mean_rank": 0.14128294317561402,
        "arithmetic_mean_rank": 2886.2602070155262,
        "count": 24346.0,
        "geometric_mean_rank": 97.45546983295893,
        "harmonic_mean_rank": 7.073466573002508,
        "hits_at_1": 0.08605109668939456,
        "hits_at_10": 0.23868397272652592,
        "hits_at_3": 0.15657602891645445,
        "hits_at_5": 0.18955885977162573,
        "inverse_arithmetic_mean_rank": 0.0003464691082146152,
        "inverse_geometric_mean_rank": 0.010261096701026885,
        "inverse_harmonic_mean_rank": 0.14137339728397488,
        "inverse_median_rank": 0.009009009009009009,
        "median_absolute_deviation": 161.6036418171106,
        "median_rank": 111.0,
        "standard_deviation": 12150.814372894076,
        "variance": 147642289.92452925,
        "z_arithmetic_mean_rank": 256.83240364524755,
        "z_geometric_mean_rank": 155.73394446919954,
        "z_hits_at_k": 4013.3421221678636,
        "z_inverse_harmonic_mean_rank": 5860.868760517176
      },
      "pessimistic": {
        "adjusted_arithmetic_mean_rank": 0.04967612380742834,
        "adjusted_arithmetic_mean_rank_index": 0.9503402327269694,
        "adjusted_geometric_mean_rank_index": 0.9977437700802366,
        "adjusted_hits_at_k": 0.23861845055738518,
        "adjusted_inverse_harmonic_mean_rank": 0.1412829429457845,
        "arithmetic_mean_rank": 2886.2604945370904,
        "count": 24346.0,
        "geometric_mean_rank": 97.45548697963669,
        "harmonic_mean_rank": 7.073466584500572,
        "hits_at_1": 0.08605109668939456,
        "hits_at_10": 0.23868397272652592,
        "hits_at_3": 0.15657602891645445,
        "hits_at_5": 0.18955885977162573,
        "inverse_arithmetic_mean_rank": 0.0003464690737002877,
        "inverse_geometric_mean_rank": 0.010261094895651692,
        "inverse_harmonic_mean_rank": 0.14137339705416957,
        "inverse_median_rank": 0.009009009009009009,
        "median_absolute_deviation": 161.6036418171106,
        "median_rank": 111.0,
        "standard_deviation": 12150.814533393972,
        "variance": 147642293.82493815,
        "z_arithmetic_mean_rank": 256.83240230784924,
        "z_geometric_mean_rank": 155.73394440659575,
        "z_hits_at_k": 4013.3421221678636,
        "z_inverse_harmonic_mean_rank": 5860.8687509831125
      },
      "realistic": {
        "adjusted_arithmetic_mean_rank": 0.04967612386783609,
        "adjusted_arithmetic_mean_rank_index": 0.9503402326665606,
        "adjusted_geometric_mean_rank_index": 0.9977437712561953,
        "adjusted_hits_at_k": 0.23861845055738518,
        "adjusted_inverse_harmonic_mean_rank": 0.14128294230099311,
        "arithmetic_mean_rank": 2886.260498046875,
        "count": 24346.0,
        "geometric_mean_rank": 97.45543670654297,
        "harmonic_mean_rank": 7.07346661675862,
        "hits_at_1": 0.08605109668939456,
        "hits_at_10": 0.23868397272652592,
        "hits_at_3": 0.15657602891645445,
        "hits_at_5": 0.18955885977162573,
        "inverse_arithmetic_mean_rank": 0.0003464690817054361,