{
  "losses": [
    1.0014182294372225,
    1.0000779084915663,
    1.0000656639427454,
    0.9962719921067973,
    0.9156428242686891,
    0.8573475179155957,
    0.8525224368647647,
    0.8065360997715135,
    0.5142911481523745,
    0.32812461837074763,
    0.30276201407984804,
    0.2943328533076892,
    0.2894844180040986,
    0.2863688835842476,
    0.2838869774283574,
    0.28175262718885197,
    0.28021270214351135,
    0.27883770902371463,
    0.27722899869555684,
    0.276174224713713,
    0.2750678603739054,
    0.2740993015014922,
    0.2733006727521437,
    0.27233742815589673
  ],
  "metrics": {
    "both": {
      "optimistic": {
        "adjusted_arithmetic_mean_rank": 0.02310226277894184,
        "adjusted_arithmetic_mean_rank_index": 0.9769145511229376,
        "adjusted_geometric_mean_rank_index": 0.9999709440763874,
        "adjusted_hits_at_k": 0.9513430566349667,
        "adjusted_inverse_harmonic_mean_rank": 0.6727215159210407,
        "arithmetic_mean_rank": 1342.2783619485747,
        "count": 48692.0,
        "geometric_mean_rank": 2.2421500409069135,
        "harmonic_mean_rank": 1.4864230338161089,
        "hits_at_1": 0.45662531832744596,
        "hits_at_10": 0.9513472439004353,
        "hits_at_3": 0.8898997781976505,
        "hits_at_5": 0.9315493304855007,
        "inverse_arithmetic_mean_rank": 0.0007450019521646077,
        "inverse_geometric_mean_rank": 0.4460004824634823,
        "inverse_harmonic_mean_rank": 0.6727559902194801,
        "inverse_median_rank": 0.5,
        "median_absolute_deviation": 1.482602218505602,
        "median_rank": 2.0,
        "standard_deviation": 9786.139535191609,
        "variance": 95768527.00224024,
        "z_arithmetic_mean_rank": 373.3724544856554,
        "z_geometric_mean_rank": 220.72783854194685,
        "z_hits_at_k": 22628.430651163337,
        "z_inverse_harmonic_mean_rank": 39465.96276176868
      },
      "pessimistic": {
        "adjusted_arithmetic_mean_rank": 0.02310226313241327,
        "adjusted_arithmetic_mean_rank_index": 0.9769145507694601,
        "adjusted_geometric_mean_rank_index": 0.9999709440763231,
        "adjusted_hits_at_k": 0.9513430566349667,
        "adjusted_inverse_harmonic_mean_rank": 0.6727215159209672,
        "arithmetic_mean_rank": 1342.2783824858293,
        "count": 48692.0,
        "geometric_mean_rank": 2.2421500436593926,
        "harmonic_mean_rank": 1.4864230338162712,
        "hits_at_1": 0.45662531832744596,
        "hits_at_10": 0.9513472439004353,
        "hits_at_3": 0.8898997781976505,
        "hits_at_5": 0.9315493304855007,
        "inverse_arithmetic_mean_rank": 0.0007450019407658584,
        "inverse_geometric_mean_rank": 0.44600048191596897,
        "inverse_harmonic_mean_rank": 0.6727559902194066,
        "inverse_median_rank": 0.5,
        "median_absolute_deviation": 1.482602218505602,
        "median_rank": 2.0,
        "standard_deviation": 9786.139567483331,
        "variance": 95768527.63426283,
        "z_arithmetic_mean_rank": 373.37245435055786,
        "z_geometric_mean_rank": 220.72783854193264,
        "z_hits_at_k": 22628.430651163337,
        "z_inverse_harmonic_mean_rank": 39465.962761764364
      },
      "realistic": {
        "adjusted_arithmetic_mean_rank": 0.02310226416331408,
        "adjusted_arithmetic_mean_rank_index": 0.9769145497385415,
        "adjusted_geometric_mean_rank_index": 0.999970944075747,
        "adjusted_hits_at_k": 0.9513430566349667,
        "adjusted_inverse_harmonic_mean_rank": 0.672721541836304,
        "arithmetic_mean_rank": 1342.2784423828125,
        "count": 48692.0,
        "geometric_mean_rank": 2.242150068283081,
        "harmonic_mean_rank": 1.486422976563575,
        "hits_at_1": 0.45662531832744596,
        "hits_at_10": 0.9513472439004353,
        "hits_at_3": 0.8898997781976505,
        "hits_at_5": 0.9315493304855007,
        "inverse_arithmetic_mean_rank": 0.0007450018892996013,
        "inverse_geometric_mean_rank": 0.44600048661231995,
        "inverse_harmonic_mean_rank": 0.6727560161320135,
        "inverse_median_rank": 0.5,
        "median_absolute_deviation": 1.482602218505602,
        "median_rank": 2.0,
        "standard_deviation": 9786.1396484375,
        "variance": 95768528.0,
        "z_arithmetic_mean_rank": 373.3724539565453,
        "z_geometric_mean_rank": 220.7278385418055,
        "z_hits_at_k": 22628.430651163337,
        "z_inverse_harmonic_mean_rank": 39465.964282116685
      }
    },
    "head": {
      "optimistic": {
        "adjusted_arithmetic_mean_rank": 0.023103423209360496,
        "adjusted_arithmetic_mean_rank_index": 0.9769133906820524,
        "adjusted_geometric_mean_rank_index": 0.9999714365251917,
        "adjusted_hits_at_k": 0.9518154541410204,
        "adjusted_inverse_harmonic_mean_rank": 0.6786523356862619,
        "arithmetic_mean_rank": 1342.3450258769408,
        "count": 24346.0,
        "geometric_mean_rank": 2.2211095368991125,
        "harmonic_mean_rank": 1.4734350303587693,
        "hits_at_1": 0.46714039267230756,
        "hits_at_10": 0.951819600755771,
        "hits_at_3": 0.890700731126263,
        "hits_at_5": 0.9315698677400805,
        "inverse_arithmetic_mean_rank": 0.0007449649536613806,
        "inverse_geometric_mean_rank": 0.4502254316534512,
        "inverse_harmonic_mean_rank": 0.6786861852717783,
        "inverse_median_rank": 0.5,
        "median_absolute_deviation": 1.482602218505602,
        "median_rank": 2.0,
        "standard_deviation": 9785.414471138247,
        "variance": 95754336.37196182,
        "z_arithmetic_mean_rank": 264.0138808557228,
        "z_geometric_mean_rank": 156.08165219761224,
        "z_hits_at_k": 16008.657527158957,
        "z_inverse_harmonic_mean_rank": 28152.67139878043
      },
      "pessimistic": {
        "adjusted_arithmetic_mean_rank": 0.023103423916303756,
        "adjusted_arithmetic_mean_rank_index": 0.976913389975097,
        "adjusted_geometric_mean_rank_index": 0.9999714365250642,
        "adjusted_hits_at_k": 0.9518154541410204,
        "adjusted_inverse_harmonic_mean_rank": 0.678652335686115,
        "arithmetic_mean_rank": 1342.34506695145,
        "count": 24346.0,
        "geometric_mean_rank": 2.221109542352412,
        "harmonic_mean_rank": 1.473435030359088,
        "hits_at_1": 0.46714039267230756,
        "hits_at_10": 0.951819600755771,
        "hits_at_3": 0.890700731126263,
        "hits_at_5": 0.9315698677400805,
        "inverse_arithmetic_mean_rank": 0.0007449649308661467,
        "inverse_geometric_mean_rank": 0.45022543054805136,
        "inverse_harmonic_mean_rank": 0.6786861852716315,
        "inverse_median_rank": 0.5,
        "median_absolute_deviation": 1.482602218505602,
        "median_rank": 2.0,
        "standard_deviation": 9785.414535726195,
        "variance": 95754337.6360015,
        "z_arithmetic_mean_rank": 264.0138806646659,
        "z_geometric_mean_rank": 156.08165219759235,
        "z_hits_at_k": 16008.657527158957,
        "z_inverse_harmonic_mean_rank": 28152.67139877434
      },
      "realistic": {
        "adjusted_arithmetic_mean_rank": 0.023103422259750674,
        "adjusted_arithmetic_mean_rank_index": 0.9769133916316786,
        "adjusted_geometric_mean_rank_index": 0.9999714365230449,
        "adjusted_hits_at_k": 0.9518154541410204,
        "adjusted_inverse_harmonic_mean_rank": 0.6786522988025314,
        "arithmetic_mean_rank": 1342.344970703125,
        "count": 24346.0,
        "geometric_mean_rank": 2.221109628677368,
        "harmonic_mean_rank": 1.4734351104253158,
        "hits_at_1": 0.46714039267230756,
        "hits_at_10": 0.951819600755771,
        "hits_at_3": 0.890700731126263,
        "hits_at_5": 0.9315698677400805,
        "inverse_arithmetic_mean_rank": 0.0007449649856425822,
        "inverse_geometric_mean_rank": 0.4502254128456116,
        "inverse_harmonic_mean_rank": 0.678686148391933,
        "inverse_median_rank": 0.5,
        "median_absolute_deviation": 1.482602218505602,