{
  "losses": [
    0.35878913711509325,
    0.07676032031033181,
    0.04501881896604898,
    0.02995774330873421,
    0.02389452652339679,
    0.01893178808952926,
    0.015740820739533905,
    0.01338336448473102,
    0.012301585499290207,
    0.010805375201058502,
    0.00952944738112449,
    0.008854317010765214,
    0.008139633428621685,
    0.00751228984677739,
    0.00705176255069401,
    0.006485058545977857,
    0.006122399524548071,
    0.006140939599981195,
    0.005851694720281981,
    0.004949139596920458
  ],
  "metrics": {
    "both": {
      "optimistic": {
        "adjusted_arithmetic_mean_rank": 0.05316488135796933,
        "adjusted_arithmetic_mean_rank_index": 0.9468514151203357,
        "adjusted_geometric_mean_rank_index": 0.9972902437548143,
        "adjusted_hits_at_k": 0.22136567202684304,
        "adjusted_inverse_harmonic_mean_rank": 0.12830290961244087,
        "arithmetic_mean_rank": 3088.9645116240863,
        "count": 48692.0,
        "geometric_mean_rank": 116.84294740304802,
        "harmonic_mean_rank": 7.788481604041722,
        "hits_at_1": 0.07670664585558203,
        "hits_at_10": 0.2214326788794874,
        "hits_at_3": 0.1418713546373121,
        "hits_at_5": 0.1741764560913497,
        "inverse_arithmetic_mean_rank": 0.00032373308150252254,
        "inverse_geometric_mean_rank": 0.008558496873161842,
        "inverse_harmonic_mean_rank": 0.12839473094230128,
        "inverse_median_rank": 0.007352941176470588,
        "median_absolute_deviation": 198.66869727975066,
        "median_rank": 136.0,
        "standard_deviation": 12387.839916577417,
        "variance": 153458577.7987488,
        "z_arithmetic_mean_rank": 361.8824558302715,
        "z_geometric_mean_rank": 220.13611616114704,
        "z_hits_at_k": 5265.353778610291,
        "z_inverse_harmonic_mean_rank": 7527.034193426176
      },
      "pessimistic": {
        "adjusted_arithmetic_mean_rank": 0.0531648880739265,
        "adjusted_arithmetic_mean_rank_index": 0.9468514084042629,
        "adjusted_geometric_mean_rank_index": 0.9972902420419751,
        "adjusted_hits_at_k": 0.22136567202684304,
        "adjusted_inverse_harmonic_mean_rank": 0.12830290656098894,
        "arithmetic_mean_rank": 3088.9649018319233,
        "count": 48692.0,
        "geometric_mean_rank": 116.84302062747535,
        "harmonic_mean_rank": 7.7884817891246625,
        "hits_at_1": 0.07670664585558203,
        "hits_at_10": 0.2214326788794874,
        "hits_at_3": 0.1418713546373121,
        "hits_at_5": 0.1741764560913497,
        "inverse_arithmetic_mean_rank": 0.0003237330406075336,
        "inverse_geometric_mean_rank": 0.008558491509631961,
        "inverse_harmonic_mean_rank": 0.1283947278911708,
        "inverse_median_rank": 0.007352941176470588,
        "median_absolute_deviation": 198.66869727975066,
        "median_rank": 136.0,
        "standard_deviation": 12387.84017627918,
        "variance": 153458584.23303658,
        "z_arithmetic_mean_rank": 361.8824532634179,
        "z_geometric_mean_rank": 220.13611578306472,
        "z_hits_at_k": 5265.353778610291,
        "z_inverse_harmonic_mean_rank": 7527.034014409325
      },
      "realistic": {
        "adjusted_arithmetic_mean_rank": 0.05316488707426511,
        "adjusted_arithmetic_mean_rank_index": 0.9468514094039415,
        "adjusted_geometric_mean_rank_index": 0.9972902431840887,
        "adjusted_hits_at_k": 0.22136567202684304,
        "adjusted_inverse_harmonic_mean_rank": 0.12830290261661167,
        "arithmetic_mean_rank": 3088.96484375,
        "count": 48692.0,
        "geometric_mean_rank": 116.84297180175781,
        "harmonic_mean_rank": 7.788482028367161,
        "hits_at_1": 0.07670664585558203,
        "hits_at_10": 0.2214326788794874,
        "hits_at_3": 0.1418713546373121,
        "hits_at_5": 0.1741764560913497,
        "inverse_arithmetic_mean_rank": 0.0003237330529373139,
        "inverse_geometric_mean_rank": 0.008558494970202446,
        "inverse_harmonic_mean_rank": 0.128394723947209,
        "inverse_median_rank": 0.007352941203862429,
        "median_absolute_deviation": 198.66869727975066,
        "median_rank": 136.0,
        "standard_deviation": 12387.83984375,
        "variance": 153458576.0,
        "z_arithmetic_mean_rank": 361.8824536454907,
        "z_geometric_mean_rank": 220.1361160351683,
        "z_hits_at_k": 5265.353778610291,
        "z_inverse_harmonic_mean_rank": 7527.033783008004
      }
    },
    "head": {
      "optimistic": {
        "adjusted_arithmetic_mean_rank": 0.053331937365469095,
        "adjusted_arithmetic_mean_rank_index": 0.9466843562467591,
        "adjusted_geometric_mean_rank_index": 0.9972289496424668,
        "adjusted_hits_at_k": 0.21627199450684392,
        "adjusted_inverse_harmonic_mean_rank": 0.12485549644086011,
        "arithmetic_mean_rank": 3098.668980530683,
        "count": 24346.0,
        "geometric_mean_rank": 119.46443899166312,
        "harmonic_mean_rank": 8.003349820874208,
        "hits_at_1": 0.07446808510638298,
        "hits_at_10": 0.21633943974369507,
        "hits_at_3": 0.13702456255647746,
        "hits_at_5": 0.16877515813686025,
        "inverse_arithmetic_mean_rank": 0.0003227192082417072,
        "inverse_geometric_mean_rank": 0.008370691801179308,
        "inverse_harmonic_mean_rank": 0.12494768095626861,
        "inverse_median_rank": 0.007194244604316547,
        "median_absolute_deviation": 203.11650393526747,
        "median_rank": 139.0,
        "standard_deviation": 12421.47668136407,
        "variance": 154293082.94567135,
        "z_arithmetic_mean_rank": 255.84439032370022,
        "z_geometric_mean_rank": 155.65358808682782,
        "z_hits_at_k": 3637.4953544962154,
        "z_inverse_harmonic_mean_rank": 5179.405682110716
      },
      "pessimistic": {
        "adjusted_arithmetic_mean_rank": 0.05333194584878821,
        "adjusted_arithmetic_mean_rank_index": 0.9466843477632939,
        "adjusted_geometric_mean_rank_index": 0.997228947567199,
        "adjusted_hits_at_k": 0.21627199450684392,
        "adjusted_inverse_harmonic_mean_rank": 0.12485549172712887,
        "arithmetic_mean_rank": 3098.6694734247926,
        "count": 24346.0,
        "geometric_mean_rank": 119.46452771088366,
        "harmonic_mean_rank": 8.00335012277391,
        "hits_at_1": 0.07446808510638298,
        "hits_at_10": 0.21633943974369507,
        "hits_at_3": 0.13702456255647746,
        "hits_at_5": 0.16877515813686025,
        "inverse_arithmetic_mean_rank": 0.0003227191569079337,
        "inverse_geometric_mean_rank": 0.008370685584762885,
        "inverse_harmonic_mean_rank": 0.12494767624303389,
        "inverse_median_rank": 0.007194244604316547,
        "median_absolute_deviation": 203.11650393526747,
        "median_rank": 139.0,
        "standard_deviation": 12421.4770387127,
        "variance": 154293091.8232668,
        "z_arithmetic_mean_rank": 255.84438803101742,
        "z_geometric_mean_rank": 155.65358776290734,
        "z_hits_at_k": 3637.4953544962154,
        "z_inverse_harmonic_mean_rank": 5179.405486570055
      },
      "realistic": {
        "adjusted_arithmetic_mean_rank": 0.05333194096128351,
        "adjusted_arithmetic_mean_rank_index": 0.9466843526508827,
        "adjusted_geometric_mean_rank_index": 0.997228948919251,
        "adjusted_hits_at_k": 0.21627199450684392,
        "adjusted_inverse_harmonic_mean_rank": 0.12485548960770108,
        "arithmetic_mean_rank": 3098.669189453125,
        "count": 24346.0,
        "geometric_mean_rank": 119.46446990966797,
        "harmonic_mean_rank": 8.003350258516619,
        "hits_at_1": 0.07446808510638298,
        "hits_at_10": 0.21633943974369507,
        "hits_at_3": 0.13702456255647746,
        "hits_at_5": 0.16877515813686025,
        "inverse_arithmetic_mean_rank": 0.00032271919189952314,
        "inverse_geometric_mean_rank": 0.008370690047740936,
        "inverse_harmonic_mean_rank": 0.12494767412382936,