{
  "losses": [
    1.0282717175292273,
    0.5106912865473406,
    0.20447498493784824,
    0.0969450997002876,
    0.055323216243853245,
    0.03522381972784398,
    0.025746403667631666,
    0.019595063024103063,
    0.01573710917175686,
    0.012633760105093393,
    0.010669425800694788,
    0.009278165588921293,
    0.008262643334512439,
    0.007138544596718067,
    0.006522834304393861,
    0.005923736849267244,
    0.005274755950765616,
    0.004906775059638468,
    0.004438266051177461,
    0.004413967914884987
  ],
  "metrics": {
    "both": {
      "optimistic": {
        "adjusted_arithmetic_mean_rank": 0.053619412037168,
        "adjusted_arithmetic_mean_rank_index": 0.9463968766179699,
        "adjusted_geometric_mean_rank_index": 0.9992699186306196,
        "adjusted_hits_at_k": 0.461240911182699,
        "adjusted_inverse_harmonic_mean_rank": 0.16687745005617186,
        "arithmetic_mean_rank": 3115.3734699745337,
        "count": 48692.0,
        "geometric_mean_rank": 32.211212382423646,
        "harmonic_mean_rank": 5.98927172585912,
        "hits_at_1": 0.0,
        "hits_at_10": 0.46128727511706236,
        "hits_at_3": 0.27131767025384046,
        "hits_at_5": 0.35880637476382155,
        "inverse_arithmetic_mean_rank": 0.00032098880267096016,
        "inverse_geometric_mean_rank": 0.03104509039050202,
        "inverse_harmonic_mean_rank": 0.16696520808739176,
        "inverse_median_rank": 0.07142857142857142,
        "median_absolute_deviation": 17.791226622067224,
        "median_rank": 14.0,
        "standard_deviation": 13039.187726334267,
        "variance": 170020416.5625862,
        "z_arithmetic_mean_rank": 361.7087332092997,
        "z_geometric_mean_rank": 220.57309821441646,
        "z_hits_at_k": 10970.971932138526,
        "z_inverse_harmonic_mean_rank": 9790.052902765798
      },
      "pessimistic": {
        "adjusted_arithmetic_mean_rank": 0.053619485559225445,
        "adjusted_arithmetic_mean_rank_index": 0.946396803094647,
        "adjusted_geometric_mean_rank_index": 0.9992699166076557,
        "adjusted_hits_at_k": 0.461240911182699,
        "adjusted_inverse_harmonic_mean_rank": 0.16687728533760227,
        "arithmetic_mean_rank": 3115.3777417234865,
        "count": 48692.0,
        "geometric_mean_rank": 32.211298864775245,
        "harmonic_mean_rank": 5.989277633924261,
        "hits_at_1": 0.0,
        "hits_at_10": 0.46128727511706236,
        "hits_at_3": 0.27131767025384046,
        "hits_at_5": 0.35880637476382155,
        "inverse_arithmetic_mean_rank": 0.00032098836253698754,
        "inverse_geometric_mean_rank": 0.031045007039239663,
        "inverse_harmonic_mean_rank": 0.16696504338617302,
        "inverse_median_rank": 0.07142857142857142,
        "median_absolute_deviation": 17.791226622067224,
        "median_rank": 14.0,
        "standard_deviation": 13039.199566741536,
        "variance": 170020725.34131268,
        "z_arithmetic_mean_rank": 361.70870510900835,
        "z_geometric_mean_rank": 220.57309776787906,
        "z_hits_at_k": 10970.971932138526,
        "z_inverse_harmonic_mean_rank": 9790.043239366041
      },
      "realistic": {
        "adjusted_arithmetic_mean_rank": 0.05361945097667152,
        "adjusted_arithmetic_mean_rank_index": 0.9463968376777961,
        "adjusted_geometric_mean_rank_index": 0.9992699175650803,
        "adjusted_hits_at_k": 0.461240911182699,
        "adjusted_inverse_harmonic_mean_rank": 0.16687735397654735,
        "arithmetic_mean_rank": 3115.375732421875,
        "count": 48692.0,
        "geometric_mean_rank": 32.21125793457031,
        "harmonic_mean_rank": 5.989275172006378,
        "hits_at_1": 0.0,
        "hits_at_10": 0.46128727511706236,
        "hits_at_3": 0.27131767025384046,
        "hits_at_5": 0.35880637476382155,
        "inverse_arithmetic_mean_rank": 0.0003209885617252439,
        "inverse_geometric_mean_rank": 0.03104504570364952,
        "inverse_harmonic_mean_rank": 0.16696511201788794,
        "inverse_median_rank": 0.0714285746216774,
        "median_absolute_deviation": 17.791226622067224,
        "median_rank": 14.0,
        "standard_deviation": 13039.193359375,
        "variance": 170020576.0,
        "z_arithmetic_mean_rank": 361.7087183265362,
        "z_geometric_mean_rank": 220.57309797921545,
        "z_hits_at_k": 10970.971932138526,
        "z_inverse_harmonic_mean_rank": 9790.047266146792
      }
    },
    "head": {
      "optimistic": {
        "adjusted_arithmetic_mean_rank": 0.05358580634557233,
        "adjusted_arithmetic_mean_rank_index": 0.9464304828971805,
        "adjusted_geometric_mean_rank_index": 0.999266307743017,
        "adjusted_hits_at_k": 0.4607685136480602,
        "adjusted_inverse_harmonic_mean_rank": 0.16677823579626172,
        "arithmetic_mean_rank": 3113.419165365974,
        "count": 24346.0,
        "geometric_mean_rank": 32.36588311350382,
        "harmonic_mean_rank": 5.992832416954348,
        "hits_at_1": 0.0,
        "hits_at_10": 0.46081491826172677,
        "hits_at_3": 0.2711328349626222,
        "hits_at_5": 0.3589090610367206,
        "inverse_arithmetic_mean_rank": 0.0003211902885175606,
        "inverse_geometric_mean_rank": 0.030896731490165214,
        "inverse_harmonic_mean_rank": 0.16686600432391463,
        "inverse_median_rank": 0.07142857142857142,
        "median_absolute_deviation": 17.791226622067224,
        "median_rank": 14.0,
        "standard_deviation": 13005.15188016523,
        "variance": 169133975.4261652,
        "z_arithmetic_mean_rank": 255.77578026173632,
        "z_geometric_mean_rank": 155.97159138855918,
        "z_hits_at_k": 7749.701165491894,
        "z_inverse_harmonic_mean_rank": 6918.495114427884
      },
      "pessimistic": {
        "adjusted_arithmetic_mean_rank": 0.05358587916072807,
        "adjusted_arithmetic_mean_rank_index": 0.9464304100807714,
        "adjusted_geometric_mean_rank_index": 0.9992663073291547,
        "adjusted_hits_at_k": 0.4607685136480602,
        "adjusted_inverse_harmonic_mean_rank": 0.1667782346525537,
        "arithmetic_mean_rank": 3113.423396040417,
        "count": 24346.0,
        "geometric_mean_rank": 32.365900806419475,
        "harmonic_mean_rank": 5.992832458025197,
        "hits_at_1": 0.0,
        "hits_at_10": 0.46081491826172677,
        "hits_at_3": 0.2711328349626222,
        "hits_at_5": 0.3589090610367206,
        "inverse_arithmetic_mean_rank": 0.0003211898520682339,
        "inverse_geometric_mean_rank": 0.03089671460037532,
        "inverse_harmonic_mean_rank": 0.1668660031803271,
        "inverse_median_rank": 0.07142857142857142,
        "median_absolute_deviation": 17.791226622067224,
        "median_rank": 14.0,
        "standard_deviation": 13005.163689359002,
        "variance": 169134282.58702186,
        "z_arithmetic_mean_rank": 255.77576058287542,
        "z_geometric_mean_rank": 155.971591323961,
        "z_hits_at_k": 7749.701165491894,
        "z_inverse_harmonic_mean_rank": 6918.495066983214
      },
      "realistic": {
        "adjusted_arithmetic_mean_rank": 0.05358584457780941,
        "adjusted_arithmetic_mean_rank_index": 0.9464304446642854,
        "adjusted_geometric_mean_rank_index": 0.9992663074809367,
        "adjusted_hits_at_k": 0.4607685136480602,
        "adjusted_inverse_harmonic_mean_rank": 0.16677823719789622,
        "arithmetic_mean_rank": 3113.42138671875,
        "count": 24346.0,
        "geometric_mean_rank": 32.36589431762695,
        "harmonic_mean_rank": 5.992832366621292,
        "hits_at_1": 0.0,
        "hits_at_10": 0.46081491826172677,
        "hits_at_3": 0.2711328349626222,
        "hits_at_5": 0.3589090610367206,
        "inverse_arithmetic_mean_rank": 0.0003211900475434959,
        "inverse_geometric_mean_rank": 0.03089672140777111,
        "inverse_harmonic_mean_rank": 0.1668660057254015,
        "inverse_median_rank": 0.0714285746216774,
        "median_absolute_deviation": 17.791226622067224,
        "median_rank": 14.0,