{
  "losses": [
    0.5240048300168787,
    0.08084084830466234,
    0.0508800056657844,
    0.038096153035468566,
    0.03240473328069832,
    0.02475315476532479,
    0.020534629152710218,
    0.018619347864232517,
    0.014819890287338018,
    0.013398090559123079,
    0.010873130813742094,
    0.009701752737453587,
    0.0090213194913194,
    0.00784329587834016,
    0.007324849274513956,
    0.006755053574458554
  ],
  "metrics": {
    "both": {
      "optimistic": {
        "adjusted_arithmetic_mean_rank": 0.05550511531013652,
        "adjusted_arithmetic_mean_rank_index": 0.9445111408891684,
        "adjusted_geometric_mean_rank_index": 0.9975330476346113,
        "adjusted_hits_at_k": 0.25474158294629384,
        "adjusted_inverse_harmonic_mean_rank": 0.15636615630270762,
        "arithmetic_mean_rank": 3224.935841616693,
        "count": 48692.0,
        "geometric_mean_rank": 106.46300377286437,
        "harmonic_mean_rank": 6.391613321605748,
        "hits_at_1": 0.09730551219912922,
        "hits_at_10": 0.25480571757167503,
        "hits_at_3": 0.1818163147950382,
        "hits_at_5": 0.21266327117390948,
        "inverse_arithmetic_mean_rank": 0.0003100836882071706,
        "inverse_geometric_mean_rank": 0.009392934301698552,
        "inverse_harmonic_mean_rank": 0.15645502155452243,
        "inverse_median_rank": 0.007352941176470588,
        "median_absolute_deviation": 200.15129949825626,
        "median_rank": 136.0,
        "standard_deviation": 12558.125008110446,
        "variance": 157706503.719329,
        "z_arithmetic_mean_rank": 360.9880132888475,
        "z_geometric_mean_rank": 220.18971129398028,
        "z_hits_at_k": 6059.225642595511,
        "z_inverse_harmonic_mean_rank": 9173.39605734847
      },
      "pessimistic": {
        "adjusted_arithmetic_mean_rank": 0.055505121672622254,
        "adjusted_arithmetic_mean_rank_index": 0.9445111345265731,
        "adjusted_geometric_mean_rank_index": 0.9975330463991312,
        "adjusted_hits_at_k": 0.25474158294629384,
        "adjusted_inverse_harmonic_mean_rank": 0.15636615481708907,
        "arithmetic_mean_rank": 3224.936211287275,
        "count": 48692.0,
        "geometric_mean_rank": 106.46305659003112,
        "harmonic_mean_rank": 6.391613382290915,
        "hits_at_1": 0.09730551219912922,
        "hits_at_10": 0.25480571757167503,
        "hits_at_3": 0.1818163147950382,
        "hits_at_5": 0.21266327117390948,
        "inverse_arithmetic_mean_rank": 0.0003100836526626482,
        "inverse_geometric_mean_rank": 0.009392929641789347,
        "inverse_harmonic_mean_rank": 0.15645502006906037,
        "inverse_median_rank": 0.007352941176470588,
        "median_absolute_deviation": 200.15129949825626,
        "median_rank": 136.0,
        "standard_deviation": 12558.125189969396,
        "variance": 157706508.28694388,
        "z_arithmetic_mean_rank": 360.9880108570915,
        "z_geometric_mean_rank": 220.18971102126753,
        "z_hits_at_k": 6059.225642595511,
        "z_inverse_harmonic_mean_rank": 9173.39597019299
      },
      "realistic": {
        "adjusted_arithmetic_mean_rank": 0.05550512284315118,
        "adjusted_arithmetic_mean_rank_index": 0.9445111333560241,
        "adjusted_geometric_mean_rank_index": 0.9975330474259005,
        "adjusted_hits_at_k": 0.25474158294629384,
        "adjusted_inverse_harmonic_mean_rank": 0.15636614628650003,
        "arithmetic_mean_rank": 3224.936279296875,
        "count": 48692.0,
        "geometric_mean_rank": 106.4630126953125,
        "harmonic_mean_rank": 6.391613730752004,
        "hits_at_1": 0.09730551219912922,
        "hits_at_10": 0.25480571757167503,
        "hits_at_3": 0.1818163147950382,
        "hits_at_5": 0.21266327117390948,
        "inverse_arithmetic_mean_rank": 0.0003100836474914104,
        "inverse_geometric_mean_rank": 0.009392933920025826,
        "inverse_harmonic_mean_rank": 0.15645501153936991,
        "inverse_median_rank": 0.007352941203862429,
        "median_absolute_deviation": 200.15129949825626,
        "median_rank": 136.0,
        "standard_deviation": 12558.125,
        "variance": 157706496.0,
        "z_arithmetic_mean_rank": 360.9880104097128,
        "z_geometric_mean_rank": 220.18971124791068,
        "z_hits_at_k": 6059.225642595511,
        "z_inverse_harmonic_mean_rank": 9173.39546973641
      }
    },
    "head": {
      "optimistic": {
        "adjusted_arithmetic_mean_rank": 0.05523897901950831,
        "adjusted_arithmetic_mean_rank_index": 0.9447772817696022,
        "adjusted_geometric_mean_rank_index": 0.9975974937748178,
        "adjusted_hits_at_k": 0.2569803363195028,
        "adjusted_inverse_harmonic_mean_rank": 0.1584863711820869,
        "arithmetic_mean_rank": 3209.4710835455517,
        "count": 24346.0,
        "geometric_mean_rank": 103.70890652219963,
        "harmonic_mean_rank": 6.306163752857708,
        "hits_at_1": 0.09944138667542923,
        "hits_at_10": 0.25704427832087406,
        "hits_at_3": 0.18372627947096032,
        "hits_at_5": 0.21543580054218353,
        "inverse_arithmetic_mean_rank": 0.00031157781888948655,
        "inverse_geometric_mean_rank": 0.009642373384642166,
        "inverse_harmonic_mean_rank": 0.15857501314437622,
        "inverse_median_rank": 0.007575757575757576,
        "median_absolute_deviation": 194.22089062423385,
        "median_rank": 132.0,
        "standard_deviation": 12564.699623790684,
        "variance": 157871676.63608575,
        "z_arithmetic_mean_rank": 255.32899751754414,
        "z_geometric_mean_rank": 155.71111270701593,
        "z_hits_at_k": 4322.172094868648,
        "z_inverse_harmonic_mean_rank": 6574.52202616026
      },
      "pessimistic": {
        "adjusted_arithmetic_mean_rank": 0.05523898184728135,
        "adjusted_arithmetic_mean_rank_index": 0.9447772789417804,
        "adjusted_geometric_mean_rank_index": 0.9975974934238822,
        "adjusted_hits_at_k": 0.2569803363195028,
        "adjusted_inverse_harmonic_mean_rank": 0.15848637097501306,
        "arithmetic_mean_rank": 3209.471247843588,
        "count": 24346.0,
        "geometric_mean_rank": 103.70892152495529,
        "harmonic_mean_rank": 6.306163761091691,
        "hits_at_1": 0.09944138667542923,
        "hits_at_10": 0.25704427832087406,
        "hits_at_3": 0.18372627947096032,
        "hits_at_5": 0.21543580054218353,
        "inverse_arithmetic_mean_rank": 0.00031157780293931286,
        "inverse_geometric_mean_rank": 0.009642371989755693,
        "inverse_harmonic_mean_rank": 0.1585750129373242,
        "inverse_median_rank": 0.007575757575757576,
        "median_absolute_deviation": 194.22089062423385,
        "median_rank": 132.0,
        "standard_deviation": 12564.699635379806,
        "variance": 157871676.92731345,
        "z_arithmetic_mean_rank": 255.32899675331652,
        "z_geometric_mean_rank": 155.71111265223976,
        "z_hits_at_k": 4322.172094868648,
        "z_inverse_harmonic_mean_rank": 6574.522017570174
      },
      "realistic": {
        "adjusted_arithmetic_mean_rank": 0.05523898087592474,
        "adjusted_arithmetic_mean_rank_index": 0.9447772799131537,
        "adjusted_geometric_mean_rank_index": 0.9975974932029671,
        "adjusted_hits_at_k": 0.2569803363195028,
        "adjusted_inverse_harmonic_mean_rank": 0.15848635976933934,
        "arithmetic_mean_rank": 3209.47119140625,
        "count": 24346.0,
        "geometric_mean_rank": 103.70893096923828,
        "harmonic_mean_rank": 6.306164206668669,
        "hits_at_1": 0.09944138667542923,
        "hits_at_10": 0.25704427832087406,
        "hits_at_3": 0.18372627947096032,
        "hits_at_5": 0.21543580054218353,
        "inverse_arithmetic_mean_rank": 0.0003115778090432286,
        "inverse_geometric_mean_rank": 0.009642370976507664,
        "inverse_harmonic_mean_rank": 0.15857500173283084,
        "inverse_median_rank": 0.007575757801532745,
        "median_absolute_deviation": 194.22089062423385,