{
  "losses": [
    0.9642597775534701,
    0.7357415391580902,
    0.47803933450775427,
    0.2811899884556332,
    0.16923701830226429,
    0.10791044617003769,
    0.07295559844287643,
    0.051697179632048396,
    0.037951071862212936,
    0.028789131802454626,
    0.022460454467620582,
    0.017455965705406275,
    0.01402595515449026,
    0.011318675599824591,
    0.009372302788477437,
    0.007735292839085787,
    0.006394546360588675,
    0.005528603947535611,
    0.004604768631141406,
    0.004047750437024917,
    0.003425228264162412,
    0.0031415476414733035,
    0.002827662197644131,
    0.0024930944608483655
  ],
  "metrics": {
    "both": {
      "optimistic": {
        "adjusted_arithmetic_mean_rank": 0.04269107468519177,
        "adjusted_arithmetic_mean_rank_index": 0.9573254020633206,
        "adjusted_geometric_mean_rank_index": 0.9999559635679486,
        "adjusted_hits_at_k": 0.8892741318358404,
        "adjusted_inverse_harmonic_mean_rank": 0.7752464388550474,
        "arithmetic_mean_rank": 2480.4196171855747,
        "count": 48692.0,
        "geometric_mean_rank": 2.8825715748520553,
        "harmonic_mean_rank": 1.2898730165269272,
        "hits_at_1": 0.688675757824694,
        "hits_at_10": 0.8892836605602563,
        "hits_at_3": 0.8610654727676005,
        "hits_at_5": 0.8784399901421178,
        "inverse_arithmetic_mean_rank": 0.00040315759199431627,
        "inverse_geometric_mean_rank": 0.34691246133283743,
        "inverse_harmonic_mean_rank": 0.7752701135593716,
        "inverse_median_rank": 1.0,
        "median_absolute_deviation": 0.0,
        "median_rank": 1.0,
        "standard_deviation": 12386.874603378921,
        "variance": 153434662.4398337,
        "z_arithmetic_mean_rank": 365.88556767731865,
        "z_geometric_mean_rank": 220.72453183061933,
        "z_hits_at_k": 21152.07325241667,
        "z_inverse_harmonic_mean_rank": 45480.7024347326
      },
      "pessimistic": {
        "adjusted_arithmetic_mean_rank": 0.04269112346424911,
        "adjusted_arithmetic_mean_rank_index": 0.9573253532834237,
        "adjusted_geometric_mean_rank_index": 0.9999559635615973,
        "adjusted_hits_at_k": 0.8892741318358404,
        "adjusted_inverse_harmonic_mean_rank": 0.7752464388483647,
        "arithmetic_mean_rank": 2480.422451326707,
        "count": 48692.0,
        "geometric_mean_rank": 2.8825718463679264,
        "harmonic_mean_rank": 1.2898730165380445,
        "hits_at_1": 0.688675757824694,
        "hits_at_10": 0.8892836605602563,
        "hits_at_3": 0.8610654727676005,
        "hits_at_5": 0.8784399901421178,
        "inverse_arithmetic_mean_rank": 0.00040315713134475486,
        "inverse_geometric_mean_rank": 0.346912428656379,
        "inverse_harmonic_mean_rank": 0.7752701135526896,
        "inverse_median_rank": 1.0,
        "median_absolute_deviation": 0.0,
        "median_rank": 1.0,
        "standard_deviation": 12386.8852720794,
        "variance": 153434926.74365756,
        "z_arithmetic_mean_rank": 365.88554903385614,
        "z_geometric_mean_rank": 220.7245318292174,
        "z_hits_at_k": 21152.07325241667,
        "z_inverse_harmonic_mean_rank": 45480.70243434055
      },
      "realistic": {
        "adjusted_arithmetic_mean_rank": 0.04269109673711446,
        "adjusted_arithmetic_mean_rank_index": 0.9573253800110184,
        "adjusted_geometric_mean_rank_index": 0.9999559635650859,
        "adjusted_hits_at_k": 0.8892741318358404,
        "adjusted_inverse_harmonic_mean_rank": 0.7752464543739556,
        "arithmetic_mean_rank": 2480.4208984375,
        "count": 48692.0,
        "geometric_mean_rank": 2.8825716972351074,
        "harmonic_mean_rank": 1.2898729907097164,
        "hits_at_1": 0.688675757824694,
        "hits_at_10": 0.8892836605602563,
        "hits_at_3": 0.8610654727676005,
        "hits_at_5": 0.8784399901421178,
        "inverse_arithmetic_mean_rank": 0.00040315737714990973,
        "inverse_geometric_mean_rank": 0.3469124436378479,
        "inverse_harmonic_mean_rank": 0.775270129076645,
        "inverse_median_rank": 1.0,
        "median_absolute_deviation": 0.0,
        "median_rank": 1.0,
        "standard_deviation": 12386.8798828125,
        "variance": 153434784.0,
        "z_arithmetic_mean_rank": 365.8855592490255,
        "z_geometric_mean_rank": 220.72453182998743,
        "z_hits_at_k": 21152.07325241667,
        "z_inverse_harmonic_mean_rank": 45480.70334516677
      }
    },
    "head": {
      "optimistic": {
        "adjusted_arithmetic_mean_rank": 0.043309394224484654,
        "adjusted_arithmetic_mean_rank_index": 0.9567070718911139,
        "adjusted_geometric_mean_rank_index": 0.9999567221747829,
        "adjusted_hits_at_k": 0.890075153692558,
        "adjusted_inverse_harmonic_mean_rank": 0.7826645345842873,
        "arithmetic_mean_rank": 2516.343547194611,
        "count": 24346.0,
        "geometric_mean_rank": 2.850158829187298,
        "harmonic_mean_rank": 1.2776492432944149,
        "hits_at_1": 0.7021687340836277,
        "hits_at_10": 0.8900846134888688,
        "hits_at_3": 0.8630575864618418,
        "hits_at_5": 0.8795284646348476,
        "inverse_arithmetic_mean_rank": 0.0003974020165548807,
        "inverse_geometric_mean_rank": 0.3508576398477915,
        "inverse_harmonic_mean_rank": 0.7826874279058804,
        "inverse_median_rank": 1.0,
        "median_absolute_deviation": 0.0,
        "median_rank": 1.0,
        "standard_deviation": 12507.098482532267,
        "variance": 156427512.45176092,
        "z_arithmetic_mean_rank": 258.5530603851599,
        "z_geometric_mean_rank": 156.07935549188753,
        "z_hits_at_k": 14970.242652507326,
        "z_inverse_harmonic_mean_rank": 32467.430374861528
      },
      "pessimistic": {
        "adjusted_arithmetic_mean_rank": 0.043309441589683056,
        "adjusted_arithmetic_mean_rank_index": 0.9567070245251003,
        "adjusted_geometric_mean_rank_index": 0.9999567221679132,
        "adjusted_hits_at_k": 0.890075153692558,
        "adjusted_inverse_harmonic_mean_rank": 0.7826645345761957,
        "arithmetic_mean_rank": 2516.3462991867245,
        "count": 24346.0,
        "geometric_mean_rank": 2.8501591228723937,
        "harmonic_mean_rank": 1.277649243307622,
        "hits_at_1": 0.7021687340836277,
        "hits_at_10": 0.8900846134888688,
        "hits_at_3": 0.8630575864618418,
        "hits_at_5": 0.8795284646348476,
        "inverse_arithmetic_mean_rank": 0.0003974015819377472,
        "inverse_geometric_mean_rank": 0.3508576036948417,
        "inverse_harmonic_mean_rank": 0.7826874278977897,
        "inverse_median_rank": 1.0,
        "median_absolute_deviation": 0.0,
        "median_rank": 1.0,
        "standard_deviation": 12507.108051422707,
        "variance": 156427751.8099627,
        "z_arithmetic_mean_rank": 258.55304758434744,
        "z_geometric_mean_rank": 156.07935549081526,
        "z_hits_at_k": 14970.242652507326,
        "z_inverse_harmonic_mean_rank": 32467.430374525862
      },
      "realistic": {
        "adjusted_arithmetic_mean_rank": 0.043309414522869155,
        "adjusted_arithmetic_mean_rank_index": 0.95670705159238,
        "adjusted_geometric_mean_rank_index": 0.9999567221724289,
        "adjusted_hits_at_k": 0.890075153692558,
        "adjusted_inverse_harmonic_mean_rank": 0.7826645540537428,
        "arithmetic_mean_rank": 2516.3447265625,
        "count": 24346.0,
        "geometric_mean_rank": 2.850158929824829,
        "harmonic_mean_rank": 1.2776492115160658,
        "hits_at_1": 0.7021687340836277,
        "hits_at_10": 0.8900846134888688,
        "hits_at_3": 0.8630575864618418,
        "hits_at_5": 0.8795284646348476,
        "inverse_arithmetic_mean_rank": 0.00039740183274261653,
        "inverse_geometric_mean_rank": 0.35085761547088623,
        "inverse_harmonic_mean_rank": 0.7826874473732851,
        "inverse_median_rank": 1.0,
        "median_absolute_deviation": 0.0,
        "median_rank": 1.0,