{
  "losses": [
    0.7953158541481093,
    0.6521580725613207,
    0.5895332073221112,
    0.5346731887005344,
    0.4781528889542759,
    0.413209597899182,
    0.35943125250315905,
    0.32071884256778377,
    0.2875118209878997,
    0.2633929557434403,
    0.2441839585209837,
    0.2270059616848974,
    0.21476634377890294,
    0.19988901476458748,
    0.1884175996526633,
    0.1803201240773248,
    0.1732375191727487,
    0.16597100283839916,
    0.15913114088891755,
    0.15316926283706533
  ],
  "metrics": {
    "both": {
      "optimistic": {
        "adjusted_arithmetic_mean_rank": 0.1991975492503249,
        "adjusted_arithmetic_mean_rank_index": 0.8009420309293046,
        "adjusted_geometric_mean_rank_index": 0.9855595370147324,
        "adjusted_hits_at_k": 0.35651287870099524,
        "adjusted_inverse_harmonic_mean_rank": 0.2764883344632131,
        "arithmetic_mean_rank": 1143.0397215142661,
        "count": 32174.0,
        "geometric_mean_rank": 59.92531945401753,
        "harmonic_mean_rank": 3.6080567092894924,
        "hits_at_1": 0.2203642692857587,
        "hits_at_10": 0.3571206564306583,
        "hits_at_3": 0.31733698017032386,
        "hits_at_5": 0.33297072170075215,
        "inverse_arithmetic_mean_rank": 0.0008748602355438959,
        "inverse_geometric_mean_rank": 0.016687437115246912,
        "inverse_harmonic_mean_rank": 0.2771575062624009,
        "inverse_median_rank": 0.008771929824561403,
        "median_absolute_deviation": 167.53405069113302,
        "median_rank": 114.0,
        "standard_deviation": 2443.2590015042465,
        "variance": 5969514.548431527,
        "z_arithmetic_mean_rank": 242.8355920108559,
        "z_geometric_mean_rank": 177.16452260555727,
        "z_hits_at_k": 2079.912556217136,
        "z_inverse_harmonic_mean_rank": 3987.281361126731
      },
      "pessimistic": {
        "adjusted_arithmetic_mean_rank": 0.19919783632407354,
        "adjusted_arithmetic_mean_rank_index": 0.8009417438055189,
        "adjusted_geometric_mean_rank_index": 0.9855595184270903,
        "adjusted_hits_at_k": 0.35651287870099524,
        "adjusted_inverse_harmonic_mean_rank": 0.27648833116633675,
        "arithmetic_mean_rank": 1143.0413688071114,
        "count": 32174.0,
        "geometric_mean_rank": 59.92539530219154,
        "harmonic_mean_rank": 3.6080567521687748,
        "hits_at_1": 0.2203642692857587,
        "hits_at_10": 0.3571206564306583,
        "hits_at_3": 0.31733698017032386,
        "hits_at_5": 0.33297072170075215,
        "inverse_arithmetic_mean_rank": 0.0008748589747400037,
        "inverse_geometric_mean_rank": 0.016687415993790346,
        "inverse_harmonic_mean_rank": 0.27715750296857383,
        "inverse_median_rank": 0.008771929824561403,
        "median_absolute_deviation": 167.53405069113302,
        "median_rank": 114.0,
        "standard_deviation": 2443.260909498248,
        "variance": 5969523.871882207,
        "z_arithmetic_mean_rank": 242.8355049585203,
        "z_geometric_mean_rank": 177.1645192642363,
        "z_hits_at_k": 2079.912556217136,
        "z_inverse_harmonic_mean_rank": 3987.2813135819642
      },
      "realistic": {
        "adjusted_arithmetic_mean_rank": 0.19919768968224102,
        "adjusted_arithmetic_mean_rank_index": 0.8009418904729111,
        "adjusted_geometric_mean_rank_index": 0.9855595304174937,
        "adjusted_hits_at_k": 0.35651287870099524,
        "adjusted_inverse_harmonic_mean_rank": 0.27648833503916426,
        "arithmetic_mean_rank": 1143.04052734375,
        "count": 32174.0,
        "geometric_mean_rank": 59.92534637451172,
        "harmonic_mean_rank": 3.6080567017986525,
        "hits_at_1": 0.2203642692857587,
        "hits_at_10": 0.3571206564306583,
        "hits_at_3": 0.31733698017032386,
        "hits_at_5": 0.33297072170075215,
        "inverse_arithmetic_mean_rank": 0.0008748596301302314,
        "inverse_geometric_mean_rank": 0.016687430441379547,
        "inverse_harmonic_mean_rank": 0.27715750683781937,
        "inverse_median_rank": 0.008771929889917374,
        "median_absolute_deviation": 167.53405069113302,
        "median_rank": 114.0,
        "standard_deviation": 2443.259765625,
        "variance": 5969518.5,
        "z_arithmetic_mean_rank": 242.83554942623658,
        "z_geometric_mean_rank": 177.16452141963535,
        "z_hits_at_k": 2079.912556217136,
        "z_inverse_harmonic_mean_rank": 3987.281369432613
      }
    },
    "head": {
      "optimistic": {
        "adjusted_arithmetic_mean_rank": 0.2925568167804608,
        "adjusted_arithmetic_mean_rank_index": 0.7075833811920965,
        "adjusted_geometric_mean_rank_index": 0.9048192656205123,
        "adjusted_hits_at_k": 0.05744699955603286,
        "adjusted_inverse_harmonic_mean_rank": 0.03496311386377344,
        "arithmetic_mean_rank": 1476.5430471809536,
        "count": 16087.0,
        "geometric_mean_rank": 335.97795802125233,
        "harmonic_mean_rank": 27.781822042245295,
        "hits_at_1": 0.01933238018275626,
        "hits_at_10": 0.058494436501522966,
        "hits_at_3": 0.03263504693230559,
        "hits_at_5": 0.04214583203829179,
        "inverse_arithmetic_mean_rank": 0.0006772575997084681,
        "inverse_geometric_mean_rank": 0.0029763857304494507,
        "inverse_harmonic_mean_rank": 0.03599475939624805,
        "inverse_median_rank": 0.002777777777777778,
        "median_absolute_deviation": 438.8502566776582,
        "median_rank": 360.0,
        "standard_deviation": 2607.0635442697303,
        "variance": 6796780.323860249,
        "z_arithmetic_mean_rank": 148.78089078517328,
        "z_geometric_mean_rank": 115.04665642819468,
        "z_hits_at_k": 218.46605754947748,
        "z_inverse_harmonic_mean_rank": 328.7904055810293
      },
      "pessimistic": {
        "adjusted_arithmetic_mean_rank": 0.2925572109100362,
        "adjusted_arithmetic_mean_rank_index": 0.7075829869844142,
        "adjusted_geometric_mean_rank_index": 0.904819115275852,
        "adjusted_hits_at_k": 0.05744699955603286,
        "adjusted_inverse_harmonic_mean_rank": 0.03496310991774552,
        "arithmetic_mean_rank": 1476.5450363647665,
        "count": 16087.0,
        "geometric_mean_rank": 335.9784871424828,
        "harmonic_mean_rank": 27.781825084651043,
        "hits_at_1": 0.01933238018275626,
        "hits_at_10": 0.058494436501522966,
        "hits_at_3": 0.03263504693230559,
        "hits_at_5": 0.04214583203829179,
        "inverse_arithmetic_mean_rank": 0.00067725668731513,
        "inverse_geometric_mean_rank": 0.002976381043039571,
        "inverse_harmonic_mean_rank": 0.03599475545443852,
        "inverse_median_rank": 0.002777777777777778,
        "median_absolute_deviation": 438.8502566776582,
        "median_rank": 360.0,
        "standard_deviation": 2607.0652419295775,
        "variance": 6796789.1756773265,
        "z_arithmetic_mean_rank": 148.78080789660964,
        "z_geometric_mean_rank": 115.04663731205609,
        "z_hits_at_k": 218.46605754947748,
        "z_inverse_harmonic_mean_rank": 328.7903684728894
      },
      "realistic": {
        "adjusted_arithmetic_mean_rank": 0.29255701891951047,
        "adjusted_arithmetic_mean_rank_index": 0.7075831790129878,
        "adjusted_geometric_mean_rank_index": 0.90481920256683,
        "adjusted_hits_at_k": 0.05744699955603286,
        "adjusted_inverse_harmonic_mean_rank": 0.03496311224891782,
        "arithmetic_mean_rank": 1476.5440673828125,
        "count": 16087.0,
        "geometric_mean_rank": 335.9781799316406,
        "harmonic_mean_rank": 27.781823287306356,
        "hits_at_1": 0.01933238018275626,
        "hits_at_10": 0.058494436501522966,
        "hits_at_3": 0.03263504693230559,
        "hits_at_5": 0.04214583203829179,
        "inverse_arithmetic_mean_rank": 0.0006772571359761059,
        "inverse_geometric_mean_rank": 0.0029763837810605764,
        "inverse_harmonic_mean_rank": 0.035994757783118746,