{
  "losses": [
    0.9488109366157049,
    0.6307443853132336,
    0.3312247265356881,
    0.16428803028017644,
    0.09110317205208061,
    0.05710562685200913,
    0.0378610861925023,
    0.026383590329338746,
    0.01894771576000246,
    0.013930120160395321,
    0.010431587664634805,
    0.008208368169574334,
    0.006340534266236254,
    0.005057052528732649,
    0.004084714049351041,
    0.0033281323533400965,
    0.00269095170592896,
    0.002343943926059344,
    0.002041529759837183,
    0.0017598007653824024,
    0.0015630961528643875,
    0.0013096423247781494,
    0.0011336852517658776,
    0.0010534900881734126
  ],
  "metrics": {
    "both": {
      "optimistic": {
        "adjusted_arithmetic_mean_rank": 0.040900442855394153,
        "adjusted_arithmetic_mean_rank_index": 0.9591160647126264,
        "adjusted_geometric_mean_rank_index": 0.9999629288217724,
        "adjusted_hits_at_k": 0.911086573310583,
        "adjusted_inverse_harmonic_mean_rank": 0.7820644852391899,
        "arithmetic_mean_rank": 2376.381048221474,
        "count": 48692.0,
        "geometric_mean_rank": 2.5848047429463192,
        "harmonic_mean_rank": 1.2786294046032785,
        "hits_at_1": 0.6821654481228949,
        "hits_at_10": 0.9110942249240122,
        "hits_at_3": 0.8830403351679947,
        "hits_at_5": 0.9019346093814179,
        "inverse_arithmetic_mean_rank": 0.0004208079342950567,
        "inverse_geometric_mean_rank": 0.38687641793017546,
        "inverse_harmonic_mean_rank": 0.7820874417558628,
        "inverse_median_rank": 1.0,
        "median_absolute_deviation": 0.0,
        "median_rank": 1.0,
        "standard_deviation": 12295.034819248105,
        "variance": 151167881.20652327,
        "z_arithmetic_mean_rank": 366.56995108399286,
        "z_geometric_mean_rank": 220.72606930071336,
        "z_hits_at_k": 21670.899049064243,
        "z_inverse_harmonic_mean_rank": 45880.69077810553
      },
      "pessimistic": {
        "adjusted_arithmetic_mean_rank": 0.04090048809973719,
        "adjusted_arithmetic_mean_rank_index": 0.9591160194675048,
        "adjusted_geometric_mean_rank_index": 0.9999629288120704,
        "adjusted_hits_at_k": 0.911086573310583,
        "adjusted_inverse_harmonic_mean_rank": 0.7820644851834239,
        "arithmetic_mean_rank": 2376.38367699006,
        "count": 48692.0,
        "geometric_mean_rank": 2.5848051577102105,
        "harmonic_mean_rank": 1.2786294046944404,
        "hits_at_1": 0.6821654481228949,
        "hits_at_10": 0.9110942249240122,
        "hits_at_3": 0.8830403351679947,
        "hits_at_5": 0.9019346093814179,
        "inverse_arithmetic_mean_rank": 0.0004208074687950244,
        "inverse_geometric_mean_rank": 0.3868763558510791,
        "inverse_harmonic_mean_rank": 0.7820874417001026,
        "inverse_median_rank": 1.0,
        "median_absolute_deviation": 0.0,
        "median_rank": 1.0,
        "standard_deviation": 12295.043311124597,
        "variance": 151168090.0224297,
        "z_arithmetic_mean_rank": 366.5699337915059,
        "z_geometric_mean_rank": 220.72606929857182,
        "z_hits_at_k": 21670.899049064243,
        "z_inverse_harmonic_mean_rank": 45880.69077483395
      },
      "realistic": {
        "adjusted_arithmetic_mean_rank": 0.04090046481687786,
        "adjusted_arithmetic_mean_rank_index": 0.9591160427507648,
        "adjusted_geometric_mean_rank_index": 0.9999629288210616,
        "adjusted_hits_at_k": 0.911086573310583,
        "adjusted_inverse_harmonic_mean_rank": 0.7820644981743718,
        "arithmetic_mean_rank": 2376.38232421875,
        "count": 48692.0,
        "geometric_mean_rank": 2.5848047733306885,
        "harmonic_mean_rank": 1.2786293834578661,
        "hits_at_1": 0.6821654481228949,
        "hits_at_10": 0.9110942249240122,
        "hits_at_3": 0.8830403351679947,
        "hits_at_5": 0.9019346093814179,
        "inverse_arithmetic_mean_rank": 0.0004208077152725309,
        "inverse_geometric_mean_rank": 0.3868764042854309,
        "inverse_harmonic_mean_rank": 0.7820874546896821,
        "inverse_median_rank": 1.0,
        "median_absolute_deviation": 0.0,
        "median_rank": 1.0,
        "standard_deviation": 12295.0390625,
        "variance": 151167984.0,
        "z_arithmetic_mean_rank": 366.5699426902657,
        "z_geometric_mean_rank": 220.7260693005565,
        "z_hits_at_k": 21670.899049064243,
        "z_inverse_harmonic_mean_rank": 45880.69153696249
      }
    },
    "head": {
      "optimistic": {
        "adjusted_arithmetic_mean_rank": 0.041458963879738714,
        "adjusted_arithmetic_mean_rank_index": 0.9585575340846099,
        "adjusted_geometric_mean_rank_index": 0.9999633047372855,
        "adjusted_hits_at_k": 0.9115178927704671,
        "adjusted_inverse_harmonic_mean_rank": 0.7869801308143867,
        "arithmetic_mean_rank": 2408.830649798735,
        "count": 24346.0,
        "geometric_mean_rank": 2.5687494452452073,
        "harmonic_mean_rank": 1.2706438818563794,
        "hits_at_1": 0.6910375421013719,
        "hits_at_10": 0.9115255072701881,
        "hits_at_3": 0.8837591390782881,
        "hits_at_5": 0.9028587858375092,
        "inverse_arithmetic_mean_rank": 0.0004151391880054137,
        "inverse_geometric_mean_rank": 0.38929448796612476,
        "inverse_harmonic_mean_rank": 0.7870025695468856,
        "inverse_median_rank": 1.0,
        "median_absolute_deviation": 0.0,
        "median_rank": 1.0,
        "standard_deviation": 12388.188206717286,
        "variance": 153467207.04504925,
        "z_arithmetic_mean_rank": 259.05315354566056,
        "z_geometric_mean_rank": 156.08038293846607,
        "z_hits_at_k": 15330.889734721664,
        "z_inverse_harmonic_mean_rank": 32646.45512165319
      },
      "pessimistic": {
        "adjusted_arithmetic_mean_rank": 0.041459004175504514,
        "adjusted_arithmetic_mean_rank_index": 0.9585574937881505,
        "adjusted_geometric_mean_rank_index": 0.9999633047301075,
        "adjusted_hits_at_k": 0.9115178927704671,
        "adjusted_inverse_harmonic_mean_rank": 0.7869801307969583,
        "arithmetic_mean_rank": 2408.832991045757,
        "count": 24346.0,
        "geometric_mean_rank": 2.5687497521066565,
        "harmonic_mean_rank": 1.2706438818845154,
        "hits_at_1": 0.6910375421013719,
        "hits_at_10": 0.9115255072701881,
        "hits_at_3": 0.8837591390782881,
        "hits_at_5": 0.9028587858375092,
        "inverse_arithmetic_mean_rank": 0.0004151387845140172,
        "inverse_geometric_mean_rank": 0.38929444146121683,
        "inverse_harmonic_mean_rank": 0.787002569529459,
        "inverse_median_rank": 1.0,
        "median_absolute_deviation": 0.0,
        "median_rank": 1.0,
        "standard_deviation": 12388.195880837484,
        "variance": 153467397.1819988,
        "z_arithmetic_mean_rank": 259.05314265541716,
        "z_geometric_mean_rank": 156.0803829373457,
        "z_hits_at_k": 15330.889734721664,
        "z_inverse_harmonic_mean_rank": 32646.4551209302
      },
      "realistic": {
        "adjusted_arithmetic_mean_rank": 0.041458983454265776,
        "adjusted_arithmetic_mean_rank_index": 0.9585575145097459,
        "adjusted_geometric_mean_rank_index": 0.9999633047376936,
        "adjusted_hits_at_k": 0.9115178927704671,
        "adjusted_inverse_harmonic_mean_rank": 0.7869800783592401,
        "arithmetic_mean_rank": 2408.831787109375,
        "count": 24346.0,
        "geometric_mean_rank": 2.56874942779541,
        "harmonic_mean_rank": 1.2706439665381801,
        "hits_at_1": 0.6910375421013719,
        "hits_at_10": 0.9115255072701881,
        "hits_at_3": 0.8837591390782881,
        "hits_at_5": 0.9028587858375092,
        "inverse_arithmetic_mean_rank": 0.00041513898759149015,
        "inverse_geometric_mean_rank": 0.38929450511932373,
        "inverse_harmonic_mean_rank": 0.7870025170972644,
        "inverse_median_rank": 1.0,
        "median_absolute_deviation": 0.0,
        "median_rank": 1.0,