{
  "losses": [
    0.9488109366157049,
    0.6307443853132336,
    0.3312247265356881,
    0.16428803028017644,
    0.09110317205208061,
    0.05710562685200913,
    0.0378610861925023,
    0.026383590329338746,
    0.01894771576000246,
    0.013930120160395321,
    0.010431587664634805,
    0.008208368169574334,
    0.006340534266236254,
    0.005057052528732649,
    0.004084714049351041,
    0.0033281323533400965
  ],
  "metrics": {
    "both": {
      "optimistic": {
        "adjusted_arithmetic_mean_rank": 0.04248768192229629,
        "adjusted_arithmetic_mean_rank_index": 0.9575287983269162,
        "adjusted_geometric_mean_rank_index": 0.9999539977196158,
        "adjusted_hits_at_k": 0.8886374221506077,
        "adjusted_inverse_harmonic_mean_rank": 0.7606864957308447,
        "arithmetic_mean_rank": 2468.6021728415344,
        "count": 48692.0,
        "geometric_mean_rank": 2.9666122207292225,
        "harmonic_mean_rank": 1.3145584517457505,
        "hits_at_1": 0.6633327856732112,
        "hits_at_10": 0.8886470056682823,
        "hits_at_3": 0.8574303787069745,
        "hits_at_5": 0.8770845313398505,
        "inverse_arithmetic_mean_rank": 0.00040508754752043735,
        "inverse_geometric_mean_rank": 0.33708483805618183,
        "inverse_harmonic_mean_rank": 0.7607117041254325,
        "inverse_median_rank": 1.0,
        "median_absolute_deviation": 0.0,
        "median_rank": 1.0,
        "standard_deviation": 12329.563047774267,
        "variance": 152018124.94904065,
        "z_arithmetic_mean_rank": 365.9633048367095,
        "z_geometric_mean_rank": 220.7240979005577,
        "z_hits_at_k": 21136.928619934493,
        "z_inverse_harmonic_mean_rank": 44626.52702997165
      },
      "pessimistic": {
        "adjusted_arithmetic_mean_rank": 0.042487730347882204,
        "adjusted_arithmetic_mean_rank_index": 0.9575287499004967,
        "adjusted_geometric_mean_rank_index": 0.9999539977115717,
        "adjusted_hits_at_k": 0.8886374221506077,
        "adjusted_inverse_harmonic_mean_rank": 0.7606864957123873,
        "arithmetic_mean_rank": 2468.604986445412,
        "count": 48692.0,
        "geometric_mean_rank": 2.9666125646166654,
        "harmonic_mean_rank": 1.3145584517776427,
        "hits_at_1": 0.6633327856732112,
        "hits_at_10": 0.8886470056682823,
        "hits_at_3": 0.8574303787069745,
        "hits_at_5": 0.8770845313398505,
        "inverse_arithmetic_mean_rank": 0.0004050870858200435,
        "inverse_geometric_mean_rank": 0.3370847989815671,
        "inverse_harmonic_mean_rank": 0.7607117041069771,
        "inverse_median_rank": 1.0,
        "median_absolute_deviation": 0.0,
        "median_rank": 1.0,
        "standard_deviation": 12329.573128767703,
        "variance": 152018373.53763062,
        "z_arithmetic_mean_rank": 365.9632863283445,
        "z_geometric_mean_rank": 220.72409789878208,
        "z_hits_at_k": 21136.928619934493,
        "z_inverse_harmonic_mean_rank": 44626.52702888883
      },
      "realistic": {
        "adjusted_arithmetic_mean_rank": 0.042487705033252526,
        "adjusted_arithmetic_mean_rank_index": 0.9575287752155621,
        "adjusted_geometric_mean_rank_index": 0.9999539977168488,
        "adjusted_hits_at_k": 0.8886374221506077,
        "adjusted_inverse_harmonic_mean_rank": 0.7606865743500774,
        "arithmetic_mean_rank": 2468.603515625,
        "count": 48692.0,
        "geometric_mean_rank": 2.9666123390197754,
        "harmonic_mean_rank": 1.3145583159010157,
        "hits_at_1": 0.6633327856732112,
        "hits_at_10": 0.8886470056682823,
        "hits_at_3": 0.8574303787069745,
        "hits_at_5": 0.8770845313398505,
        "inverse_arithmetic_mean_rank": 0.0004050873394589871,
        "inverse_geometric_mean_rank": 0.3370848298072815,
        "inverse_harmonic_mean_rank": 0.7607117827363837,
        "inverse_median_rank": 1.0,
        "median_absolute_deviation": 0.0,
        "median_rank": 1.0,
        "standard_deviation": 12329.568359375,
        "variance": 152018256.0,
        "z_arithmetic_mean_rank": 365.9632960036514,
        "z_geometric_mean_rank": 220.7240978999469,
        "z_hits_at_k": 21136.928619934493,
        "z_inverse_harmonic_mean_rank": 44626.53164225718
      }
    },
    "head": {
      "optimistic": {
        "adjusted_arithmetic_mean_rank": 0.04320144610955873,
        "adjusted_arithmetic_mean_rank_index": 0.9568150218639928,
        "adjusted_geometric_mean_rank_index": 0.9999544092605095,
        "adjusted_hits_at_k": 0.8892535928083469,
        "adjusted_inverse_harmonic_mean_rank": 0.7660727946229192,
        "arithmetic_mean_rank": 2510.0715928694653,
        "count": 24346.0,
        "geometric_mean_rank": 2.949037613940001,
        "harmonic_mean_rank": 1.3053169916194995,
        "hits_at_1": 0.6730879815986199,
        "hits_at_10": 0.8892631233056765,
        "hits_at_3": 0.8584983159451245,
        "hits_at_5": 0.878419452887538,
        "inverse_arithmetic_mean_rank": 0.00039839501105895525,
        "inverse_geometric_mean_rank": 0.3390936742458061,
        "inverse_harmonic_mean_rank": 0.7660974356576065,
        "inverse_median_rank": 1.0,
        "median_absolute_deviation": 0.0,
        "median_rank": 1.0,
        "standard_deviation": 12502.171886335223,
        "variance": 156304301.87547085,
        "z_arithmetic_mean_rank": 258.58223420092474,
        "z_geometric_mean_rank": 156.07899447809453,
        "z_hits_at_k": 14956.424756637043,
        "z_inverse_harmonic_mean_rank": 31779.151887476568
      },
      "pessimistic": {
        "adjusted_arithmetic_mean_rank": 0.04320149276781386,
        "adjusted_arithmetic_mean_rank_index": 0.9568149752049345,
        "adjusted_geometric_mean_rank_index": 0.9999544092542748,
        "adjusted_hits_at_k": 0.8892535928083469,
        "adjusted_inverse_harmonic_mean_rank": 0.7660727946150427,
        "arithmetic_mean_rank": 2510.0743037870698,
        "count": 24346.0,
        "geometric_mean_rank": 2.949037880475415,
        "harmonic_mean_rank": 1.3053169916329186,
        "hits_at_1": 0.6730879815986199,
        "hits_at_10": 0.8892631233056765,
        "hits_at_3": 0.8584983159451245,
        "hits_at_5": 0.878419452887538,
        "inverse_arithmetic_mean_rank": 0.00039839458078641413,
        "inverse_geometric_mean_rank": 0.33909364359836225,
        "inverse_harmonic_mean_rank": 0.7660974356497308,
        "inverse_median_rank": 1.0,
        "median_absolute_deviation": 0.0,
        "median_rank": 1.0,
        "standard_deviation": 12502.181668521278,
        "variance": 156304546.47270948,
        "z_arithmetic_mean_rank": 258.58222159116923,
        "z_geometric_mean_rank": 156.0789944771214,
        "z_hits_at_k": 14956.424756637043,
        "z_inverse_harmonic_mean_rank": 31779.151887149823
      },
      "realistic": {
        "adjusted_arithmetic_mean_rank": 0.04320147029440521,
        "adjusted_arithmetic_mean_rank_index": 0.95681499767873,
        "adjusted_geometric_mean_rank_index": 0.9999544092731151,
        "adjusted_hits_at_k": 0.8892535928083469,
        "adjusted_inverse_harmonic_mean_rank": 0.7660727960444488,
        "arithmetic_mean_rank": 2510.072998046875,
        "count": 24346.0,
        "geometric_mean_rank": 2.9490370750427246,
        "harmonic_mean_rank": 1.3053169891976781,
        "hits_at_1": 0.6730879815986199,
        "hits_at_10": 0.8892631233056765,
        "hits_at_3": 0.8584983159451245,
        "hits_at_5": 0.878419452887538,
        "inverse_arithmetic_mean_rank": 0.0003983947972301394,
        "inverse_geometric_mean_rank": 0.33909374475479126,
        "inverse_harmonic_mean_rank": 0.7660974370789863,
        "inverse_median_rank": 1.0,
        "median_absolute_deviation": 0.0,
        "median_rank": 1.0,
        "standard_deviation": 12502.1767578125,
        "variance": 156304432.0,
        "z_arithmetic_mean_rank": 258.5822276647823,
        "z_geometric_mean_rank": 156.07899448006208,