{
  "losses": [
    1.3732812752917645,
    0.5741332717949436,
    0.4093520721450212,
    0.3234441821862544,
    0.27251913160499597,
    0.23637297187769224,
    0.213912418659126,
    0.1953804672636565,
    0.18394282084727098,
    0.1743807665456737,
    0.16560640636949786,
    0.15982577581668184,
    0.15515909807401754,
    0.1508289265283753,
    0.14719436240811196,
    0.14535082195190682,
    0.14357115312050733,
    0.14147935984360557,
    0.13847421523597506,
    0.13689217188706002
  ],
  "metrics": {
    "both": {
      "optimistic": {
        "adjusted_arithmetic_mean_rank": 0.1544983249883206,
        "adjusted_arithmetic_mean_rank_index": 0.8456490462835389,
        "adjusted_geometric_mean_rank_index": 0.9847904701297774,
        "adjusted_hits_at_k": 0.3252158353811925,
        "adjusted_inverse_harmonic_mean_rank": 0.234218137277541,
        "arithmetic_mean_rank": 886.5456579847081,
        "count": 32174.0,
        "geometric_mean_rank": 63.06355068134837,
        "harmonic_mean_rank": 4.2566522139439344,
        "hits_at_1": 0.17358736868278735,
        "hits_at_10": 0.3258531733698017,
        "hits_at_3": 0.2750668241437185,
        "hits_at_5": 0.30083297072170073,
        "inverse_arithmetic_mean_rank": 0.0011279734901338254,
        "inverse_geometric_mean_rank": 0.015857020246970638,
        "inverse_harmonic_mean_rank": 0.23492640454021627,
        "inverse_median_rank": 0.008064516129032258,
        "median_absolute_deviation": 182.36007287618904,
        "median_rank": 124.0,
        "standard_deviation": 2058.1672978912384,
        "variance": 4236052.626108921,
        "z_arithmetic_mean_rank": 256.39019911268014,
        "z_geometric_mean_rank": 177.0262748768229,
        "z_hits_at_k": 1897.3241638692562,
        "z_inverse_harmonic_mean_rank": 3377.696259835571
      },
      "pessimistic": {
        "adjusted_arithmetic_mean_rank": 0.15449835207074974,
        "adjusted_arithmetic_mean_rank_index": 0.8456490191963892,
        "adjusted_geometric_mean_rank_index": 0.9847904626189112,
        "adjusted_hits_at_k": 0.3252158353811925,
        "adjusted_inverse_harmonic_mean_rank": 0.23421813403494876,
        "arithmetic_mean_rank": 886.5458133896935,
        "count": 32174.0,
        "geometric_mean_rank": 63.06358132996303,
        "harmonic_mean_rank": 4.25665227264241,
        "hits_at_1": 0.17358736868278735,
        "hits_at_10": 0.3258531733698017,
        "hits_at_3": 0.2750668241437185,
        "hits_at_5": 0.30083297072170073,
        "inverse_arithmetic_mean_rank": 0.0011279732924083373,
        "inverse_geometric_mean_rank": 0.015857012540530676,
        "inverse_harmonic_mean_rank": 0.23492640130062306,
        "inverse_median_rank": 0.008064516129032258,
        "median_absolute_deviation": 182.36007287618904,
        "median_rank": 124.0,
        "standard_deviation": 2058.1674021622425,
        "variance": 4236053.055323275,
        "z_arithmetic_mean_rank": 256.39019090019565,
        "z_geometric_mean_rank": 177.026273526667,
        "z_hits_at_k": 1897.3241638692562,
        "z_inverse_harmonic_mean_rank": 3377.696213073643
      },
      "realistic": {
        "adjusted_arithmetic_mean_rank": 0.15449834561883707,
        "adjusted_arithmetic_mean_rank_index": 0.8456490256494265,
        "adjusted_geometric_mean_rank_index": 0.9847904686618956,
        "adjusted_hits_at_k": 0.3252158353811925,
        "adjusted_inverse_harmonic_mean_rank": 0.23421811689124886,
        "arithmetic_mean_rank": 886.5457763671875,
        "count": 32174.0,
        "geometric_mean_rank": 63.06355667114258,
        "harmonic_mean_rank": 4.256652582983351,
        "hits_at_1": 0.17358736868278735,
        "hits_at_10": 0.3258531733698017,
        "hits_at_3": 0.2750668241437185,
        "hits_at_5": 0.30083297072170073,
        "inverse_arithmetic_mean_rank": 0.0011279733153060079,
        "inverse_geometric_mean_rank": 0.015857018530368805,
        "inverse_harmonic_mean_rank": 0.23492638417277928,
        "inverse_median_rank": 0.008064515888690948,
        "median_absolute_deviation": 182.36007287618904,
        "median_rank": 124.0,
        "standard_deviation": 2058.16748046875,
        "variance": 4236053.0,
        "z_arithmetic_mean_rank": 256.39019285667575,
        "z_geometric_mean_rank": 177.02627461295594,
        "z_hits_at_k": 1897.3241638692562,
        "z_inverse_harmonic_mean_rank": 3377.695965841675
      }
    },
    "head": {
      "optimistic": {
        "adjusted_arithmetic_mean_rank": 0.23222410183027312,
        "adjusted_arithmetic_mean_rank_index": 0.7679280526138645,
        "adjusted_geometric_mean_rank_index": 0.903264383419693,
        "adjusted_hits_at_k": 0.02869620817843397,
        "adjusted_inverse_harmonic_mean_rank": 0.01703424789741245,
        "arithmetic_mean_rank": 1172.04202150805,
        "count": 16087.0,
        "geometric_mean_rank": 341.45019216600457,
        "harmonic_mean_rank": 55.29426013433635,
        "hits_at_1": 0.005408093491639212,
        "hits_at_10": 0.02977559520109405,
        "hits_at_3": 0.012805370796295144,
        "hits_at_5": 0.018897246223658855,
        "inverse_arithmetic_mean_rank": 0.0008532117293143756,
        "inverse_geometric_mean_rank": 0.00292868483586568,
        "inverse_harmonic_mean_rank": 0.01808505977963208,
        "inverse_median_rank": 0.002857142857142857,
        "median_absolute_deviation": 391.4069856854789,
        "median_rank": 350.0,
        "standard_deviation": 2205.6121715993095,
        "variance": 4864725.051507021,
        "z_arithmetic_mean_rank": 161.46933741480356,
        "z_geometric_mean_rank": 114.84895506932574,
        "z_hits_at_k": 109.12924114072693,
        "z_inverse_harmonic_mean_rank": 160.18874339339445
      },
      "pessimistic": {
        "adjusted_arithmetic_mean_rank": 0.2322241387799208,
        "adjusted_arithmetic_mean_rank_index": 0.7679280156568944,
        "adjusted_geometric_mean_rank_index": 0.9032642968750012,
        "adjusted_hits_at_k": 0.02869620817843397,
        "adjusted_inverse_harmonic_mean_rank": 0.017034241494259635,
        "arithmetic_mean_rank": 1172.0422079940324,
        "count": 16087.0,
        "geometric_mean_rank": 341.4504967503757,
        "harmonic_mean_rank": 55.29427969076754,
        "hits_at_1": 0.005408093491639212,
        "hits_at_10": 0.02977559520109405,
        "hits_at_3": 0.012805370796295144,
        "hits_at_5": 0.018897246223658855,
        "inverse_arithmetic_mean_rank": 0.000853211593558149,
        "inverse_geometric_mean_rank": 0.0029286822233885058,
        "inverse_harmonic_mean_rank": 0.01808505338332438,
        "inverse_median_rank": 0.002857142857142857,
        "median_absolute_deviation": 391.4069856854789,
        "median_rank": 350.0,
        "standard_deviation": 2205.6121663958825,
        "variance": 4864725.028553538,
        "z_arithmetic_mean_rank": 161.4693296440007,
        "z_geometric_mean_rank": 114.84894406527465,
        "z_hits_at_k": 109.12924114072693,
        "z_inverse_harmonic_mean_rank": 160.18868317864303
      },
      "realistic": {
        "adjusted_arithmetic_mean_rank": 0.2322241202073704,
        "adjusted_arithmetic_mean_rank_index": 0.7679280342331254,
        "adjusted_geometric_mean_rank_index": 0.9032643738543733,
        "adjusted_hits_at_k": 0.02869620817843397,
        "adjusted_inverse_harmonic_mean_rank": 0.01703424410018819,
        "arithmetic_mean_rank": 1172.0421142578125,
        "count": 16087.0,
        "geometric_mean_rank": 341.4502258300781,
        "harmonic_mean_rank": 55.29427173177068,
        "hits_at_1": 0.005408093491639212,
        "hits_at_10": 0.02977559520109405,
        "hits_at_3": 0.012805370796295144,
        "hits_at_5": 0.018897246223658855,
        "inverse_arithmetic_mean_rank": 0.0008532116771675646,
        "inverse_geometric_mean_rank": 0.002928684465587139,
        "inverse_harmonic_mean_rank": 0.01808505598646714,