{
  "losses": [
    0.668324621006994,
    0.4870964237959078,
    0.3455984730236601,
    0.2546310913739818,
    0.21038261501505823,
    0.18540270810965265,
    0.17063854479848747,
    0.16175214963974338,
    0.15462108849003764,
    0.14935089574739485,
    0.1475755929061682,
    0.1441834724480563,
    0.1400319065345396,
    0.13931480919075484,
    0.13566423288666377,
    0.13428594780587913,
    0.13381098793579801,
    0.13216917053012564,
    0.12808256637636978,
    0.12828544667451688,
    0.12710281527868592,
    0.12488520067222048,
    0.1261321482091847,
    0.12405925100245098
  ],
  "metrics": {
    "both": {
      "optimistic": {
        "adjusted_arithmetic_mean_rank": 0.06902006349491756,
        "adjusted_arithmetic_mean_rank_index": 0.9311422066712729,
        "adjusted_geometric_mean_rank_index": 0.9919523405474032,
        "adjusted_hits_at_k": 0.3846677735364042,
        "adjusted_inverse_harmonic_mean_rank": 0.28779694819402896,
        "arithmetic_mean_rank": 396.05243364207126,
        "count": 32174.0,
        "geometric_mean_rank": 33.83903740380118,
        "harmonic_mean_rank": 3.4667373054845574,
        "hits_at_1": 0.22452912289426244,
        "hits_at_10": 0.3852489587865979,
        "hits_at_3": 0.3265058743084478,
        "hits_at_5": 0.3507801330266675,
        "inverse_arithmetic_mean_rank": 0.002524918205410501,
        "inverse_geometric_mean_rank": 0.029551668035559097,
        "inverse_harmonic_mean_rank": 0.28845566072109025,
        "inverse_median_rank": 0.018518518518518517,
        "median_absolute_deviation": 78.5779175807969,
        "median_rank": 54.0,
        "standard_deviation": 1092.893485785882,
        "variance": 1194416.171273216,
        "z_arithmetic_mean_rank": 282.31065454382593,
        "z_geometric_mean_rank": 178.31369517549388,
        "z_hits_at_k": 2244.1695095718383,
        "z_inverse_harmonic_mean_rank": 4150.364642150522
      },
      "pessimistic": {
        "adjusted_arithmetic_mean_rank": 0.06902013390923324,
        "adjusted_arithmetic_mean_rank_index": 0.9311421362446839,
        "adjusted_geometric_mean_rank_index": 0.9919523309054612,
        "adjusted_hits_at_k": 0.3846677735364042,
        "adjusted_inverse_harmonic_mean_rank": 0.28779693030800446,
        "arithmetic_mean_rank": 396.05283769503325,
        "count": 32174.0,
        "geometric_mean_rank": 33.839076748420105,
        "harmonic_mean_rank": 3.4667375202447843,
        "hits_at_1": 0.22452912289426244,
        "hits_at_10": 0.3852489587865979,
        "hits_at_3": 0.3265058743084478,
        "hits_at_5": 0.3507801330266675,
        "inverse_arithmetic_mean_rank": 0.0025249156294898595,
        "inverse_geometric_mean_rank": 0.0295516336759007,
        "inverse_harmonic_mean_rank": 0.2884556428516084,
        "inverse_median_rank": 0.018518518518518517,
        "median_absolute_deviation": 78.5779175807969,
        "median_rank": 54.0,
        "standard_deviation": 1092.8942052348386,
        "variance": 1194417.7438358897,
        "z_arithmetic_mean_rank": 282.31063319136626,
        "z_geometric_mean_rank": 178.31369344225504,
        "z_hits_at_k": 2244.1695095718383,
        "z_inverse_harmonic_mean_rank": 4150.364384213374
      },
      "realistic": {
        "adjusted_arithmetic_mean_rank": 0.06902009994875313,
        "adjusted_arithmetic_mean_rank_index": 0.9311421702110834,
        "adjusted_geometric_mean_rank_index": 0.9919523373887348,
        "adjusted_hits_at_k": 0.3846677735364042,
        "adjusted_inverse_harmonic_mean_rank": 0.2877969492174515,
        "arithmetic_mean_rank": 396.0526428222656,
        "count": 32174.0,
        "geometric_mean_rank": 33.83905029296875,
        "harmonic_mean_rank": 3.466737293196167,
        "hits_at_1": 0.22452912289426244,
        "hits_at_10": 0.3852489587865979,
        "hits_at_3": 0.3265058743084478,
        "hits_at_5": 0.3507801330266675,
        "inverse_arithmetic_mean_rank": 0.0025249167811125517,
        "inverse_geometric_mean_rank": 0.029551656916737556,
        "inverse_harmonic_mean_rank": 0.28845566174356624,
        "inverse_median_rank": 0.018518518656492233,
        "median_absolute_deviation": 78.5779175807969,
        "median_rank": 54.0,
        "standard_deviation": 1092.8939208984375,
        "variance": 1194417.0,
        "z_arithmetic_mean_rank": 282.3106434895532,
        "z_geometric_mean_rank": 178.31369460769054,
        "z_hits_at_k": 2244.1695095718383,
        "z_inverse_harmonic_mean_rank": 4150.364656909458
      }
    },
    "head": {
      "optimistic": {
        "adjusted_arithmetic_mean_rank": 0.12144783869040102,
        "adjusted_arithmetic_mean_rank_index": 0.8787262689054075,
        "adjusted_geometric_mean_rank_index": 0.9426419153439806,
        "adjusted_hits_at_k": 0.0649147375761884,
        "adjusted_inverse_harmonic_mean_rank": 0.03668820387899615,
        "arithmetic_mean_rank": 612.9508920246161,
        "count": 16087.0,
        "geometric_mean_rank": 202.86536907225417,
        "harmonic_mean_rank": 26.51253673954767,
        "hits_at_1": 0.017156710387269222,
        "hits_at_10": 0.06595387580033567,
        "hits_at_3": 0.03319450487971654,
        "hits_at_5": 0.04537825573444396,
        "inverse_arithmetic_mean_rank": 0.0016314520673865664,
        "inverse_geometric_mean_rank": 0.004929377569829732,
        "inverse_harmonic_mean_rank": 0.03771800525252421,
        "inverse_median_rank": 0.0037593984962406013,
        "median_absolute_deviation": 318.7594769787044,
        "median_rank": 266.0,
        "standard_deviation": 1246.6135059111957,
        "variance": 1554045.2331202028,
        "z_arithmetic_mean_rank": 184.7664607721832,
        "z_geometric_mean_rank": 119.85575980748193,
        "z_hits_at_k": 246.86523064265944,
        "z_inverse_harmonic_mean_rank": 345.0130180170615
      },
      "pessimistic": {
        "adjusted_arithmetic_mean_rank": 0.12144792490624566,
        "adjusted_arithmetic_mean_rank_index": 0.8787261826724769,
        "adjusted_geometric_mean_rank_index": 0.9426418916273093,
        "adjusted_hits_at_k": 0.0649147375761884,
        "adjusted_inverse_harmonic_mean_rank": 0.036688203157903596,
        "arithmetic_mean_rank": 612.9513271585753,
        "count": 16087.0,
        "geometric_mean_rank": 202.86545254042838,
        "harmonic_mean_rank": 26.512537245872313,
        "hits_at_1": 0.017156710387269222,
        "hits_at_10": 0.06595387580033567,
        "hits_at_3": 0.03319450487971654,
        "hits_at_5": 0.04537825573444396,
        "inverse_arithmetic_mean_rank": 0.0016314509092192442,
        "inverse_geometric_mean_rank": 0.004929375541657165,
        "inverse_harmonic_mean_rank": 0.03771800453220252,
        "inverse_median_rank": 0.0037593984962406013,
        "median_absolute_deviation": 318.7594769787044,
        "median_rank": 266.0,
        "standard_deviation": 1246.614341485634,
        "variance": 1554047.3163976606,
        "z_arithmetic_mean_rank": 184.7664426403099,
        "z_geometric_mean_rank": 119.85575679193634,
        "z_hits_at_k": 246.86523064265944,
        "z_inverse_harmonic_mean_rank": 345.0130112359631
      },
      "realistic": {
        "adjusted_arithmetic_mean_rank": 0.12144786995236492,
        "adjusted_arithmetic_mean_rank_index": 0.8787262376372482,
        "adjusted_geometric_mean_rank_index": 0.9426418972536197,
        "adjusted_hits_at_k": 0.0649147375761884,
        "adjusted_inverse_harmonic_mean_rank": 0.036688202681261654,
        "arithmetic_mean_rank": 612.9510498046875,
        "count": 16087.0,
        "geometric_mean_rank": 202.8654327392578,
        "harmonic_mean_rank": 26.51253758055275,
        "hits_at_1": 0.017156710387269222,
        "hits_at_10": 0.06595387580033567,
        "hits_at_3": 0.03319450487971654,
        "hits_at_5": 0.04537825573444396,
        "inverse_arithmetic_mean_rank": 0.0016314516542479396,
        "inverse_geometric_mean_rank": 0.00492937583476305,