{
  "losses": [
    0.721672269849494,
    0.41832762118613365,
    0.2826286141530122,
    0.21970671636633354,
    0.1944342958159966,
    0.17865542151255182,
    0.17241937066658888,
    0.16642020257687803,
    0.16515909579425755,
    0.16036520485240635,
    0.15973207041768744,
    0.15859359495415545,
    0.15955792150580056,
    0.15497902653152398,
    0.15142226819649782,
    0.1538946545360112,
    0.1526238970163435,
    0.15131111493942762,
    0.150504305206313,
    0.14949374423168674,
    0.15203212656006954,
    0.14959062137226067,
    0.14926689579935357,
    0.14930954332103824
  ],
  "metrics": {
    "both": {
      "optimistic": {
        "adjusted_arithmetic_mean_rank": 0.13574775644350096,
        "adjusted_arithmetic_mean_rank_index": 0.8644028830597721,
        "adjusted_geometric_mean_rank_index": 0.9840148720666252,
        "adjusted_hits_at_k": 0.3398066040859514,
        "adjusted_inverse_harmonic_mean_rank": 0.14343377347617736,
        "arithmetic_mean_rank": 778.9507366196308,
        "count": 32174.0,
        "geometric_mean_rank": 66.22843283822833,
        "harmonic_mean_rank": 6.933562282124409,
        "hits_at_1": 0.009821595076770063,
        "hits_at_10": 0.34043016099956486,
        "hits_at_3": 0.25309255920929946,
        "hits_at_5": 0.29691676508982406,
        "inverse_arithmetic_mean_rank": 0.001283778232677004,
        "inverse_geometric_mean_rank": 0.01509925506530755,
        "inverse_harmonic_mean_rank": 0.14422600667742252,
        "inverse_median_rank": 0.010869565217391304,
        "median_absolute_deviation": 133.43419966550417,
        "median_rank": 92.0,
        "standard_deviation": 1718.4484564748188,
        "variance": 2953065.097560687,
        "z_arithmetic_mean_rank": 262.07612753217836,
        "z_geometric_mean_rank": 176.88685310124112,
        "z_hits_at_k": 1982.4473805801465,
        "z_inverse_harmonic_mean_rank": 2068.480801000046
      },
      "pessimistic": {
        "adjusted_arithmetic_mean_rank": 0.1357481030985936,
        "adjusted_arithmetic_mean_rank_index": 0.8644025363442573,
        "adjusted_geometric_mean_rank_index": 0.9840148300425312,
        "adjusted_hits_at_k": 0.3398066040859514,
        "adjusted_inverse_harmonic_mean_rank": 0.14343376111147338,
        "arithmetic_mean_rank": 778.9527258034437,
        "count": 32174.0,
        "geometric_mean_rank": 66.22860432048378,
        "harmonic_mean_rank": 6.9335628759989945,
        "hits_at_1": 0.009821595076770063,
        "hits_at_10": 0.34043016099956486,
        "hits_at_3": 0.25309255920929946,
        "hits_at_5": 0.29691676508982406,
        "inverse_arithmetic_mean_rank": 0.0012837749543382867,
        "inverse_geometric_mean_rank": 0.015099215969597459,
        "inverse_harmonic_mean_rank": 0.1442259943241546,
        "inverse_median_rank": 0.010869565217391304,
        "median_absolute_deviation": 133.43419966550417,
        "median_rank": 92.0,
        "standard_deviation": 1718.45083573905,
        "variance": 2953073.2748522395,
        "z_arithmetic_mean_rank": 262.0760224123769,
        "z_geometric_mean_rank": 176.88684554697548,
        "z_hits_at_k": 1982.4473805801465,
        "z_inverse_harmonic_mean_rank": 2068.480622686723
      },
      "realistic": {
        "adjusted_arithmetic_mean_rank": 0.1357479280248389,
        "adjusted_arithmetic_mean_rank_index": 0.8644027114485275,
        "adjusted_geometric_mean_rank_index": 0.984014848039207,
        "adjusted_hits_at_k": 0.3398066040859514,
        "adjusted_inverse_harmonic_mean_rank": 0.1434337765211817,
        "arithmetic_mean_rank": 778.9517211914062,
        "count": 32174.0,
        "geometric_mean_rank": 66.22853088378906,
        "harmonic_mean_rank": 6.933562135873395,
        "hits_at_1": 0.009821595076770063,
        "hits_at_10": 0.34043016099956486,
        "hits_at_3": 0.25309255920929946,
        "hits_at_5": 0.29691676508982406,
        "inverse_arithmetic_mean_rank": 0.0012837765971198678,
        "inverse_geometric_mean_rank": 0.015099233016371727,
        "inverse_harmonic_mean_rank": 0.14422600971961055,
        "inverse_median_rank": 0.010869565419852734,
        "median_absolute_deviation": 133.43419966550417,
        "median_rank": 92.0,
        "standard_deviation": 1718.4495849609375,
        "variance": 2953069.0,
        "z_arithmetic_mean_rank": 262.0760755017984,
        "z_geometric_mean_rank": 176.88684878206413,
        "z_hits_at_k": 1982.4473805801465,
        "z_inverse_harmonic_mean_rank": 2068.480844912528
      }
    },
    "head": {
      "optimistic": {
        "adjusted_arithmetic_mean_rank": 0.22518770651966372,
        "adjusted_arithmetic_mean_rank_index": 0.7749658423662893,
        "adjusted_geometric_mean_rank_index": 0.9101203623565708,
        "adjusted_hits_at_k": 0.05943839636140767,
        "adjusted_inverse_harmonic_mean_rank": 0.027533212531972936,
        "arithmetic_mean_rank": 1136.5291228942624,
        "count": 16087.0,
        "geometric_mean_rank": 317.32134046629574,
        "harmonic_mean_rank": 34.998319111226074,
        "hits_at_1": 0.007210791322185616,
        "hits_at_10": 0.06048362031453969,
        "hits_at_3": 0.027724249393920555,
        "hits_at_5": 0.03959719027786411,
        "inverse_arithmetic_mean_rank": 0.0008798718658906161,
        "inverse_geometric_mean_rank": 0.003151379603182456,
        "inverse_harmonic_mean_rank": 0.028572800791431142,
        "inverse_median_rank": 0.0026666666666666666,
        "median_absolute_deviation": 487.77612988834306,
        "median_rank": 375.0,
        "standard_deviation": 1909.9639624010022,
        "variance": 3647962.3376705367,
        "z_arithmetic_mean_rank": 162.94914694164748,
        "z_geometric_mean_rank": 115.72068435626682,
        "z_hits_at_k": 226.03917037432603,
        "z_inverse_harmonic_mean_rank": 258.9201908791038
      },
      "pessimistic": {
        "adjusted_arithmetic_mean_rank": 0.2251882977140269,
        "adjusted_arithmetic_mean_rank_index": 0.7749652510547659,
        "adjusted_geometric_mean_rank_index": 0.9101201133027002,
        "adjusted_hits_at_k": 0.05943839636140767,
        "adjusted_inverse_harmonic_mean_rank": 0.027533203330740004,
        "arithmetic_mean_rank": 1136.5321066699819,
        "count": 16087.0,
        "geometric_mean_rank": 317.3222169835611,
        "harmonic_mean_rank": 34.99833036960909,
        "hits_at_1": 0.007210791322185616,
        "hits_at_10": 0.06048362031453969,
        "hits_at_3": 0.027724249393920555,
        "hits_at_5": 0.03959719027786411,
        "inverse_arithmetic_mean_rank": 0.0008798695559336037,
        "inverse_geometric_mean_rank": 0.003151370898344017,
        "inverse_harmonic_mean_rank": 0.02857279160003453,
        "inverse_median_rank": 0.0026666666666666666,
        "median_absolute_deviation": 487.77612988834306,
        "median_rank": 375.0,
        "standard_deviation": 1909.966978598788,
        "variance": 3647973.859337783,
        "z_arithmetic_mean_rank": 162.949022608802,
        "z_geometric_mean_rank": 115.72065268937358,
        "z_hits_at_k": 226.03917037432603,
        "z_inverse_harmonic_mean_rank": 258.9201043514244
      },
      "realistic": {
        "adjusted_arithmetic_mean_rank": 0.2251880070437657,
        "adjusted_arithmetic_mean_rank_index": 0.7749655417826308,
        "adjusted_geometric_mean_rank_index": 0.9101201948657163,
        "adjusted_hits_at_k": 0.05943839636140767,
        "adjusted_inverse_harmonic_mean_rank": 0.027533208014102643,
        "arithmetic_mean_rank": 1136.5306396484375,
        "count": 16087.0,
        "geometric_mean_rank": 317.3219299316406,
        "harmonic_mean_rank": 34.99832463917067,
        "hits_at_1": 0.007210791322185616,
        "hits_at_10": 0.06048362031453969,
        "hits_at_3": 0.027724249393920555,
        "hits_at_5": 0.03959719027786411,
        "inverse_arithmetic_mean_rank": 0.0008798706694506109,