{
  "losses": [
    0.9345267452027676,
    0.5621844933995945,
    0.2595725873634763,
    0.12379607146746341,
    0.06975892285868489,
    0.044647467408755255,
    0.029988594793934384,
    0.020607481179804227,
    0.014775716898500593,
    0.010889155925886022,
    0.008258200999193003,
    0.006451421118185033,
    0.005033996265773591,
    0.004052224756250217,
    0.003238456008203527,
    0.002690184787493607
  ],
  "metrics": {
    "both": {
      "optimistic": {
        "adjusted_arithmetic_mean_rank": 0.05548475783006832,
        "adjusted_arithmetic_mean_rank_index": 0.9445314987196199,
        "adjusted_geometric_mean_rank_index": 0.999954895352141,
        "adjusted_hits_at_k": 0.8919031266651879,
        "adjusted_inverse_harmonic_mean_rank": 0.7805606705146906,
        "arithmetic_mean_rank": 3223.753039513678,
        "count": 48692.0,
        "geometric_mean_rank": 2.9282381427713733,
        "harmonic_mean_rank": 1.2810924575372467,
        "hits_at_1": 0.6968701224020373,
        "hits_at_10": 0.8919124291464717,
        "hits_at_3": 0.8631191982255813,
        "hits_at_5": 0.880986609710014,
        "inverse_arithmetic_mean_rank": 0.00031019745859653565,
        "inverse_geometric_mean_rank": 0.34150227926939364,
        "inverse_harmonic_mean_rank": 0.7805837854376142,
        "inverse_median_rank": 1.0,
        "median_absolute_deviation": 0.0,
        "median_rank": 1.0,
        "standard_deviation": 14871.13628275415,
        "variance": 221150694.34024692,
        "z_arithmetic_mean_rank": 360.99579396231064,
        "z_geometric_mean_rank": 220.72429603880187,
        "z_hits_at_k": 21214.605928472123,
        "z_inverse_harmonic_mean_rank": 45792.467799483486
      },
      "pessimistic": {
        "adjusted_arithmetic_mean_rank": 0.05548480979036854,
        "adjusted_arithmetic_mean_rank_index": 0.9445314467584254,
        "adjusted_geometric_mean_rank_index": 0.9999548953453842,
        "adjusted_hits_at_k": 0.8919031266651879,
        "adjusted_inverse_harmonic_mean_rank": 0.7805606705060545,
        "arithmetic_mean_rank": 3223.756058490101,
        "count": 48692.0,
        "geometric_mean_rank": 2.9282384316281984,
        "harmonic_mean_rank": 1.2810924575514187,
        "hits_at_1": 0.6968701224020373,
        "hits_at_10": 0.8919124291464717,
        "hits_at_3": 0.8631191982255813,
        "hits_at_5": 0.880986609710014,
        "inverse_arithmetic_mean_rank": 0.0003101971681034595,
        "inverse_geometric_mean_rank": 0.34150224558181436,
        "inverse_harmonic_mean_rank": 0.780583785428979,
        "inverse_median_rank": 1.0,
        "median_absolute_deviation": 0.0,
        "median_rank": 1.0,
        "standard_deviation": 14871.145849209059,
        "variance": 221150978.86844784,
        "z_arithmetic_mean_rank": 360.99577410297013,
        "z_geometric_mean_rank": 220.7242960373104,
        "z_hits_at_k": 21214.605928472123,
        "z_inverse_harmonic_mean_rank": 45792.46779897684
      },
      "realistic": {
        "adjusted_arithmetic_mean_rank": 0.055484789555509915,
        "adjusted_arithmetic_mean_rank_index": 0.9445314669936322,
        "adjusted_geometric_mean_rank_index": 0.999954895357468,
        "adjusted_hits_at_k": 0.8919031266651879,
        "adjusted_inverse_harmonic_mean_rank": 0.7805607078855804,
        "arithmetic_mean_rank": 3223.7548828125,
        "count": 48692.0,
        "geometric_mean_rank": 2.9282379150390625,
        "harmonic_mean_rank": 1.2810923962106848,
        "hits_at_1": 0.6968701224020373,
        "hits_at_10": 0.8919124291464717,
        "hits_at_3": 0.8631191982255813,
        "hits_at_5": 0.880986609710014,
        "inverse_arithmetic_mean_rank": 0.00031019726884551346,
        "inverse_geometric_mean_rank": 0.34150230884552,
        "inverse_harmonic_mean_rank": 0.7805838228045675,
        "inverse_median_rank": 1.0,
        "median_absolute_deviation": 0.0,
        "median_rank": 1.0,
        "standard_deviation": 14871.140625,
        "variance": 221150816.0,
        "z_arithmetic_mean_rank": 360.9957818367774,
        "z_geometric_mean_rank": 220.72429603997773,
        "z_hits_at_k": 21214.605928472123,
        "z_inverse_harmonic_mean_rank": 45792.46999188868
      }
    },
    "head": {
      "optimistic": {
        "adjusted_arithmetic_mean_rank": 0.05531158138533592,
        "adjusted_arithmetic_mean_rank_index": 0.9447046781541762,
        "adjusted_geometric_mean_rank_index": 0.9999557241574475,
        "adjusted_hits_at_k": 0.892745226566244,
        "adjusted_inverse_harmonic_mean_rank": 0.7865834253101829,
        "arithmetic_mean_rank": 3213.689394561735,
        "count": 24346.0,
        "geometric_mean_rank": 2.892824803636242,
        "harmonic_mean_rank": 1.2712846326072231,
        "hits_at_1": 0.7075905692926969,
        "hits_at_10": 0.8927544565842438,
        "hits_at_3": 0.8642487472274706,
        "hits_at_5": 0.8823215312577015,
        "inverse_arithmetic_mean_rank": 0.0003111688396807167,
        "inverse_geometric_mean_rank": 0.3456828767310808,
        "inverse_harmonic_mean_rank": 0.7866059058301861,
        "inverse_median_rank": 1.0,
        "median_absolute_deviation": 0.0,
        "median_rank": 1.0,
        "standard_deviation": 14819.678174299655,
        "variance": 219622861.18981358,
        "z_arithmetic_mean_rank": 255.3093761647655,
        "z_geometric_mean_rank": 156.07919971524336,
        "z_hits_at_k": 15015.150814085739,
        "z_inverse_harmonic_mean_rank": 32629.99850739776
      },
      "pessimistic": {
        "adjusted_arithmetic_mean_rank": 0.0553116273366478,
        "adjusted_arithmetic_mean_rank_index": 0.9447046322020735,
        "adjusted_geometric_mean_rank_index": 0.9999557241531153,
        "adjusted_hits_at_k": 0.892745226566244,
        "adjusted_inverse_harmonic_mean_rank": 0.7865834253079402,
        "arithmetic_mean_rank": 3213.6920644048305,
        "count": 24346.0,
        "geometric_mean_rank": 2.892824988838253,
        "harmonic_mean_rank": 1.2712846326108471,
        "hits_at_1": 0.7075905692926969,
        "hits_at_10": 0.8927544565842438,
        "hits_at_3": 0.8642487472274706,
        "hits_at_5": 0.8823215312577015,
        "inverse_arithmetic_mean_rank": 0.00031116858117057896,
        "inverse_geometric_mean_rank": 0.34568285460006204,
        "inverse_harmonic_mean_rank": 0.7866059058279437,
        "inverse_median_rank": 1.0,
        "median_absolute_deviation": 0.0,
        "median_rank": 1.0,
        "standard_deviation": 14819.687949802885,
        "variance": 219623150.92953283,
        "z_arithmetic_mean_rank": 255.30936374606688,
        "z_geometric_mean_rank": 156.07919971456718,
        "z_hits_at_k": 15015.150814085739,
        "z_inverse_harmonic_mean_rank": 32629.998507304725
      },
      "realistic": {
        "adjusted_arithmetic_mean_rank": 0.05531160340309755,
        "adjusted_arithmetic_mean_rank_index": 0.9447046561360356,
        "adjusted_geometric_mean_rank_index": 0.9999557241610456,
        "adjusted_hits_at_k": 0.892745226566244,
        "adjusted_inverse_harmonic_mean_rank": 0.7865834108466652,
        "arithmetic_mean_rank": 3213.690673828125,
        "count": 24346.0,
        "geometric_mean_rank": 2.892824649810791,
        "harmonic_mean_rank": 1.2712846559801867,
        "hits_at_1": 0.7075905692926969,
        "hits_at_10": 0.8927544565842438,
        "hits_at_3": 0.8642487472274706,
        "hits_at_5": 0.8823215312577015,
        "inverse_arithmetic_mean_rank": 0.0003111687256023288,
        "inverse_geometric_mean_rank": 0.34568288922309875,
        "inverse_harmonic_mean_rank": 0.7866058913681919,
        "inverse_median_rank": 1.0,
        "median_absolute_deviation": 0.0,
        "median_rank": 1.0,
        "standard_deviation": 14819.68359375,
        "variance": 219623008.0,
        "z_arithmetic_mean_rank": 255.30937021429455,
        "z_geometric_mean_rank": 156.079199715805,
        "z_hits_at_k": 15015.150814085739,