{
  "losses": [
    1.1357426532795505,
    0.6065590857335973,
    0.4726311500879034,
    0.38647594146193964,
    0.32636578582108966,
    0.28541604550703176,
    0.25386967774598845,
    0.23222716421716744,
    0.2130138511133809,
    0.20225073947822528,
    0.18898351807590752,
    0.18188508239293855,
    0.1776324232951516,
    0.1689016670727777,
    0.16440530071064594,
    0.16095625289109727
  ],
  "metrics": {
    "both": {
      "optimistic": {
        "adjusted_arithmetic_mean_rank": 0.1621481254123486,
        "adjusted_arithmetic_mean_rank_index": 0.8379979124963121,
        "adjusted_geometric_mean_rank_index": 0.9830136951180822,
        "adjusted_hits_at_k": 0.3154471757366417,
        "adjusted_inverse_harmonic_mean_rank": 0.2368976366177849,
        "arithmetic_mean_rank": 930.4419096164605,
        "count": 32174.0,
        "geometric_mean_rank": 70.3138054182543,
        "harmonic_mean_rank": 4.208693529404153,
        "hits_at_1": 0.18384409771865481,
        "hits_at_10": 0.3160937402871884,
        "hits_at_3": 0.27223845340958536,
        "hits_at_5": 0.2918816435631255,
        "inverse_arithmetic_mean_rank": 0.0010747581226346653,
        "inverse_geometric_mean_rank": 0.01422195817807904,
        "inverse_harmonic_mean_rank": 0.2376034256268537,
        "inverse_median_rank": 0.006622516556291391,
        "median_absolute_deviation": 222.39033277584028,
        "median_rank": 151.0,
        "standard_deviation": 2059.340364750749,
        "variance": 4240882.737891748,
        "z_arithmetic_mean_rank": 254.07047117853773,
        "z_geometric_mean_rank": 176.70688118734785,
        "z_hits_at_k": 1840.3333535340334,
        "z_inverse_harmonic_mean_rank": 3416.337737412728
      },
      "pessimistic": {
        "adjusted_arithmetic_mean_rank": 0.16214813082883442,
        "adjusted_arithmetic_mean_rank_index": 0.8379979070788822,
        "adjusted_geometric_mean_rank_index": 0.9830136943424584,
        "adjusted_hits_at_k": 0.3154471757366417,
        "adjusted_inverse_harmonic_mean_rank": 0.23689763655253657,
        "arithmetic_mean_rank": 930.4419406974575,
        "count": 32174.0,
        "geometric_mean_rank": 70.3138085832414,
        "harmonic_mean_rank": 4.208693530558834,
        "hits_at_1": 0.18384409771865481,
        "hits_at_10": 0.3160937402871884,
        "hits_at_3": 0.27223845340958536,
        "hits_at_5": 0.2918816435631255,
        "inverse_arithmetic_mean_rank": 0.0010747580867328506,
        "inverse_geometric_mean_rank": 0.01422195753791582,
        "inverse_harmonic_mean_rank": 0.2376034255616657,
        "inverse_median_rank": 0.006622516556291391,
        "median_absolute_deviation": 222.39033277584028,
        "median_rank": 151.0,
        "standard_deviation": 2059.3403611293784,
        "variance": 4240882.722976478,
        "z_arithmetic_mean_rank": 254.07046953604083,
        "z_geometric_mean_rank": 176.70688104792146,
        "z_hits_at_k": 1840.3333535340334,
        "z_inverse_harmonic_mean_rank": 3416.3377364717717
      },
      "realistic": {
        "adjusted_arithmetic_mean_rank": 0.16214811214685115,
        "adjusted_arithmetic_mean_rank_index": 0.8379979257641217,
        "adjusted_geometric_mean_rank_index": 0.9830136915727443,
        "adjusted_hits_at_k": 0.3154471757366417,
        "adjusted_inverse_harmonic_mean_rank": 0.23689764333478439,
        "arithmetic_mean_rank": 930.4418334960938,
        "count": 32174.0,
        "geometric_mean_rank": 70.3138198852539,
        "harmonic_mean_rank": 4.208693410535307,
        "hits_at_1": 0.18384409771865481,
        "hits_at_10": 0.3160937402871884,
        "hits_at_3": 0.27223845340958536,
        "hits_at_5": 0.2918816435631255,
        "inverse_arithmetic_mean_rank": 0.0010747582418844104,
        "inverse_geometric_mean_rank": 0.014221955090761185,
        "inverse_harmonic_mean_rank": 0.23760343233764067,
        "inverse_median_rank": 0.0066225165501236916,
        "median_absolute_deviation": 222.39033277584028,
        "median_rank": 151.0,
        "standard_deviation": 2059.34033203125,
        "variance": 4240882.5,
        "z_arithmetic_mean_rank": 254.07047520117143,
        "z_geometric_mean_rank": 176.70688055003666,
        "z_hits_at_k": 1840.3333535340334,
        "z_inverse_harmonic_mean_rank": 3416.337834279625
      }
    },
    "head": {
      "optimistic": {
        "adjusted_arithmetic_mean_rank": 0.2466928325596847,
        "adjusted_arithmetic_mean_rank_index": 0.7534564545351565,
        "adjusted_geometric_mean_rank_index": 0.8877358669965765,
        "adjusted_hits_at_k": 0.020855083257270635,
        "adjusted_inverse_harmonic_mean_rank": 0.012874254472980568,
        "arithmetic_mean_rank": 1245.0661403617828,
        "count": 16087.0,
        "geometric_mean_rank": 396.1010703760396,
        "harmonic_mean_rank": 71.79001632024777,
        "hits_at_1": 0.0037297196494063527,
        "hits_at_10": 0.02194318393734071,
        "hits_at_3": 0.008578355193634611,
        "hits_at_5": 0.012867532790451918,
        "inverse_arithmetic_mean_rank": 0.000803170183159448,
        "inverse_geometric_mean_rank": 0.002524608173996216,
        "inverse_harmonic_mean_rank": 0.013929513479132034,
        "inverse_median_rank": 0.0024875621890547263,
        "median_absolute_deviation": 437.36765445915256,
        "median_rank": 402.0,
        "standard_deviation": 2212.2609015134676,
        "variance": 4894098.29636518,
        "z_arithmetic_mean_rank": 158.4264490281264,
        "z_geometric_mean_rank": 112.87452331079692,
        "z_hits_at_k": 79.31010939288588,
        "z_inverse_harmonic_mean_rank": 121.06848852815014
      },
      "pessimistic": {
        "adjusted_arithmetic_mean_rank": 0.24669284487623394,
        "adjusted_arithmetic_mean_rank_index": 0.7534564422161664,
        "adjusted_geometric_mean_rank_index": 0.8877358568644597,
        "adjusted_hits_at_k": 0.020855083257270635,
        "adjusted_inverse_harmonic_mean_rank": 0.012874254342465,
        "arithmetic_mean_rank": 1245.066202523777,
        "count": 16087.0,
        "geometric_mean_rank": 396.10110603489227,
        "harmonic_mean_rank": 71.79001699218067,
        "hits_at_1": 0.0037297196494063527,
        "hits_at_10": 0.02194318393734071,
        "hits_at_3": 0.008578355193634611,
        "hits_at_5": 0.012867532790451918,
        "inverse_arithmetic_mean_rank": 0.000803170143059845,
        "inverse_geometric_mean_rank": 0.0025246079467193174,
        "inverse_harmonic_mean_rank": 0.01392951334875599,
        "inverse_median_rank": 0.0024875621890547263,
        "median_absolute_deviation": 437.36765445915256,
        "median_rank": 402.0,
        "standard_deviation": 2212.2608859307943,
        "variance": 4894098.227419303,
        "z_arithmetic_mean_rank": 158.42644643785877,
        "z_geometric_mean_rank": 112.87452202251073,
        "z_hits_at_k": 79.31010939288588,
        "z_inverse_harmonic_mean_rank": 121.06848730079187
      },
      "realistic": {
        "adjusted_arithmetic_mean_rank": 0.24669283686867274,
        "adjusted_arithmetic_mean_rank_index": 0.7534564502253145,
        "adjusted_geometric_mean_rank_index": 0.8877358659047075,
        "adjusted_hits_at_k": 0.020855083257270635,
        "adjusted_inverse_harmonic_mean_rank": 0.012874254011801122,
        "arithmetic_mean_rank": 1245.066162109375,
        "count": 16087.0,
        "geometric_mean_rank": 396.10107421875,
        "harmonic_mean_rank": 71.79001869453656,
        "hits_at_1": 0.0037297196494063527,
        "hits_at_10": 0.02194318393734071,
        "hits_at_3": 0.008578355193634611,
        "hits_at_5": 0.012867532790451918,
        "inverse_arithmetic_mean_rank": 0.0008031701436266303,
        "inverse_geometric_mean_rank": 0.0025246080476790667,
        "inverse_harmonic_mean_rank": 0.0139295130184456,
        "inverse_median_rank": 0.002487562131136656,
        "median_absolute_deviation": 437.36765445915256,