{
  "losses": [
    0.892778292552108,
    0.6102751151923715,
    0.37653472533771304,
    0.20035422221732546,
    0.10249809302625285,
    0.05804627342489514,
    0.03496200837865653,
    0.023170153699914976,
    0.015423818592235917,
    0.010793252806734393,
    0.008283236281552019,
    0.006467479203517239,
    0.005118612384416816,
    0.004181451003867091,
    0.003572832854179135,
    0.003021854007675555,
    0.002697318320981467,
    0.002271593713987315,
    0.002004767654218922,
    0.0017270078555988986
  ],
  "metrics": {
    "both": {
      "optimistic": {
        "adjusted_arithmetic_mean_rank": 0.057909319107820025,
        "adjusted_arithmetic_mean_rank_index": 0.942106895711466,
        "adjusted_geometric_mean_rank_index": 0.9999337414692426,
        "adjusted_hits_at_k": 0.8836053617350598,
        "adjusted_inverse_harmonic_mean_rank": 0.6327504682890442,
        "arithmetic_mean_rank": 3364.6239217941347,
        "count": 48692.0,
        "geometric_mean_rank": 3.832573412158612,
        "harmonic_mean_rank": 1.5803052174274335,
        "hits_at_1": 0.49507105890084613,
        "hits_at_10": 0.8836153782962294,
        "hits_at_3": 0.739854596237575,
        "hits_at_5": 0.8211410498644541,
        "inverse_arithmetic_mean_rank": 0.0002972100369145462,
        "inverse_geometric_mean_rank": 0.2609212903339462,
        "inverse_harmonic_mean_rank": 0.6327891529889981,
        "inverse_median_rank": 0.5,
        "median_absolute_deviation": 1.482602218505602,
        "median_rank": 2.0,
        "standard_deviation": 15533.132737633343,
        "variance": 241278212.6449367,
        "z_arithmetic_mean_rank": 360.06912133237887,
        "z_geometric_mean_rank": 220.7196266522796,
        "z_hits_at_k": 21017.237169672106,
        "z_inverse_harmonic_mean_rank": 37121.01639085699
      },
      "pessimistic": {
        "adjusted_arithmetic_mean_rank": 0.05790936611952021,
        "adjusted_arithmetic_mean_rank_index": 0.9421068486989568,
        "adjusted_geometric_mean_rank_index": 0.99993374145416,
        "adjusted_hits_at_k": 0.8836053617350598,
        "adjusted_inverse_harmonic_mean_rank": 0.6327504681682696,
        "arithmetic_mean_rank": 3364.6266532489935,
        "count": 48692.0,
        "geometric_mean_rank": 3.832574056941956,
        "harmonic_mean_rank": 1.5803052177290198,
        "hits_at_1": 0.49507105890084613,
        "hits_at_10": 0.8836153782962294,
        "hits_at_3": 0.739854596237575,
        "hits_at_5": 0.8211410498644541,
        "inverse_arithmetic_mean_rank": 0.00029720979563493835,
        "inverse_geometric_mean_rank": 0.26092124643715525,
        "inverse_harmonic_mean_rank": 0.6327891528682362,
        "inverse_median_rank": 0.5,
        "median_absolute_deviation": 1.482602218505602,
        "median_rank": 2.0,
        "standard_deviation": 15533.141630100541,
        "variance": 241278488.9007625,
        "z_arithmetic_mean_rank": 360.06910336440416,
        "z_geometric_mean_rank": 220.71962664895037,
        "z_hits_at_k": 21017.237169672106,
        "z_inverse_harmonic_mean_rank": 37121.01638377162
      },
      "realistic": {
        "adjusted_arithmetic_mean_rank": 0.057909341867030756,
        "adjusted_arithmetic_mean_rank_index": 0.9421068729518636,
        "adjusted_geometric_mean_rank_index": 0.999933741458049,
        "adjusted_hits_at_k": 0.8836053617350598,
        "adjusted_inverse_harmonic_mean_rank": 0.6327504702178949,
        "arithmetic_mean_rank": 3364.625244140625,
        "count": 48692.0,
        "geometric_mean_rank": 3.832573890686035,
        "harmonic_mean_rank": 1.5803052126108974,
        "hits_at_1": 0.49507105890084613,
        "hits_at_10": 0.8836153782962294,
        "hits_at_3": 0.739854596237575,
        "hits_at_5": 0.8211410498644541,
        "inverse_arithmetic_mean_rank": 0.0002972099173348397,
        "inverse_geometric_mean_rank": 0.26092126965522766,
        "inverse_harmonic_mean_rank": 0.6327891549176455,
        "inverse_median_rank": 0.5,
        "median_absolute_deviation": 1.482602218505602,
        "median_rank": 2.0,
        "standard_deviation": 15533.1376953125,
        "variance": 241278368.0,
        "z_arithmetic_mean_rank": 360.0691126337587,
        "z_geometric_mean_rank": 220.71962664980882,
        "z_hits_at_k": 21017.237169672106,
        "z_inverse_harmonic_mean_rank": 37121.01650401518
      }
    },
    "head": {
      "optimistic": {
        "adjusted_arithmetic_mean_rank": 0.057121402788415106,
        "adjusted_arithmetic_mean_rank_index": 0.9428948256012893,
        "adjusted_geometric_mean_rank_index": 0.9999342117848803,
        "adjusted_hits_at_k": 0.8834615885746588,
        "adjusted_inverse_harmonic_mean_rank": 0.6343639543557927,
        "arithmetic_mean_rank": 3318.8428489279554,
        "count": 24346.0,
        "geometric_mean_rank": 3.8124945384805256,
        "harmonic_mean_rank": 1.5762864249120403,
        "hits_at_1": 0.4974123059229442,
        "hits_at_10": 0.8834716175141707,
        "hits_at_3": 0.741353815821901,
        "hits_at_5": 0.8231742380678551,
        "inverse_arithmetic_mean_rank": 0.0003013098376511011,
        "inverse_geometric_mean_rank": 0.26229545771324597,
        "inverse_harmonic_mean_rank": 0.6344024691171225,
        "inverse_median_rank": 0.5,
        "median_absolute_deviation": 1.482602218505602,
        "median_rank": 2.0,
        "standard_deviation": 15437.69694381431,
        "variance": 238322486.92905366,
        "z_arithmetic_mean_rank": 254.82025788588643,
        "z_geometric_mean_rank": 156.07584193268045,
        "z_hits_at_k": 14859.008590751562,
        "z_inverse_harmonic_mean_rank": 26315.44756440025
      },
      "pessimistic": {
        "adjusted_arithmetic_mean_rank": 0.05712145156750002,
        "adjusted_arithmetic_mean_rank_index": 0.9428947768213648,
        "adjusted_geometric_mean_rank_index": 0.9999342117660845,
        "adjusted_hits_at_k": 0.8834615885746588,
        "adjusted_inverse_harmonic_mean_rank": 0.6343639541445892,
        "arithmetic_mean_rank": 3318.8456830690875,
        "count": 24346.0,
        "geometric_mean_rank": 3.8124953420085177,
        "harmonic_mean_rank": 1.576286425436758,
        "hits_at_1": 0.4974123059229442,
        "hits_at_10": 0.8834716175141707,
        "hits_at_3": 0.741353815821901,
        "hits_at_5": 0.8231742380678551,
        "inverse_arithmetic_mean_rank": 0.0003013095803463976,
        "inverse_geometric_mean_rank": 0.2622954024314099,
        "inverse_harmonic_mean_rank": 0.6344024689059412,
        "inverse_median_rank": 0.5,
        "median_absolute_deviation": 1.482602218505602,
        "median_rank": 2.0,
        "standard_deviation": 15437.70586307316,
        "variance": 238322762.31476343,
        "z_arithmetic_mean_rank": 254.8202447029602,
        "z_geometric_mean_rank": 156.0758419297467,
        "z_hits_at_k": 14859.008590751562,
        "z_inverse_harmonic_mean_rank": 26315.44755563885
      },
      "realistic": {
        "adjusted_arithmetic_mean_rank": 0.0571214224989459,
        "adjusted_arithmetic_mean_rank_index": 0.9428948058904193,
        "adjusted_geometric_mean_rank_index": 0.9999342117686666,
        "adjusted_hits_at_k": 0.8834615885746588,
        "adjusted_inverse_harmonic_mean_rank": 0.6343639778862447,
        "arithmetic_mean_rank": 3318.843994140625,
        "count": 24346.0,
        "geometric_mean_rank": 3.812495231628418,
        "harmonic_mean_rank": 1.576286366452584,
        "hits_at_1": 0.4974123059229442,
        "hits_at_10": 0.8834716175141707,
        "hits_at_3": 0.741353815821901,
        "hits_at_5": 0.8231742380678551,
        "inverse_arithmetic_mean_rank": 0.0003013097448274493,
        "inverse_geometric_mean_rank": 0.2622953951358795,
        "inverse_harmonic_mean_rank": 0.6344024926450957,
        "inverse_median_rank": 0.5,
        "median_absolute_deviation": 1.482602218505602,
        "median_rank": 2.0,