{
    "hits@3": {
        "local_kg_hit_rewriting": 0.6666666666666666,
        "online_kg_hit_rewriting": 0.0,
        "local_kg_hit_original": 0.6666666666666666,
        "online_kg_hit_original": 0.0
    },
    "mrr": {
        "local_kg_hit_rewriting": 0.5,
        "online_kg_hit_rewriting": 0.06666666666666667,
        "local_kg_hit_original": 0.5,
        "online_kg_hit_original": 0.000350385423966363
    }
}