{
    "hits@3": {
        "local_kg_hit_rewriting": 0.6666666666666666,
        "online_kg_hit_rewriting": 0.0,
        "local_kg_hit_original": 0.6666666666666666,
        "online_kg_hit_original": 0.0
    },
    "mrr": {
        "local_kg_hit_rewriting": 1.0,
        "online_kg_hit_rewriting": 0.01694915254237288,
        "local_kg_hit_original": 1.0,
        "online_kg_hit_original": 0.00021244954323348204
    }
}