{
    "hits@3": {
        "local_kg_hit_rewriting": 0.6666666666666666,
        "online_kg_hit_rewriting": 0.6666666666666666,
        "local_kg_hit_original": 0.6666666666666666,
        "online_kg_hit_original": 0.0
    },
    "mrr": {
        "local_kg_hit_rewriting": 0.5,
        "online_kg_hit_rewriting": 1.0,
        "local_kg_hit_original": 0.5,
        "online_kg_hit_original": 0.00034153005464480874
    }
}