{
    "hits@3": {
        "local_kg_hit_rewriting": 0.0,
        "online_kg_hit_rewriting": 0.0,
        "local_kg_hit_original": 0.0,
        "online_kg_hit_original": 0.0
    },
    "mrr": {
        "local_kg_hit_rewriting": 0.14285714285714285,
        "online_kg_hit_rewriting": 0.011494252873563218,
        "local_kg_hit_original": 0.14285714285714285,
        "online_kg_hit_original": 0.00641025641025641
    }
}