{
    "hits@3": {
        "local_kg_hit_rewriting": 0.0,
        "online_kg_hit_rewriting": 0.0,
        "local_kg_hit_original": 0.0,
        "online_kg_hit_original": 0.0
    },
    "mrr": {
        "local_kg_hit_rewriting": 0.07142857142857142,
        "online_kg_hit_rewriting": 0.02857142857142857,
        "local_kg_hit_original": 0.07142857142857142,
        "online_kg_hit_original": 0.02857142857142857
    }
}