{
    "hits@3": {
        "local_kg_hit_rewriting": 0.0,
        "online_kg_hit_rewriting": 0.0,
        "local_kg_hit_original": 0.0,
        "online_kg_hit_original": 0.0
    },
    "mrr": {
        "local_kg_hit_rewriting": 0.01282051282051282,
        "online_kg_hit_rewriting": 0.0055248618784530384,
        "local_kg_hit_original": 0.01282051282051282,
        "online_kg_hit_original": 0.0055248618784530384
    }
}