{
    "hits@3": {
        "local_kg_hit_rewriting": 0.0,
        "online_kg_hit_rewriting": 0.0,
        "local_kg_hit_original": 0.0,
        "online_kg_hit_original": 0.0
    },
    "mrr": {
        "local_kg_hit_rewriting": 0.0017271157167530224,
        "online_kg_hit_rewriting": 0.018518518518518517,
        "local_kg_hit_original": 0.0017271157167530224,
        "online_kg_hit_original": 0.018518518518518517
    }
}