{
    "hits@3": {
        "local_kg_hit_rewriting": 0.3333333333333333,
        "online_kg_hit_rewriting": 0.0,
        "local_kg_hit_original": 0.3333333333333333,
        "online_kg_hit_original": 0.0
    },
    "mrr": {
        "local_kg_hit_rewriting": 0.5,
        "online_kg_hit_rewriting": 0.05555555555555555,
        "local_kg_hit_original": 0.5,
        "online_kg_hit_original": 0.05555555555555555
    }
}