{
    "hits@3": {
        "local_kg_hit_rewriting": 0.3333333333333333,
        "online_kg_hit_rewriting": 0.3333333333333333,
        "local_kg_hit_original": 0.0,
        "online_kg_hit_original": 0.3333333333333333
    },
    "mrr": {
        "local_kg_hit_rewriting": 0.3333333333333333,
        "online_kg_hit_rewriting": 0.3333333333333333,
        "local_kg_hit_original": 0.25,
        "online_kg_hit_original": 1.0
    }
}