{
    "hits@3": {
        "local_kg_hit_rewriting": 0.0,
        "online_kg_hit_rewriting": 0.0,
        "local_kg_hit_original": 0.0,
        "online_kg_hit_original": 0.0
    },
    "mrr": {
        "local_kg_hit_rewriting": 0.030303030303030304,
        "online_kg_hit_rewriting": 0.022222222222222223,
        "local_kg_hit_original": 0.030303030303030304,
        "online_kg_hit_original": 0.022222222222222223
    }
}