{
    "hits@3": {
        "local_kg_hit_rewriting": 0.0,
        "online_kg_hit_rewriting": 0.0,
        "local_kg_hit_original": 0.0,
        "online_kg_hit_original": 0.6666666666666666
    },
    "mrr": {
        "local_kg_hit_rewriting": 0.03571428571428571,
        "online_kg_hit_rewriting": 0.004975124378109453,
        "local_kg_hit_original": 0.03571428571428571,
        "online_kg_hit_original": 1.0
    }
}