{
    "hits@3": {
        "local_kg_hit_rewriting": 0.0,
        "online_kg_hit_rewriting": 0.0,
        "local_kg_hit_original": 0.0,
        "online_kg_hit_original": 0.0
    },
    "mrr": {
        "local_kg_hit_rewriting": 0.0035971223021582736,
        "online_kg_hit_rewriting": 0.002183406113537118,
        "local_kg_hit_original": 0.0035971223021582736,
        "online_kg_hit_original": 0.002840909090909091
    }
}