{
    "hits@3": {
        "local_kg_hit_rewriting": 0.0,
        "online_kg_hit_rewriting": 0.0,
        "local_kg_hit_original": 0.0,
        "online_kg_hit_original": 0.0
    },
    "mrr": {
        "local_kg_hit_rewriting": 0.05263157894736842,
        "online_kg_hit_rewriting": 0.03571428571428571,
        "local_kg_hit_original": 0.05263157894736842,
        "online_kg_hit_original": 0.03571428571428571
    }
}