{
    "hits@3": {
        "local_kg_hit_rewriting": 0.0,
        "online_kg_hit_rewriting": 0.0,
        "local_kg_hit_original": 0.0,
        "online_kg_hit_original": 0.0
    },
    "mrr": {
        "local_kg_hit_rewriting": 0.0196078431372549,
        "online_kg_hit_rewriting": 0.020833333333333332,
        "local_kg_hit_original": 0.0196078431372549,
        "online_kg_hit_original": 0.020833333333333332
    }
}