{
    "hits@3": {
        "local_kg_hit_rewriting": 0.3333333333333333,
        "online_kg_hit_rewriting": 0.3333333333333333,
        "local_kg_hit_original": 0.0,
        "online_kg_hit_original": 0.6666666666666666
    },
    "mrr": {
        "local_kg_hit_rewriting": 0.3333333333333333,
        "online_kg_hit_rewriting": 0.3333333333333333,
        "local_kg_hit_original": 0.14285714285714285,
        "online_kg_hit_original": 1.0
    }
}