{
  "losses": [
    1.3720938639626616,
    0.5741877559690721,
    0.40968346048796933,
    0.3230561340552947,
    0.2721989153780871,
    0.23554788735355175,
    0.2131126732639377,
    0.19536884154917467,
    0.18383720045584062,
    0.17442798040186366,
    0.16584567396738936,
    0.16003444408702236,
    0.15471904340481002,
    0.15117513168130128,
    0.1471735891102562,
    0.14584367087347402,
    0.14319083614215727,
    0.1414440151097046,
    0.13825331666018992,
    0.1369902937569552,
    0.134210971276468,
    0.134762988536663,
    0.1321950615753257,
    0.13224677483196415
  ],
  "metrics": {
    "both": {
      "optimistic": {
        "adjusted_arithmetic_mean_rank": 0.1470447909280752,
        "adjusted_arithmetic_mean_rank_index": 0.8531038794976793,
        "adjusted_geometric_mean_rank_index": 0.9856041940631867,
        "adjusted_hits_at_k": 0.3319667880654839,
        "adjusted_inverse_harmonic_mean_rank": 0.2356026969734891,
        "arithmetic_mean_rank": 843.7756262820911,
        "count": 32174.0,
        "geometric_mean_rank": 59.74309324363031,
        "harmonic_mean_rank": 4.231735172640548,
        "hits_at_1": 0.17312115372661155,
        "hits_at_10": 0.3325977497358115,
        "hits_at_3": 0.2762789830297756,
        "hits_at_5": 0.30468701435942064,
        "inverse_arithmetic_mean_rank": 0.0011851491899644894,
        "inverse_geometric_mean_rank": 0.016738336529078496,
        "inverse_harmonic_mean_rank": 0.23630968366482466,
        "inverse_median_rank": 0.008547008547008548,
        "median_absolute_deviation": 171.98185734664983,
        "median_rank": 117.0,
        "standard_deviation": 2013.5473601040655,
        "variance": 4054372.9713820517,
        "z_arithmetic_mean_rank": 258.6504111717196,
        "z_geometric_mean_rank": 177.17255017200378,
        "z_hits_at_k": 1936.7095327951906,
        "z_inverse_harmonic_mean_rank": 3397.6632109900893
      },
      "pessimistic": {
        "adjusted_arithmetic_mean_rank": 0.1470448125940185,
        "adjusted_arithmetic_mean_rank_index": 0.8531038578279595,
        "adjusted_geometric_mean_rank_index": 0.9856041931242537,
        "adjusted_hits_at_k": 0.3319667880654839,
        "adjusted_inverse_harmonic_mean_rank": 0.23560269691151303,
        "arithmetic_mean_rank": 843.7757506060794,
        "count": 32174.0,
        "geometric_mean_rank": 59.74309707501178,
        "harmonic_mean_rank": 4.231735173749363,
        "hits_at_1": 0.17312115372661155,
        "hits_at_10": 0.3325977497358115,
        "hits_at_3": 0.2762789830297756,
        "hits_at_5": 0.30468701435942064,
        "inverse_arithmetic_mean_rank": 0.0011851490153417014,
        "inverse_geometric_mean_rank": 0.0167383354556331,
        "inverse_harmonic_mean_rank": 0.2363096836029059,
        "inverse_median_rank": 0.008547008547008548,
        "median_absolute_deviation": 171.98185734664983,
        "median_rank": 117.0,
        "standard_deviation": 2013.5475317655655,
        "variance": 4054373.662679201,
        "z_arithmetic_mean_rank": 258.650404601732,
        "z_geometric_mean_rank": 177.17255000322086,
        "z_hits_at_k": 1936.7095327951906,
        "z_inverse_harmonic_mean_rank": 3397.663210096323
      },
      "realistic": {
        "adjusted_arithmetic_mean_rank": 0.1470448030430984,
        "adjusted_arithmetic_mean_rank_index": 0.8531038673805444,
        "adjusted_geometric_mean_rank_index": 0.9856041935352411,
        "adjusted_hits_at_k": 0.3319667880654839,
        "adjusted_inverse_harmonic_mean_rank": 0.23560268395460804,
        "arithmetic_mean_rank": 843.7756958007812,
        "count": 32174.0,
        "geometric_mean_rank": 59.74309539794922,
        "harmonic_mean_rank": 4.231735405561621,
        "hits_at_1": 0.17312115372661155,
        "hits_at_10": 0.3325977497358115,
        "hits_at_3": 0.2762789830297756,
        "hits_at_5": 0.30468701435942064,
        "inverse_arithmetic_mean_rank": 0.0011851490708068013,
        "inverse_geometric_mean_rank": 0.01673833653330803,
        "inverse_harmonic_mean_rank": 0.2363096706579847,
        "inverse_median_rank": 0.008547008968889713,
        "median_absolute_deviation": 171.98185734664983,
        "median_rank": 117.0,
        "standard_deviation": 2013.5474853515625,
        "variance": 4054373.5,
        "z_arithmetic_mean_rank": 258.6504074979561,
        "z_geometric_mean_rank": 177.1725500771001,
        "z_hits_at_k": 1936.7095327951906,
        "z_inverse_harmonic_mean_rank": 3397.6630232427765
      }
    },
    "head": {
      "optimistic": {
        "adjusted_arithmetic_mean_rank": 0.2158453452789081,
        "adjusted_arithmetic_mean_rank_index": 0.7843100550350266,
        "adjusted_geometric_mean_rank_index": 0.910397042330217,
        "adjusted_hits_at_k": 0.03342577559119916,
        "adjusted_inverse_harmonic_mean_rank": 0.019497732635397037,
        "arithmetic_mean_rank": 1089.3779449244732,
        "count": 16087.0,
        "geometric_mean_rank": 316.3475962185589,
        "harmonic_mean_rank": 48.67148504974036,
        "hits_at_1": 0.006962143345558526,
        "hits_at_10": 0.034499906757008765,
        "hits_at_3": 0.015851308509977,
        "hits_at_5": 0.02169453596071362,
        "inverse_arithmetic_mean_rank": 0.0009179550629412919,
        "inverse_geometric_mean_rank": 0.0031610798120593835,
        "inverse_harmonic_mean_rank": 0.020545910998565977,
        "inverse_median_rank": 0.00303951367781155,
        "median_absolute_deviation": 372.13315684490607,
        "median_rank": 329.0,
        "standard_deviation": 2118.77069917779,
        "variance": 4489189.275694341,
        "z_arithmetic_mean_rank": 164.91391932253444,
        "z_geometric_mean_rank": 115.75586387451769,
        "z_hits_at_k": 127.11538409974217,
        "z_inverse_harmonic_mean_rank": 183.35516241718364
      },
      "pessimistic": {
        "adjusted_arithmetic_mean_rank": 0.2158453699120066,
        "adjusted_arithmetic_mean_rank_index": 0.7843100303970465,
        "adjusted_geometric_mean_rank_index": 0.9103970329952088,
        "adjusted_hits_at_k": 0.03342577559119916,
        "adjusted_inverse_harmonic_mean_rank": 0.01949773251645382,
        "arithmetic_mean_rank": 1089.3780692484615,
        "count": 16087.0,
        "geometric_mean_rank": 316.34762907207715,
        "harmonic_mean_rank": 48.67148533120534,
        "hits_at_1": 0.006962143345558526,
        "hits_at_10": 0.034499906757008765,
        "hits_at_3": 0.015851308509977,
        "hits_at_5": 0.02169453596071362,
        "inverse_arithmetic_mean_rank": 0.0009179549581807521,
        "inverse_geometric_mean_rank": 0.0031610794837730817,
        "inverse_harmonic_mean_rank": 0.020545910879749912,
        "inverse_median_rank": 0.00303951367781155,
        "median_absolute_deviation": 372.13315684490607,
        "median_rank": 329.0,
        "standard_deviation": 2118.7707466843153,
        "variance": 4489189.477005211,
        "z_arithmetic_mean_rank": 164.91391414199921,
        "z_geometric_mean_rank": 115.75586268758288,
        "z_hits_at_k": 127.11538409974217,
        "z_inverse_harmonic_mean_rank": 183.35516129865087
      },
      "realistic": {
        "adjusted_arithmetic_mean_rank": 0.21584536644647362,
        "adjusted_arithmetic_mean_rank_index": 0.7843100338632663,
        "adjusted_geometric_mean_rank_index": 0.910397042615413,
        "adjusted_hits_at_k": 0.03342577559119916,
        "adjusted_inverse_harmonic_mean_rank": 0.019497732260473546,
        "arithmetic_mean_rank": 1089.3780517578125,
        "count": 16087.0,
        "geometric_mean_rank": 316.34759521484375,
        "harmonic_mean_rank": 48.671485936952216,
        "hits_at_1": 0.006962143345558526,
        "hits_at_10": 0.034499906757008765,
        "hits_at_3": 0.015851308509977,
        "hits_at_5": 0.02169453596071362,
        "inverse_arithmetic_mean_rank": 0.0009179549524560571,
        "inverse_geometric_mean_rank": 0.003161079715937376,