{
  "losses": [
    1.0056738456877152,
    1.0005831642906264,
    0.999831240602059,
    0.9983000015268232,
    0.9948758227990405,
    0.9893186183259038,
    0.982364293490306,
    0.9755341620728522,
    0.9679479419594944,
    0.9575355672600245,
    0.9446381081448924,
    0.9308438561930514,
    0.9183466449822529,
    0.9072225635594661,
    0.895865274419879,
    0.8845556275679334
  ],
  "metrics": {
    "both": {
      "optimistic": {
        "adjusted_arithmetic_mean_rank": 0.7526677905640035,
        "adjusted_arithmetic_mean_rank_index": 0.2473753195366073,
        "adjusted_geometric_mean_rank_index": 0.7017868082672208,
        "adjusted_hits_at_k": 0.09842115764624054,
        "adjusted_inverse_harmonic_mean_rank": 0.058950677579027125,
        "arithmetic_mean_rank": 4318.974731149376,
        "count": 32174.0,
        "geometric_mean_rank": 1217.879791609439,
        "harmonic_mean_rank": 16.71652405845879,
        "hits_at_1": 0.03773233045316094,
        "hits_at_10": 0.09927270466836575,
        "hits_at_3": 0.06921738049356624,
        "hits_at_5": 0.08177410331323429,
        "inverse_arithmetic_mean_rank": 0.00023153643219715658,
        "inverse_geometric_mean_rank": 0.0008210990993441898,
        "inverse_harmonic_mean_rank": 0.05982104871221636,
        "inverse_median_rank": 0.0002874389192296637,
        "median_absolute_deviation": 4566.414832997254,
        "median_rank": 3479.0,
        "standard_deviation": 3886.8382043962306,
        "variance": 15107511.227154113,
        "z_arithmetic_mean_rank": 75.00109851751424,
        "z_geometric_mean_rank": 126.15343892276839,
        "z_hits_at_k": 574.1935672330326,
        "z_inverse_harmonic_mean_rank": 850.1369086438626
      },
      "pessimistic": {
        "adjusted_arithmetic_mean_rank": 0.7526677959804892,
        "adjusted_arithmetic_mean_rank_index": 0.24737531411917757,
        "adjusted_geometric_mean_rank_index": 0.7017868074423237,
        "adjusted_hits_at_k": 0.09842115764624054,
        "adjusted_inverse_harmonic_mean_rank": 0.05895067757878113,
        "arithmetic_mean_rank": 4318.974762230372,
        "count": 32174.0,
        "geometric_mean_rank": 1217.8797949754896,
        "harmonic_mean_rank": 16.71652405852747,
        "hits_at_1": 0.03773233045316094,
        "hits_at_10": 0.09927270466836575,
        "hits_at_3": 0.06921738049356624,
        "hits_at_5": 0.08177410331323429,
        "inverse_arithmetic_mean_rank": 0.00023153643053093175,
        "inverse_geometric_mean_rank": 0.000821099097074786,
        "inverse_harmonic_mean_rank": 0.05982104871197059,
        "inverse_median_rank": 0.0002874389192296637,
        "median_absolute_deviation": 4566.414832997254,
        "median_rank": 3479.0,
        "standard_deviation": 3886.8382597840027,
        "variance": 15107511.657720733,
        "z_arithmetic_mean_rank": 75.00109687501737,
        "z_geometric_mean_rank": 126.15343877448458,
        "z_hits_at_k": 574.1935672330326,
        "z_inverse_harmonic_mean_rank": 850.1369086403151
      },
      "realistic": {
        "adjusted_arithmetic_mean_rank": 0.7526677693423812,
        "adjusted_arithmetic_mean_rank_index": 0.24737534076192857,
        "adjusted_geometric_mean_rank_index": 0.7017868756616974,
        "adjusted_hits_at_k": 0.09842115764624054,
        "adjusted_inverse_harmonic_mean_rank": 0.0589506760789148,
        "arithmetic_mean_rank": 4318.974609375,
        "count": 32174.0,
        "geometric_mean_rank": 1217.8795166015625,
        "harmonic_mean_rank": 16.716524477265743,
        "hits_at_1": 0.03773233045316094,
        "hits_at_10": 0.09927270466836575,
        "hits_at_3": 0.06921738049356624,
        "hits_at_5": 0.08177410331323429,
        "inverse_arithmetic_mean_rank": 0.00023153643996920437,
        "inverse_geometric_mean_rank": 0.0008210992673411965,
        "inverse_harmonic_mean_rank": 0.05982104721349148,
        "inverse_median_rank": 0.00028743891743943095,
        "median_absolute_deviation": 4566.414832997254,
        "median_rank": 3479.0,
        "standard_deviation": 3886.838134765625,
        "variance": 15107511.0,
        "z_arithmetic_mean_rank": 75.00110495276576,
        "z_geometric_mean_rank": 126.15345103762277,
        "z_hits_at_k": 574.1935672330326,
        "z_inverse_harmonic_mean_rank": 850.136887010509
      }
    },
    "head": {
      "optimistic": {
        "adjusted_arithmetic_mean_rank": 0.7185931766501997,
        "adjusted_arithmetic_mean_rank_index": 0.2814625913139751,
        "adjusted_geometric_mean_rank_index": 0.6771237555038909,
        "adjusted_hits_at_k": 0.0876291073874949,
        "adjusted_inverse_harmonic_mean_rank": 0.05075605050519652,
        "arithmetic_mean_rank": 3626.7613601044322,
        "count": 16087.0,
        "geometric_mean_rank": 1137.326860472154,
        "harmonic_mean_rank": 19.31590294260801,
        "hits_at_1": 0.030335053148505004,
        "hits_at_10": 0.08864300366755766,
        "hits_at_3": 0.06067010629701001,
        "hits_at_5": 0.07260520917511033,
        "inverse_arithmetic_mean_rank": 0.0002757280947680564,
        "inverse_geometric_mean_rank": 0.0008792547109850692,
        "inverse_harmonic_mean_rank": 0.05177081304307803,
        "inverse_median_rank": 0.00033898305084745765,
        "median_absolute_deviation": 3598.275584313096,
        "median_rank": 2950.0,
        "standard_deviation": 3295.6060251634894,
        "variance": 10861019.073093893,
        "z_arithmetic_mean_rank": 59.18207828432264,
        "z_geometric_mean_rank": 86.09545244972404,
        "z_hits_at_k": 333.24604880108797,
        "z_inverse_harmonic_mean_rank": 477.30595439286446
      },
      "pessimistic": {
        "adjusted_arithmetic_mean_rank": 0.7185931766501997,
        "adjusted_arithmetic_mean_rank_index": 0.2814625913139751,
        "adjusted_geometric_mean_rank_index": 0.6771237555038909,
        "adjusted_hits_at_k": 0.0876291073874949,
        "adjusted_inverse_harmonic_mean_rank": 0.05075605050519652,
        "arithmetic_mean_rank": 3626.7613601044322,
        "count": 16087.0,
        "geometric_mean_rank": 1137.326860472154,
        "harmonic_mean_rank": 19.31590294260801,
        "hits_at_1": 0.030335053148505004,
        "hits_at_10": 0.08864300366755766,
        "hits_at_3": 0.06067010629701001,
        "hits_at_5": 0.07260520917511033,
        "inverse_arithmetic_mean_rank": 0.0002757280947680564,
        "inverse_geometric_mean_rank": 0.0008792547109850692,
        "inverse_harmonic_mean_rank": 0.05177081304307803,
        "inverse_median_rank": 0.00033898305084745765,
        "median_absolute_deviation": 3598.275584313096,
        "median_rank": 2950.0,
        "standard_deviation": 3295.6060251634894,
        "variance": 10861019.073093893,
        "z_arithmetic_mean_rank": 59.18207828432264,
        "z_geometric_mean_rank": 86.09545244972404,
        "z_hits_at_k": 333.24604880108797,
        "z_inverse_harmonic_mean_rank": 477.30595439286446
      },
      "realistic": {
        "adjusted_arithmetic_mean_rank": 0.7185931993377886,
        "adjusted_arithmetic_mean_rank_index": 0.2814625686218901,
        "adjusted_geometric_mean_rank_index": 0.677123708366428,
        "adjusted_hits_at_k": 0.0876291073874949,
        "adjusted_inverse_harmonic_mean_rank": 0.0507560484335355,
        "arithmetic_mean_rank": 3626.761474609375,
        "count": 16087.0,
        "geometric_mean_rank": 1137.3270263671875,
        "harmonic_mean_rank": 19.31590371472698,
        "hits_at_1": 0.030335053148505004,
        "hits_at_10": 0.08864300366755766,
        "hits_at_3": 0.06067010629701001,
        "hits_at_5": 0.07260520917511033,
        "inverse_arithmetic_mean_rank": 0.00027572808903642,
        "inverse_geometric_mean_rank": 0.0008792545995675027,
        "inverse_harmonic_mean_rank": 0.05177081097363166,
        "inverse_median_rank": 0.000338983052643016,
        "median_absolute_deviation": 3598.275584313096,