{
  "losses": [
    0.8808452913360875,
    0.14311872910336568,
    0.04452660011349658,
    0.023731531944678794,
    0.014561018550773026,
    0.011297246110976794,
    0.008925670957297014,
    0.0073601609206964645,
    0.0063309705846800205,
    0.005176466231550478,
    0.00479340650721333,
    0.004577577571835541,
    0.004161522039971393,
    0.003580288560449207,
    0.0032801290657065376,
    0.0028616050009019765
  ],
  "metrics": {
    "both": {
      "optimistic": {
        "adjusted_arithmetic_mean_rank": 0.053093410141765475,
        "adjusted_arithmetic_mean_rank_index": 0.9469228875666683,
        "adjusted_geometric_mean_rank_index": 0.9996148340023184,
        "adjusted_hits_at_k": 0.6227597810107366,
        "adjusted_inverse_harmonic_mean_rank": 0.23944048138083213,
        "arithmetic_mean_rank": 3084.811919822558,
        "count": 48692.0,
        "geometric_mean_rank": 17.46596976763107,
        "harmonic_mean_rank": 4.17500631323646,
        "hits_at_1": 0.0,
        "hits_at_10": 0.6227922451326706,
        "hits_at_3": 0.4321038363591555,
        "hits_at_5": 0.5336194857471454,
        "inverse_arithmetic_mean_rank": 0.0003241688718764809,
        "inverse_geometric_mean_rank": 0.057254192770518644,
        "inverse_harmonic_mean_rank": 0.23952059589217753,
        "inverse_median_rank": 0.2,
        "median_absolute_deviation": 4.447806655516806,
        "median_rank": 5.0,
        "standard_deviation": 13388.745291746269,
        "variance": 179258500.4872579,
        "z_arithmetic_mean_rank": 361.90977228562025,
        "z_geometric_mean_rank": 220.64923285105365,
        "z_hits_at_k": 14812.823217295307,
        "z_inverse_harmonic_mean_rank": 14047.044576681912
      },
      "pessimistic": {
        "adjusted_arithmetic_mean_rank": 0.05309351476930876,
        "adjusted_arithmetic_mean_rank_index": 0.9469227829373242,
        "adjusted_geometric_mean_rank_index": 0.9996148320213184,
        "adjusted_hits_at_k": 0.6227597810107366,
        "adjusted_inverse_harmonic_mean_rank": 0.23944013097846825,
        "arithmetic_mean_rank": 3084.8179988499137,
        "count": 48692.0,
        "geometric_mean_rank": 17.466054456015875,
        "harmonic_mean_rank": 4.175012420352701,
        "hits_at_1": 0.0,
        "hits_at_10": 0.6227922451326706,
        "hits_at_3": 0.4321038363591555,
        "hits_at_5": 0.5336194857471454,
        "inverse_arithmetic_mean_rank": 0.000324168233060369,
        "inverse_geometric_mean_rank": 0.05725391515973246,
        "inverse_harmonic_mean_rank": 0.23952024552672374,
        "inverse_median_rank": 0.2,
        "median_absolute_deviation": 4.447806655516806,
        "median_rank": 5.0,
        "standard_deviation": 13388.764999679757,
        "variance": 179259028.21664968,
        "z_arithmetic_mean_rank": 361.9097322967441,
        "z_geometric_mean_rank": 220.6492324137791,
        "z_hits_at_k": 14812.823217295307,
        "z_inverse_harmonic_mean_rank": 14047.02401993396
      },
      "realistic": {
        "adjusted_arithmetic_mean_rank": 0.05309346214693999,
        "adjusted_arithmetic_mean_rank_index": 0.9469228355605986,
        "adjusted_geometric_mean_rank_index": 0.999614832992102,
        "adjusted_hits_at_k": 0.6227597810107366,
        "adjusted_inverse_harmonic_mean_rank": 0.23944031009118583,
        "arithmetic_mean_rank": 3084.81494140625,
        "count": 48692.0,
        "geometric_mean_rank": 17.466012954711914,
        "harmonic_mean_rank": 4.175009298618713,
        "hits_at_1": 0.0,
        "hits_at_10": 0.6227922451326706,
        "hits_at_3": 0.4321038363591555,
        "hits_at_5": 0.5336194857471454,
        "inverse_arithmetic_mean_rank": 0.0003241685626562685,
        "inverse_geometric_mean_rank": 0.05725404992699623,
        "inverse_harmonic_mean_rank": 0.23952042462057424,
        "inverse_median_rank": 0.20000000298023224,
        "median_absolute_deviation": 4.447806655516806,
        "median_rank": 5.0,
        "standard_deviation": 13388.7548828125,
        "variance": 179258768.0,
        "z_arithmetic_mean_rank": 361.90975240912866,
        "z_geometric_mean_rank": 220.64923262806425,
        "z_hits_at_k": 14812.823217295307,
        "z_inverse_harmonic_mean_rank": 14047.034527782564
      }
    },
    "head": {
      "optimistic": {
        "adjusted_arithmetic_mean_rank": 0.0530310078795111,
        "adjusted_arithmetic_mean_rank_index": 0.946985290912176,
        "adjusted_geometric_mean_rank_index": 0.9996145068575434,
        "adjusted_hits_at_k": 0.6228213980586949,
        "adjusted_inverse_harmonic_mean_rank": 0.2402052397201803,
        "arithmetic_mean_rank": 3081.184506695145,
        "count": 24346.0,
        "geometric_mean_rank": 17.48011510585,
        "harmonic_mean_rank": 4.16171987793457,
        "hits_at_1": 0.0,
        "hits_at_10": 0.62285385689641,
        "hits_at_3": 0.4343629343629344,
        "hits_at_5": 0.5350776308223116,
        "inverse_arithmetic_mean_rank": 0.00032455050900946934,
        "inverse_geometric_mean_rank": 0.057207861272339906,
        "inverse_harmonic_mean_rank": 0.24028527371628203,
        "inverse_median_rank": 0.2,
        "median_absolute_deviation": 4.447806655516806,
        "median_rank": 5.0,
        "standard_deviation": 13337.598954000941,
        "variance": 177891545.85776702,
        "z_arithmetic_mean_rank": 255.92571885257348,
        "z_geometric_mean_rank": 156.0259404340458,
        "z_hits_at_k": 10475.281125904856,
        "z_inverse_harmonic_mean_rank": 9964.482293086447
      },
      "pessimistic": {
        "adjusted_arithmetic_mean_rank": 0.0530311132140568,
        "adjusted_arithmetic_mean_rank_index": 0.9469851855758172,
        "adjusted_geometric_mean_rank_index": 0.9996145050096891,
        "adjusted_hits_at_k": 0.6228213980586949,
        "adjusted_inverse_harmonic_mean_rank": 0.24020510955056937,
        "arithmetic_mean_rank": 3081.19062679701,
        "count": 24346.0,
        "geometric_mean_rank": 17.480194102976213,
        "harmonic_mean_rank": 4.161722132224559,
        "hits_at_1": 0.0,
        "hits_at_10": 0.62285385689641,
        "hits_at_3": 0.4343629343629344,
        "hits_at_5": 0.5350776308223116,
        "inverse_arithmetic_mean_rank": 0.0003245498643618587,
        "inverse_geometric_mean_rank": 0.05720760273650154,
        "inverse_harmonic_mean_rank": 0.2402851435603827,
        "inverse_median_rank": 0.2,
        "median_absolute_deviation": 4.447806655516806,
        "median_rank": 5.0,
        "standard_deviation": 13337.618898229419,
        "variance": 177892077.87440652,
        "z_arithmetic_mean_rank": 255.92569038509507,
        "z_geometric_mean_rank": 156.0259401456214,
        "z_hits_at_k": 10475.281125904856,
        "z_inverse_harmonic_mean_rank": 9964.476893234285
      },
      "realistic": {
        "adjusted_arithmetic_mean_rank": 0.05303105939800115,
        "adjusted_arithmetic_mean_rank_index": 0.9469852393927992,
        "adjusted_geometric_mean_rank_index": 0.9996145059914933,
        "adjusted_hits_at_k": 0.6228213980586949,
        "adjusted_inverse_harmonic_mean_rank": 0.24020516267850292,
        "arithmetic_mean_rank": 3081.1875,
        "count": 24346.0,
        "geometric_mean_rank": 17.480152130126953,
        "harmonic_mean_rank": 4.161721212149541,
        "hits_at_1": 0.0,
        "hits_at_10": 0.62285385689641,
        "hits_at_3": 0.4343629343629344,
        "hits_at_5": 0.5350776308223116,
        "inverse_arithmetic_mean_rank": 0.0003245502011850476,
        "inverse_geometric_mean_rank": 0.05720774084329605,
        "inverse_harmonic_mean_rank": 0.24028519668271994,
        "inverse_median_rank": 0.20000000298023224,
        "median_absolute_deviation": 4.447806655516806,
        "median_rank": 5.0,
        "standard_deviation": 13337.6083984375,
        "variance": 177891808.0,
        "z_arithmetic_mean_rank": 255.92570492930173,
        "z_geometric_mean_rank": 156.0259402988674,