{
  "losses": [
    0.9075785607027022,
    0.6425206304466637,
    0.4422280287002995,
    0.29016828939427425,
    0.1890427786177092,
    0.12566606418531018,
    0.08503713715739929,
    0.057075132690642,
    0.040134775533891505,
    0.028277776792074424,
    0.02023672116886362,
    0.014906592533409306,
    0.011461663338040747,
    0.009323094510348682,
    0.0072544324622487244,
    0.006104901210357346,
    0.005144806899959697,
    0.004388709528226668,
    0.003999051910999555,
    0.003319699321040734,
    0.0030872454735622664,
    0.0026253056304570096,
    0.0024382248911734698,
    0.0021871342650873
  ],
  "metrics": {
    "both": {
      "optimistic": {
        "adjusted_arithmetic_mean_rank": 0.06621431380742492,
        "adjusted_arithmetic_mean_rank_index": 0.9338017580702198,
        "adjusted_geometric_mean_rank_index": 0.999913452665849,
        "adjusted_hits_at_k": 0.8404734153160772,
        "adjusted_inverse_harmonic_mean_rank": 0.6208536679583387,
        "arithmetic_mean_rank": 3847.157376981845,
        "count": 48692.0,
        "geometric_mean_rank": 4.699926255641074,
        "harmonic_mean_rank": 1.6105818945815915,
        "hits_at_1": 0.49858292943399324,
        "hits_at_10": 0.8404871436786331,
        "hits_at_3": 0.7140392672307566,
        "hits_at_5": 0.7842356033845396,
        "inverse_arithmetic_mean_rank": 0.0002599321790117449,
        "inverse_geometric_mean_rank": 0.2127692958585792,
        "inverse_harmonic_mean_rank": 0.620893605822998,
        "inverse_median_rank": 0.5,
        "median_absolute_deviation": 1.482602218505602,
        "median_rank": 2.0,
        "standard_deviation": 16699.280310721817,
        "variance": 278865962.89606136,
        "z_arithmetic_mean_rank": 356.894934170985,
        "z_geometric_mean_rank": 220.71514821843488,
        "z_hits_at_k": 19991.31045313736,
        "z_inverse_harmonic_mean_rank": 36423.07724705989
      },
      "pessimistic": {
        "adjusted_arithmetic_mean_rank": 0.06621436223301082,
        "adjusted_arithmetic_mean_rank_index": 0.9338017096438004,
        "adjusted_geometric_mean_rank_index": 0.9999134523599377,
        "adjusted_hits_at_k": 0.8404734153160772,
        "adjusted_inverse_harmonic_mean_rank": 0.6208535305001754,
        "arithmetic_mean_rank": 3847.1601905857224,
        "count": 48692.0,
        "geometric_mean_rank": 4.699939333444789,
        "harmonic_mean_rank": 1.6105822511070185,
        "hits_at_1": 0.49858292943399324,
        "hits_at_10": 0.8404871436786331,
        "hits_at_3": 0.7140392672307566,
        "hits_at_5": 0.7842356033845396,
        "inverse_arithmetic_mean_rank": 0.000259931988911476,
        "inverse_geometric_mean_rank": 0.21276870381793986,
        "inverse_harmonic_mean_rank": 0.620893468379314,
        "inverse_median_rank": 0.5,
        "median_absolute_deviation": 1.482602218505602,
        "median_rank": 2.0,
        "standard_deviation": 16699.288048415874,
        "variance": 278866221.32396525,
        "z_arithmetic_mean_rank": 356.89491566262,
        "z_geometric_mean_rank": 220.71514815090978,
        "z_hits_at_k": 19991.31045313736,
        "z_inverse_harmonic_mean_rank": 36423.06918292246
      },
      "realistic": {
        "adjusted_arithmetic_mean_rank": 0.06621433222832614,
        "adjusted_arithmetic_mean_rank_index": 0.9338017396490015,
        "adjusted_geometric_mean_rank_index": 0.9999134524957155,
        "adjusted_hits_at_k": 0.8404734153160772,
        "adjusted_inverse_harmonic_mean_rank": 0.6208535738932791,
        "arithmetic_mean_rank": 3847.158447265625,
        "count": 48692.0,
        "geometric_mean_rank": 4.6999335289001465,
        "harmonic_mean_rank": 1.6105821385582488,
        "hits_at_1": 0.49858292943399324,
        "hits_at_10": 0.8404871436786331,
        "hits_at_3": 0.7140392672307566,
        "hits_at_5": 0.7842356033845396,
        "inverse_arithmetic_mean_rank": 0.0002599321014713496,
        "inverse_geometric_mean_rank": 0.21276897192001343,
        "inverse_harmonic_mean_rank": 0.6208935117678468,
        "inverse_median_rank": 0.5,
        "median_absolute_deviation": 1.482602218505602,
        "median_rank": 2.0,
        "standard_deviation": 16699.283203125,
        "variance": 278866080.0,
        "z_arithmetic_mean_rank": 356.8949271304762,
        "z_geometric_mean_rank": 220.71514818088062,
        "z_hits_at_k": 19991.31045313736,
        "z_inverse_harmonic_mean_rank": 36423.07172862759
      }
    },
    "head": {
      "optimistic": {
        "adjusted_arithmetic_mean_rank": 0.06556932949742433,
        "adjusted_arithmetic_mean_rank_index": 0.9344467534904783,
        "adjusted_geometric_mean_rank_index": 0.9999128168323469,
        "adjusted_hits_at_k": 0.8384811301641025,
        "adjusted_inverse_harmonic_mean_rank": 0.6205481504136378,
        "arithmetic_mean_rank": 3809.680604616775,
        "count": 24346.0,
        "geometric_mean_rank": 4.727144480597385,
        "harmonic_mean_rank": 1.6113747056980645,
        "hits_at_1": 0.4996714039267231,
        "hits_at_10": 0.8384950299843917,
        "hits_at_3": 0.7119855417727758,
        "hits_at_5": 0.7818122073441223,
        "inverse_arithmetic_mean_rank": 0.00026248919628279246,
        "inverse_geometric_mean_rank": 0.21154420054316314,
        "inverse_harmonic_mean_rank": 0.6205881204811325,
        "inverse_median_rank": 0.5,
        "median_absolute_deviation": 1.482602218505602,
        "median_rank": 2.0,
        "standard_deviation": 16631.031215993047,
        "variance": 276591199.30733514,
        "z_arithmetic_mean_rank": 252.5371401346117,
        "z_geometric_mean_rank": 156.07250247775391,
        "z_hits_at_k": 14102.478791853668,
        "z_inverse_harmonic_mean_rank": 25742.323789470403
      },
      "pessimistic": {
        "adjusted_arithmetic_mean_rank": 0.06556937474179295,
        "adjusted_arithmetic_mean_rank_index": 0.934446708245331,
        "adjusted_geometric_mean_rank_index": 0.9999128162738785,
        "adjusted_hits_at_k": 0.8384811301641025,
        "adjusted_inverse_harmonic_mean_rank": 0.6205478776713955,
        "arithmetic_mean_rank": 3809.683233385361,
        "count": 24346.0,
        "geometric_mean_rank": 4.727168355530926,
        "harmonic_mean_rank": 1.6113754138067675,
        "hits_at_1": 0.4996714039267231,
        "hits_at_10": 0.8384950299843917,
        "hits_at_3": 0.7119855417727758,
        "hits_at_5": 0.7818122073441223,
        "inverse_arithmetic_mean_rank": 0.000262489015159242,
        "inverse_geometric_mean_rank": 0.2115431321226312,
        "inverse_harmonic_mean_rank": 0.62058784776762,
        "inverse_median_rank": 0.5,
        "median_absolute_deviation": 1.482602218505602,
        "median_rank": 2.0,
        "standard_deviation": 16631.037689477274,
        "variance": 276591414.62881356,
        "z_arithmetic_mean_rank": 252.53712790696997,
        "z_geometric_mean_rank": 156.07250239058476,
        "z_hits_at_k": 14102.478791853668,
        "z_inverse_harmonic_mean_rank": 25742.312475249088
      },
      "realistic": {
        "adjusted_arithmetic_mean_rank": 0.06556934732841116,
        "adjusted_arithmetic_mean_rank_index": 0.9344467356591847,
        "adjusted_geometric_mean_rank_index": 0.9999128165479424,
        "adjusted_hits_at_k": 0.8384811301641025,
        "adjusted_inverse_harmonic_mean_rank": 0.6205479697958011,
        "arithmetic_mean_rank": 3809.681640625,
        "count": 24346.0,
        "geometric_mean_rank": 4.727156639099121,
        "harmonic_mean_rank": 1.6113751746281504,
        "hits_at_1": 0.4996714039267231,
        "hits_at_10": 0.8384950299843917,
        "hits_at_3": 0.7119855417727758,
        "hits_at_5": 0.7818122073441223,
        "inverse_arithmetic_mean_rank": 0.00026248913491144776,
        "inverse_geometric_mean_rank": 0.21154364943504333,
        "inverse_harmonic_mean_rank": 0.6205879398823215,
        "inverse_median_rank": 0.5,