{
  "losses": [
    0.668324621006994,
    0.4870964237959078,
    0.3455984730236601,
    0.2546310913739818,
    0.21038261501505823,
    0.18540270810965265,
    0.17063854479848747,
    0.16175214963974338,
    0.15462108849003764,
    0.14935089574739485,
    0.1475755929061682,
    0.1441834724480563,
    0.1400319065345396,
    0.13931480919075484,
    0.13566423288666377,
    0.13428594780587913,
    0.13381098793579801,
    0.13216917053012564,
    0.12808256637636978,
    0.12828544667451688
  ],
  "metrics": {
    "both": {
      "optimistic": {
        "adjusted_arithmetic_mean_rank": 0.06983295885420439,
        "adjusted_arithmetic_mean_rank_index": 0.9303291696240077,
        "adjusted_geometric_mean_rank_index": 0.9916331038959825,
        "adjusted_hits_at_k": 0.37682795751593673,
        "adjusted_inverse_harmonic_mean_rank": 0.2841843073289784,
        "arithmetic_mean_rank": 400.7170075216013,
        "count": 32174.0,
        "geometric_mean_rank": 35.14170489345104,
        "harmonic_mean_rank": 3.5106644715537056,
        "hits_at_1": 0.2221669671163051,
        "hits_at_10": 0.37741654752284454,
        "hits_at_3": 0.32345993659476596,
        "hits_at_5": 0.34431528563436314,
        "inverse_arithmetic_mean_rank": 0.002495526721425951,
        "inverse_geometric_mean_rank": 0.028456217563489886,
        "inverse_harmonic_mean_rank": 0.2848463611669026,
        "inverse_median_rank": 0.01694915254237288,
        "median_absolute_deviation": 85.99092867332492,
        "median_rank": 59.0,
        "standard_deviation": 1084.7616209854345,
        "variance": 1176707.7743629476,
        "z_arithmetic_mean_rank": 282.06415189435165,
        "z_geometric_mean_rank": 178.2563090848286,
        "z_hits_at_k": 2198.4316617868826,
        "z_inverse_harmonic_mean_rank": 4098.266185216971
      },
      "pessimistic": {
        "adjusted_arithmetic_mean_rank": 0.06983302926852007,
        "adjusted_arithmetic_mean_rank_index": 0.9303290991974188,
        "adjusted_geometric_mean_rank_index": 0.9916331007345389,
        "adjusted_hits_at_k": 0.37682795751593673,
        "adjusted_inverse_harmonic_mean_rank": 0.28418430678058176,
        "arithmetic_mean_rank": 400.7174115745633,
        "count": 32174.0,
        "geometric_mean_rank": 35.14171779394224,
        "harmonic_mean_rank": 3.510664478306314,
        "hits_at_1": 0.2221669671163051,
        "hits_at_10": 0.37741654752284454,
        "hits_at_3": 0.32345993659476596,
        "hits_at_5": 0.34431528563436314,
        "inverse_arithmetic_mean_rank": 0.0024955242051265983,
        "inverse_geometric_mean_rank": 0.028456207117239465,
        "inverse_harmonic_mean_rank": 0.28484636061901314,
        "inverse_median_rank": 0.01694915254237288,
        "median_absolute_deviation": 85.99092867332492,
        "median_rank": 59.0,
        "standard_deviation": 1084.7623311680272,
        "variance": 1176709.3151210926,
        "z_arithmetic_mean_rank": 282.064130541892,
        "z_geometric_mean_rank": 178.25630851652642,
        "z_hits_at_k": 2198.4316617868826,
        "z_inverse_harmonic_mean_rank": 4098.266177308457
      },
      "realistic": {
        "adjusted_arithmetic_mean_rank": 0.06983298596440357,
        "adjusted_arithmetic_mean_rank_index": 0.9303291425090832,
        "adjusted_geometric_mean_rank_index": 0.9916331049127085,
        "adjusted_hits_at_k": 0.37682795751593673,
        "adjusted_inverse_harmonic_mean_rank": 0.2841842967576008,
        "arithmetic_mean_rank": 400.7171630859375,
        "count": 32174.0,
        "geometric_mean_rank": 35.141700744628906,
        "harmonic_mean_rank": 3.510664601722951,
        "hits_at_1": 0.2221669671163051,
        "hits_at_10": 0.37741654752284454,
        "hits_at_3": 0.32345993659476596,
        "hits_at_5": 0.34431528563436314,
        "inverse_arithmetic_mean_rank": 0.002495525637641549,
        "inverse_geometric_mean_rank": 0.028456220403313637,
        "inverse_harmonic_mean_rank": 0.2848463506053024,
        "inverse_median_rank": 0.016949152573943138,
        "median_absolute_deviation": 85.99092867332492,
        "median_rank": 59.0,
        "standard_deviation": 1084.761962890625,
        "variance": 1176708.5,
        "z_arithmetic_mean_rank": 282.06414367344615,
        "z_geometric_mean_rank": 178.25630926759564,
        "z_hits_at_k": 2198.4316617868826,
        "z_inverse_harmonic_mean_rank": 4098.266032765488
      }
    },
    "head": {
      "optimistic": {
        "adjusted_arithmetic_mean_rank": 0.12356091514300947,
        "adjusted_arithmetic_mean_rank_index": 0.8766127736926194,
        "adjusted_geometric_mean_rank_index": 0.9399257670081436,
        "adjusted_hits_at_k": 0.0583804668085523,
        "adjusted_inverse_harmonic_mean_rank": 0.03386167118378519,
        "arithmetic_mean_rank": 623.6156523901287,
        "count": 16087.0,
        "geometric_mean_rank": 212.4245496055111,
        "harmonic_mean_rank": 28.657816180626806,
        "hits_at_1": 0.015789146515820227,
        "hits_at_10": 0.059426866413874554,
        "hits_at_3": 0.03095667309007273,
        "hits_at_5": 0.040653944178529244,
        "inverse_arithmetic_mean_rank": 0.001603551796955873,
        "inverse_geometric_mean_rank": 0.004707553820201468,
        "inverse_harmonic_mean_rank": 0.034894494182568514,
        "inverse_median_rank": 0.0037174721189591076,
        "median_absolute_deviation": 320.24207919721005,
        "median_rank": 269.0,
        "standard_deviation": 1245.6058491888425,
        "variance": 1551533.9315334572,
        "z_arithmetic_mean_rank": 184.32206409924402,
        "z_geometric_mean_rank": 119.51040488824648,
        "z_hits_at_k": 222.01595418612524,
        "z_inverse_harmonic_mean_rank": 318.4325242181562
      },
      "pessimistic": {
        "adjusted_arithmetic_mean_rank": 0.12356100135885409,
        "adjusted_arithmetic_mean_rank_index": 0.8766126874596889,
        "adjusted_geometric_mean_rank_index": 0.9399257341277443,
        "adjusted_hits_at_k": 0.0583804668085523,
        "adjusted_inverse_harmonic_mean_rank": 0.03386167024383078,
        "arithmetic_mean_rank": 623.6160875240878,
        "count": 16087.0,
        "geometric_mean_rank": 212.42466532440196,
        "harmonic_mean_rank": 28.657816951758356,
        "hits_at_1": 0.015789146515820227,
        "hits_at_10": 0.059426866413874554,
        "hits_at_3": 0.03095667309007273,
        "hits_at_5": 0.040653944178529244,
        "inverse_arithmetic_mean_rank": 0.0016035506780626052,
        "inverse_geometric_mean_rank": 0.004707551255749238,
        "inverse_harmonic_mean_rank": 0.03489449324361893,
        "inverse_median_rank": 0.0037174721189591076,
        "median_absolute_deviation": 320.24207919721005,
        "median_rank": 269.0,
        "standard_deviation": 1245.606168091355,
        "variance": 1551534.7259872288,
        "z_arithmetic_mean_rank": 184.3220459673707,
        "z_geometric_mean_rank": 119.51040070754416,
        "z_hits_at_k": 222.01595418612524,
        "z_inverse_harmonic_mean_rank": 318.4325153788979
      },
      "realistic": {
        "adjusted_arithmetic_mean_rank": 0.1235609532518441,
        "adjusted_arithmetic_mean_rank_index": 0.8766127355762324,
        "adjusted_geometric_mean_rank_index": 0.9399257422210775,
        "adjusted_hits_at_k": 0.0583804668085523,
        "adjusted_inverse_harmonic_mean_rank": 0.033861670522307034,
        "arithmetic_mean_rank": 623.6158447265625,
        "count": 16087.0,
        "geometric_mean_rank": 212.4246368408203,
        "harmonic_mean_rank": 28.65781672329852,
        "hits_at_1": 0.015789146515820227,
        "hits_at_10": 0.059426866413874554,
        "hits_at_3": 0.03095667309007273,
        "hits_at_5": 0.040653944178529244,
        "inverse_arithmetic_mean_rank": 0.0016035513253882527,
        "inverse_geometric_mean_rank": 0.0047075520269572735,
        "inverse_harmonic_mean_rank": 0.03489449352179749,