{
  "losses": [
    0.7097682149103373,
    0.5587872609053508,
    0.46243865855849614,
    0.37284495081051744,
    0.2982485826652829,
    0.2480903806367723,
    0.21645017844615597,
    0.19655507316093634,
    0.1837392330317214,
    0.1710736088823564,
    0.1645232434467514,
    0.15884757481589176,
    0.154831899702549,
    0.15060255379960089,
    0.14771837413606076,
    0.1459299774010583,
    0.14341782002460837,
    0.14092148660433174,
    0.13829504221972852,
    0.13761184765855863
  ],
  "metrics": {
    "both": {
      "optimistic": {
        "adjusted_arithmetic_mean_rank": 0.07577774703801707,
        "adjusted_arithmetic_mean_rank_index": 0.924383345261295,
        "adjusted_geometric_mean_rank_index": 0.9906391527308136,
        "adjusted_hits_at_k": 0.3630149483370178,
        "adjusted_inverse_harmonic_mean_rank": 0.27211178275112163,
        "arithmetic_mean_rank": 434.82952073102507,
        "count": 32174.0,
        "geometric_mean_rank": 39.197592158909245,
        "harmonic_mean_rank": 3.6658906875722717,
        "hits_at_1": 0.21187915708335922,
        "hits_at_10": 0.363616584820041,
        "hits_at_3": 0.30838565301174864,
        "hits_at_5": 0.33293964070367377,
        "inverse_arithmetic_mean_rank": 0.0022997518621063807,
        "inverse_geometric_mean_rank": 0.02551177112986797,
        "inverse_harmonic_mean_rank": 0.2727850023979433,
        "inverse_median_rank": 0.014492753623188406,
        "median_absolute_deviation": 100.81695085838093,
        "median_rank": 69.0,
        "standard_deviation": 1122.9982047723684,
        "variance": 1261124.967921962,
        "z_arithmetic_mean_rank": 280.26145241878953,
        "z_geometric_mean_rank": 178.0776360802491,
        "z_hits_at_k": 2117.8459299752935,
        "z_inverse_harmonic_mean_rank": 3924.1664268149134
      },
      "pessimistic": {
        "adjusted_arithmetic_mean_rank": 0.07577779578638948,
        "adjusted_arithmetic_mean_rank_index": 0.9243832965044257,
        "adjusted_geometric_mean_rank_index": 0.9906391498521263,
        "adjusted_hits_at_k": 0.3630149483370178,
        "adjusted_inverse_harmonic_mean_rank": 0.27211178180206447,
        "arithmetic_mean_rank": 434.82980045999875,
        "count": 32174.0,
        "geometric_mean_rank": 39.19760390559406,
        "harmonic_mean_rank": 3.6658907003146215,
        "hits_at_1": 0.21187915708335922,
        "hits_at_10": 0.363616584820041,
        "hits_at_3": 0.30838565301174864,
        "hits_at_5": 0.33293964070367377,
        "inverse_arithmetic_mean_rank": 0.0022997503826603367,
        "inverse_geometric_mean_rank": 0.025511763484534974,
        "inverse_harmonic_mean_rank": 0.2727850014497639,
        "inverse_median_rank": 0.014492753623188406,
        "median_absolute_deviation": 100.81695085838093,
        "median_rank": 69.0,
        "standard_deviation": 1122.998953264422,
        "variance": 1261126.6490329872,
        "z_arithmetic_mean_rank": 280.26143763631745,
        "z_geometric_mean_rank": 178.0776355627753,
        "z_hits_at_k": 2117.8459299752935,
        "z_inverse_harmonic_mean_rank": 3924.1664131284124
      },
      "realistic": {
        "adjusted_arithmetic_mean_rank": 0.07577776971889026,
        "adjusted_arithmetic_mean_rank_index": 0.9243833225764685,
        "adjusted_geometric_mean_rank_index": 0.9906391504861639,
        "adjusted_hits_at_k": 0.3630149483370178,
        "adjusted_inverse_harmonic_mean_rank": 0.27211179189073886,
        "arithmetic_mean_rank": 434.82965087890625,
        "count": 32174.0,
        "geometric_mean_rank": 39.197601318359375,
        "harmonic_mean_rank": 3.665890564860803,
        "hits_at_1": 0.21187915708335922,
        "hits_at_10": 0.363616584820041,
        "hits_at_3": 0.30838565301174864,
        "hits_at_5": 0.33293964070367377,
        "inverse_arithmetic_mean_rank": 0.002299751155078411,
        "inverse_geometric_mean_rank": 0.025511765852570534,
        "inverse_harmonic_mean_rank": 0.27278501152910734,
        "inverse_median_rank": 0.014492753893136978,
        "median_absolute_deviation": 100.81695085838093,
        "median_rank": 69.0,
        "standard_deviation": 1122.9986572265625,
        "variance": 1261125.875,
        "z_arithmetic_mean_rank": 280.2614455410343,
        "z_geometric_mean_rank": 178.0776356767501,
        "z_hits_at_k": 2117.8459299752935,
        "z_inverse_harmonic_mean_rank": 3924.166558618758
      }
    },
    "head": {
      "optimistic": {
        "adjusted_arithmetic_mean_rank": 0.1328496008622077,
        "adjusted_arithmetic_mean_rank_index": 0.8673222471826177,
        "adjusted_geometric_mean_rank_index": 0.9313833879515233,
        "adjusted_hits_at_k": 0.04724109092848693,
        "adjusted_inverse_harmonic_mean_rank": 0.025607233930723512,
        "arithmetic_mean_rank": 670.4959283893827,
        "count": 16087.0,
        "geometric_mean_rank": 242.48849806824603,
        "harmonic_mean_rank": 37.52502764071737,
        "hits_at_1": 0.009448623111829427,
        "hits_at_10": 0.048299869459812274,
        "hits_at_3": 0.021756697954870393,
        "hits_at_5": 0.031143159072543048,
        "inverse_arithmetic_mean_rank": 0.00149143336694397,
        "inverse_geometric_mean_rank": 0.004123906939778066,
        "inverse_harmonic_mean_rank": 0.0266488811034193,
        "inverse_median_rank": 0.003367003367003367,
        "median_absolute_deviation": 345.44631691180524,
        "median_rank": 297.0,
        "standard_deviation": 1266.5605396660796,
        "variance": 1604175.600639231,
        "z_arithmetic_mean_rank": 182.36858010461916,
        "z_geometric_mean_rank": 118.42425190085133,
        "z_hits_at_k": 179.65385432212884,
        "z_inverse_harmonic_mean_rank": 240.80843779233692
      },
      "pessimistic": {
        "adjusted_arithmetic_mean_rank": 0.13284968707805236,
        "adjusted_arithmetic_mean_rank_index": 0.8673221609496873,
        "adjusted_geometric_mean_rank_index": 0.9313833486671403,
        "adjusted_hits_at_k": 0.04724109092848693,
        "adjusted_inverse_harmonic_mean_rank": 0.025607232039238186,
        "arithmetic_mean_rank": 670.4963635233419,
        "count": 16087.0,
        "geometric_mean_rank": 242.48863632524194,
        "harmonic_mean_rank": 37.52503030132315,
        "hits_at_1": 0.009448623111829427,
        "hits_at_10": 0.048299869459812274,
        "hits_at_3": 0.021756697954870393,
        "hits_at_5": 0.031143159072543048,
        "inverse_arithmetic_mean_rank": 0.0014914323990441556,
        "inverse_geometric_mean_rank": 0.004123904588496812,
        "inverse_harmonic_mean_rank": 0.026648879213956013,
        "inverse_median_rank": 0.003367003367003367,
        "median_absolute_deviation": 345.44631691180524,
        "median_rank": 297.0,
        "standard_deviation": 1266.5614084210456,
        "variance": 1604177.8013015024,
        "z_arithmetic_mean_rank": 182.36856197274585,
        "z_geometric_mean_rank": 118.42424690589036,
        "z_hits_at_k": 179.65385432212884,
        "z_inverse_harmonic_mean_rank": 240.8084200049559
      },
      "realistic": {
        "adjusted_arithmetic_mean_rank": 0.13284964571943483,
        "adjusted_arithmetic_mean_rank_index": 0.867322202316501,
        "adjusted_geometric_mean_rank_index": 0.9313833758524979,
        "adjusted_hits_at_k": 0.04724109092848693,
        "adjusted_inverse_harmonic_mean_rank": 0.025607234628475153,
        "arithmetic_mean_rank": 670.4961547851562,
        "count": 16087.0,
        "geometric_mean_rank": 242.48854064941406,
        "harmonic_mean_rank": 37.52502665924432,
        "hits_at_1": 0.009448623111829427,
        "hits_at_10": 0.048299869459812274,
        "hits_at_3": 0.021756697954870393,
        "hits_at_5": 0.031143159072543048,
        "inverse_arithmetic_mean_rank": 0.00149143289308995,
        "inverse_geometric_mean_rank": 0.004123906139284372,
        "inverse_harmonic_mean_rank": 0.02664888180042503,