{
  "losses": [
    0.9345267452027676,
    0.5621844933995945,
    0.2595725873634763,
    0.12379607146746341,
    0.06975892285868489,
    0.044647467408755255,
    0.029988594793934384,
    0.020607481179804227,
    0.014775716898500593,
    0.010889155925886022,
    0.008258200999193003,
    0.006451421118185033,
    0.005033996265773591,
    0.004052224756250217,
    0.003238456008203527,
    0.002690184787493607,
    0.0022220637600012397,
    0.001958074459155745,
    0.0016402222443861465,
    0.001498123138842463
  ],
  "metrics": {
    "both": {
      "optimistic": {
        "adjusted_arithmetic_mean_rank": 0.056476994550659805,
        "adjusted_arithmetic_mean_rank_index": 0.9435392449211192,
        "adjusted_geometric_mean_rank_index": 0.9999595125249405,
        "adjusted_hits_at_k": 0.9049043276571954,
        "adjusted_inverse_harmonic_mean_rank": 0.7948952854466682,
        "arithmetic_mean_rank": 3281.403577589748,
        "count": 48692.0,
        "geometric_mean_rank": 2.7308525267324315,
        "harmonic_mean_rank": 1.2579931462753093,
        "hits_at_1": 0.7112462006079028,
        "hits_at_10": 0.90491251129549,
        "hits_at_3": 0.8789739587611928,
        "hits_at_5": 0.8954653741887785,
        "inverse_arithmetic_mean_rank": 0.00030474764117083053,
        "inverse_geometric_mean_rank": 0.36618601341923723,
        "inverse_harmonic_mean_rank": 0.7949168904145619,
        "inverse_median_rank": 1.0,
        "median_absolute_deviation": 0.0,
        "median_rank": 1.0,
        "standard_deviation": 15116.823881198094,
        "variance": 228518364.255161,
        "z_arithmetic_mean_rank": 360.61655891478983,
        "z_geometric_mean_rank": 220.72531520698698,
        "z_hits_at_k": 21523.849553027594,
        "z_inverse_harmonic_mean_rank": 46633.42407295002
      },
      "pessimistic": {
        "adjusted_arithmetic_mean_rank": 0.056477051459560036,
        "adjusted_arithmetic_mean_rank_index": 0.9435391880112395,
        "adjusted_geometric_mean_rank_index": 0.999959512511502,
        "adjusted_hits_at_k": 0.9049043276571954,
        "adjusted_inverse_harmonic_mean_rank": 0.7948952851193637,
        "arithmetic_mean_rank": 3281.4068840877353,
        "count": 48692.0,
        "geometric_mean_rank": 2.7308531012345245,
        "harmonic_mean_rank": 1.2579931467932293,
        "hits_at_1": 0.7112462006079028,
        "hits_at_10": 0.90491251129549,
        "hits_at_3": 0.8789739587611928,
        "hits_at_5": 0.8954653741887785,
        "inverse_arithmetic_mean_rank": 0.0003047473340929527,
        "inverse_geometric_mean_rank": 0.3661859363830059,
        "inverse_harmonic_mean_rank": 0.7949168900872919,
        "inverse_median_rank": 1.0,
        "median_absolute_deviation": 0.0,
        "median_rank": 1.0,
        "standard_deviation": 15116.834557414606,
        "variance": 228518687.03624445,
        "z_arithmetic_mean_rank": 360.6165371640835,
        "z_geometric_mean_rank": 220.7253152040206,
        "z_hits_at_k": 21523.849553027594,
        "z_inverse_harmonic_mean_rank": 46633.42405374834
      },
      "realistic": {
        "adjusted_arithmetic_mean_rank": 0.05647702794024765,
        "adjusted_arithmetic_mean_rank_index": 0.9435392115309567,
        "adjusted_geometric_mean_rank_index": 0.9999595125119811,
        "adjusted_hits_at_k": 0.9049043276571954,
        "adjusted_inverse_harmonic_mean_rank": 0.794895296166892,
        "arithmetic_mean_rank": 3281.405517578125,
        "count": 48692.0,
        "geometric_mean_rank": 2.7308530807495117,
        "harmonic_mean_rank": 1.2579931293118412,
        "hits_at_1": 0.7112462006079028,
        "hits_at_10": 0.90491251129549,
        "hits_at_3": 0.8789739587611928,
        "hits_at_5": 0.8954653741887785,
        "inverse_arithmetic_mean_rank": 0.00030474746017716825,
        "inverse_geometric_mean_rank": 0.3661859333515167,
        "inverse_harmonic_mean_rank": 0.7949169011336565,
        "inverse_median_rank": 1.0,
        "median_absolute_deviation": 0.0,
        "median_rank": 1.0,
        "standard_deviation": 15116.8291015625,
        "variance": 228518528.0,
        "z_arithmetic_mean_rank": 360.61654615321623,
        "z_geometric_mean_rank": 220.7253152041264,
        "z_hits_at_k": 21523.849553027594,
        "z_inverse_harmonic_mean_rank": 46633.42470186399
      }
    },
    "head": {
      "optimistic": {
        "adjusted_arithmetic_mean_rank": 0.055995514348872934,
        "adjusted_arithmetic_mean_rank_index": 0.9440207334191019,
        "adjusted_geometric_mean_rank_index": 0.9999601301342201,
        "adjusted_hits_at_k": 0.9052740300504629,
        "adjusted_inverse_harmonic_mean_rank": 0.8008203528773671,
        "arithmetic_mean_rank": 3253.426969522714,
        "count": 24346.0,
        "geometric_mean_rank": 2.7044660590294534,
        "harmonic_mean_rank": 1.2486867970967712,
        "hits_at_1": 0.7220898710260413,
        "hits_at_10": 0.9052821818779265,
        "hits_at_3": 0.8804321038363592,
        "hits_at_5": 0.8960814918261727,
        "inverse_arithmetic_mean_rank": 0.0003073682026268758,
        "inverse_geometric_mean_rank": 0.36975875391790575,
        "inverse_harmonic_mean_rank": 0.8008413337315855,
        "inverse_median_rank": 1.0,
        "median_absolute_deviation": 0.0,
        "median_rank": 1.0,
        "standard_deviation": 15008.969834715863,
        "variance": 225269175.4994107,
        "z_arithmetic_mean_rank": 255.12453797386735,
        "z_geometric_mean_rank": 156.07988742702102,
        "z_hits_at_k": 15225.873726107528,
        "z_inverse_harmonic_mean_rank": 33220.591838402615
      },
      "pessimistic": {
        "adjusted_arithmetic_mean_rank": 0.05599557585293653,
        "adjusted_arithmetic_mean_rank_index": 0.9440206719139796,
        "adjusted_geometric_mean_rank_index": 0.9999601301252821,
        "adjusted_hits_at_k": 0.9052740300504629,
        "adjusted_inverse_harmonic_mean_rank": 0.8008203528610723,
        "arithmetic_mean_rank": 3253.4305430050113,
        "count": 24346.0,
        "geometric_mean_rank": 2.704466441138369,
        "harmonic_mean_rank": 1.2486867971221756,
        "hits_at_1": 0.7220898710260413,
        "hits_at_10": 0.9052821818779265,
        "hits_at_3": 0.8804321038363592,
        "hits_at_5": 0.8960814918261727,
        "inverse_arithmetic_mean_rank": 0.00030736786502174907,
        "inverse_geometric_mean_rank": 0.3697587016753952,
        "inverse_harmonic_mean_rank": 0.8008413337152925,
        "inverse_median_rank": 1.0,
        "median_absolute_deviation": 0.0,
        "median_rank": 1.0,
        "standard_deviation": 15008.980893470765,
        "variance": 225269507.46057048,
        "z_arithmetic_mean_rank": 255.12452135191688,
        "z_geometric_mean_rank": 156.0798874256259,
        "z_hits_at_k": 15225.873726107528,
        "z_inverse_harmonic_mean_rank": 33220.59183772666
      },
      "realistic": {
        "adjusted_arithmetic_mean_rank": 0.0559955443207818,
        "adjusted_arithmetic_mean_rank_index": 0.9440207034466771,
        "adjusted_geometric_mean_rank_index": 0.9999601301275794,
        "adjusted_hits_at_k": 0.9052740300504629,
        "adjusted_inverse_harmonic_mean_rank": 0.8008203566605561,
        "arithmetic_mean_rank": 3253.4287109375,
        "count": 24346.0,
        "geometric_mean_rank": 2.7044663429260254,
        "harmonic_mean_rank": 1.2486867911985735,
        "hits_at_1": 0.7220898710260413,
        "hits_at_10": 0.9052821818779265,
        "hits_at_3": 0.8804321038363592,
        "hits_at_5": 0.8960814918261727,
        "inverse_arithmetic_mean_rank": 0.00030736802727915347,
        "inverse_geometric_mean_rank": 0.3697587251663208,
        "inverse_harmonic_mean_rank": 0.800841337514376,
        "inverse_median_rank": 1.0,
        "median_absolute_deviation": 0.0,
        "median_rank": 1.0,
        "standard_deviation": 15008.974609375,
        "variance": 225269328.0,