{
  "losses": [
    0.9642597775534701,
    0.7357415391580902,
    0.47803933450775427,
    0.2811899884556332,
    0.16923701830226429,
    0.10791044617003769,
    0.07295559844287643,
    0.051697179632048396,
    0.037951071862212936,
    0.028789131802454626,
    0.022460454467620582,
    0.017455965705406275,
    0.01402595515449026,
    0.011318675599824591,
    0.009372302788477437,
    0.007735292839085787,
    0.006394546360588675,
    0.005528603947535611,
    0.004604768631141406,
    0.004047750437024917
  ],
  "metrics": {
    "both": {
      "optimistic": {
        "adjusted_arithmetic_mean_rank": 0.04340886310908561,
        "adjusted_arithmetic_mean_rank_index": 0.9566076012851918,
        "adjusted_geometric_mean_rank_index": 0.9999502787595633,
        "adjusted_hits_at_k": 0.875697838224913,
        "adjusted_inverse_harmonic_mean_rank": 0.7614892781592287,
        "arithmetic_mean_rank": 2522.1242709274625,
        "count": 48692.0,
        "geometric_mean_rank": 3.1255989541368057,
        "harmonic_mean_rank": 1.313172800651639,
        "hits_at_1": 0.6767641501684055,
        "hits_at_10": 0.8757085352830034,
        "hits_at_3": 0.8438552534297216,
        "hits_at_5": 0.8634477942988581,
        "inverse_arithmetic_mean_rank": 0.00039649116878458544,
        "inverse_geometric_mean_rank": 0.31993867884952926,
        "inverse_harmonic_mean_rank": 0.761514401991701,
        "inverse_median_rank": 1.0,
        "median_absolute_deviation": 0.0,
        "median_rank": 1.0,
        "standard_deviation": 12395.788056906027,
        "variance": 153655561.55173412,
        "z_arithmetic_mean_rank": 365.61122736981315,
        "z_geometric_mean_rank": 220.72327699869163,
        "z_hits_at_k": 20829.150604974067,
        "z_inverse_harmonic_mean_rank": 44673.62316213718
      },
      "pessimistic": {
        "adjusted_arithmetic_mean_rank": 0.0434089101207858,
        "adjusted_arithmetic_mean_rank_index": 0.9566075542726825,
        "adjusted_geometric_mean_rank_index": 0.9999502787496858,
        "adjusted_hits_at_k": 0.875697838224913,
        "adjusted_inverse_harmonic_mean_rank": 0.7614892780998801,
        "arithmetic_mean_rank": 2522.1270023823217,
        "count": 48692.0,
        "geometric_mean_rank": 3.1255993764071235,
        "harmonic_mean_rank": 1.3131728007539705,
        "hits_at_1": 0.6767641501684055,
        "hits_at_10": 0.8757085352830034,
        "hits_at_3": 0.8438552534297216,
        "hits_at_5": 0.8634477942988581,
        "inverse_arithmetic_mean_rank": 0.00039649073938601486,
        "inverse_geometric_mean_rank": 0.3199386356256252,
        "inverse_harmonic_mean_rank": 0.7615144019323585,
        "inverse_median_rank": 1.0,
        "median_absolute_deviation": 0.0,
        "median_rank": 1.0,
        "standard_deviation": 12395.797957745779,
        "variance": 153655807.00925443,
        "z_arithmetic_mean_rank": 365.61120940183844,
        "z_geometric_mean_rank": 220.7232769965113,
        "z_hits_at_k": 20829.150604974067,
        "z_inverse_harmonic_mean_rank": 44673.62315865542
      },
      "realistic": {
        "adjusted_arithmetic_mean_rank": 0.043408888263203355,
        "adjusted_arithmetic_mean_rank_index": 0.9566075761306412,
        "adjusted_geometric_mean_rank_index": 0.9999502787495009,
        "adjusted_hits_at_k": 0.875697838224913,
        "adjusted_inverse_harmonic_mean_rank": 0.7614892965311242,
        "arithmetic_mean_rank": 2522.125732421875,
        "count": 48692.0,
        "geometric_mean_rank": 3.1255993843078613,
        "harmonic_mean_rank": 1.3131727689740615,
        "hits_at_1": 0.6767641501684055,
        "hits_at_10": 0.8757085352830034,
        "hits_at_3": 0.8438552534297216,
        "hits_at_5": 0.8634477942988581,
        "inverse_arithmetic_mean_rank": 0.0003964909410569817,
        "inverse_geometric_mean_rank": 0.31993862986564636,
        "inverse_harmonic_mean_rank": 0.7615144203616612,
        "inverse_median_rank": 1.0,
        "median_absolute_deviation": 0.0,
        "median_rank": 1.0,
        "standard_deviation": 12395.7919921875,
        "variance": 153655664.0,
        "z_arithmetic_mean_rank": 365.6112177558543,
        "z_geometric_mean_rank": 220.7232769964705,
        "z_hits_at_k": 20829.150604974067,
        "z_inverse_harmonic_mean_rank": 44673.62423994504
      }
    },
    "head": {
      "optimistic": {
        "adjusted_arithmetic_mean_rank": 0.04404623764935043,
        "adjusted_arithmetic_mean_rank_index": 0.9559702157840404,
        "adjusted_geometric_mean_rank_index": 0.9999509109421143,
        "adjusted_hits_at_k": 0.875615682130443,
        "adjusted_inverse_harmonic_mean_rank": 0.7675756256497589,
        "arithmetic_mean_rank": 2559.1553027191326,
        "count": 24346.0,
        "geometric_mean_rank": 3.0985932959468263,
        "harmonic_mean_rank": 1.3027616711886834,
        "hits_at_1": 0.6885319970426353,
        "hits_at_10": 0.8756263862646841,
        "hits_at_3": 0.8433828965743859,
        "hits_at_5": 0.8635504805717572,
        "inverse_arithmetic_mean_rank": 0.00039075393311906013,
        "inverse_geometric_mean_rank": 0.32272709080861595,
        "inverse_harmonic_mean_rank": 0.7676001083817323,
        "inverse_median_rank": 1.0,
        "median_absolute_deviation": 0.0,
        "median_rank": 1.0,
        "standard_deviation": 12508.081449914751,
        "variance": 156452101.5577015,
        "z_arithmetic_mean_rank": 258.35392273148835,
        "z_geometric_mean_rank": 156.07844843918272,
        "z_hits_at_k": 14727.047685190377,
        "z_inverse_harmonic_mean_rank": 31841.49412936059
      },
      "pessimistic": {
        "adjusted_arithmetic_mean_rank": 0.04404629137703817,
        "adjusted_arithmetic_mean_rank_index": 0.9559701620554278,
        "adjusted_geometric_mean_rank_index": 0.9999509109327323,
        "adjusted_hits_at_k": 0.875615682130443,
        "adjusted_inverse_harmonic_mean_rank": 0.7675756256283538,
        "arithmetic_mean_rank": 2559.158424381829,
        "count": 24346.0,
        "geometric_mean_rank": 3.0985936970375128,
        "harmonic_mean_rank": 1.302761671225008,
        "hits_at_1": 0.6885319970426353,
        "hits_at_10": 0.8756263862646841,
        "hits_at_3": 0.8433828965743859,
        "hits_at_5": 0.8635504805717572,
        "inverse_arithmetic_mean_rank": 0.0003907534564772216,
        "inverse_geometric_mean_rank": 0.3227270490339133,
        "inverse_harmonic_mean_rank": 0.7676001083603294,
        "inverse_median_rank": 1.0,
        "median_absolute_deviation": 0.0,
        "median_rank": 1.0,
        "standard_deviation": 12508.093434248605,
        "variance": 156452401.35989305,
        "z_arithmetic_mean_rank": 258.3539082111638,
        "z_geometric_mean_rank": 156.07844843771832,
        "z_hits_at_k": 14727.047685190377,
        "z_inverse_harmonic_mean_rank": 31841.494128472637
      },
      "realistic": {
        "adjusted_arithmetic_mean_rank": 0.04404626235715543,
        "adjusted_arithmetic_mean_rank_index": 0.95597019107581,
        "adjusted_geometric_mean_rank_index": 0.9999509109379626,
        "adjusted_hits_at_k": 0.875615682130443,
        "adjusted_inverse_harmonic_mean_rank": 0.7675756235480976,
        "arithmetic_mean_rank": 2559.15673828125,
        "count": 24346.0,
        "geometric_mean_rank": 3.0985934734344482,
        "harmonic_mean_rank": 1.3027616747552218,
        "hits_at_1": 0.6885319970426353,
        "hits_at_10": 0.8756263862646841,
        "hits_at_3": 0.8433828965743859,
        "hits_at_5": 0.8635504805717572,
        "inverse_arithmetic_mean_rank": 0.00039075370295904577,
        "inverse_geometric_mean_rank": 0.3227270841598511,
        "inverse_harmonic_mean_rank": 0.7676001062802924,
        "inverse_median_rank": 1.0,
        "median_absolute_deviation": 0.0,
        "median_rank": 1.0,
        "standard_deviation": 12508.087890625,
        "variance": 156452272.0,