{
  "losses": [
    0.6830816527404407,
    0.5179905261143599,
    0.39725817790125856,
    0.2919342642963523,
    0.23372396770680304,
    0.19929800145696885,
    0.18258054105952234,
    0.16984800208028,
    0.1595116673719765,
    0.153693223619225,
    0.15087604406151442,
    0.14716738789978595,
    0.1446222532208603,
    0.14113537503941223,
    0.13791013103310423,
    0.13683109554913964,
    0.1348542243242264,
    0.13340805988795687,
    0.13272561155038304,
    0.13192533288556751,
    0.13005506565960326,
    0.12814052115277488,
    0.12778828784380808,
    0.12647946252681241
  ],
  "metrics": {
    "both": {
      "optimistic": {
        "adjusted_arithmetic_mean_rank": 0.07076997840260234,
        "adjusted_arithmetic_mean_rank_index": 0.9293919867527368,
        "adjusted_geometric_mean_rank_index": 0.9916303753947995,
        "adjusted_hits_at_k": 0.3739035816987782,
        "adjusted_inverse_harmonic_mean_rank": 0.2830633610419388,
        "arithmetic_mean_rank": 406.09383353017967,
        "count": 32174.0,
        "geometric_mean_rank": 35.1528387334115,
        "harmonic_mean_rank": 3.5245215743245786,
        "hits_at_1": 0.22086156523901287,
        "hits_at_10": 0.3744949337974762,
        "hits_at_3": 0.3210977808168086,
        "hits_at_5": 0.3441909616460496,
        "inverse_arithmetic_mean_rank": 0.0024624850648604668,
        "inverse_geometric_mean_rank": 0.028447204721749435,
        "inverse_harmonic_mean_rank": 0.28372645163666926,
        "inverse_median_rank": 0.017543859649122806,
        "median_absolute_deviation": 83.0257242363137,
        "median_rank": 57.0,
        "standard_deviation": 1107.5994457203483,
        "variance": 1226776.5321600225,
        "z_arithmetic_mean_rank": 281.7800097859603,
        "z_geometric_mean_rank": 178.25581860851403,
        "z_hits_at_k": 2181.3707185655103,
        "z_inverse_harmonic_mean_rank": 4082.100844115638
      },
      "pessimistic": {
        "adjusted_arithmetic_mean_rank": 0.07077005964988967,
        "adjusted_arithmetic_mean_rank_index": 0.9293919054912881,
        "adjusted_geometric_mean_rank_index": 0.991630370509191,
        "adjusted_hits_at_k": 0.3739035816987782,
        "adjusted_inverse_harmonic_mean_rank": 0.28306335897469487,
        "arithmetic_mean_rank": 406.0942997451358,
        "count": 32174.0,
        "geometric_mean_rank": 35.1528586694787,
        "harmonic_mean_rank": 3.5245215999806536,
        "hits_at_1": 0.22086156523901287,
        "hits_at_10": 0.3744949337974762,
        "hits_at_3": 0.3210977808168086,
        "hits_at_5": 0.3441909616460496,
        "inverse_arithmetic_mean_rank": 0.0024624822378142186,
        "inverse_geometric_mean_rank": 0.028447188588626656,
        "inverse_harmonic_mean_rank": 0.2837264495713373,
        "inverse_median_rank": 0.017543859649122806,
        "median_absolute_deviation": 83.0257242363137,
        "median_rank": 57.0,
        "standard_deviation": 1107.600644457027,
        "variance": 1226779.1876016217,
        "z_arithmetic_mean_rank": 281.77998514850685,
        "z_geometric_mean_rank": 178.25581773027537,
        "z_hits_at_k": 2181.3707185655103,
        "z_inverse_harmonic_mean_rank": 4082.100814303591
      },
      "realistic": {
        "adjusted_arithmetic_mean_rank": 0.07077001702878462,
        "adjusted_arithmetic_mean_rank_index": 0.9293919481198221,
        "adjusted_geometric_mean_rank_index": 0.9916303723630356,
        "adjusted_hits_at_k": 0.3739035816987782,
        "adjusted_inverse_harmonic_mean_rank": 0.2830633728455084,
        "arithmetic_mean_rank": 406.09405517578125,
        "count": 32174.0,
        "geometric_mean_rank": 35.15285110473633,
        "harmonic_mean_rank": 3.524521427833279,
        "hits_at_1": 0.22086156523901287,
        "hits_at_10": 0.3744949337974762,
        "hits_at_3": 0.3210977808168086,
        "hits_at_5": 0.3441909616460496,
        "inverse_arithmetic_mean_rank": 0.002462483709678054,
        "inverse_geometric_mean_rank": 0.028447194024920464,
        "inverse_harmonic_mean_rank": 0.28372646342932184,
        "inverse_median_rank": 0.017543859779834747,
        "median_absolute_deviation": 83.0257242363137,
        "median_rank": 57.0,
        "standard_deviation": 1107.60009765625,
        "variance": 1226777.875,
        "z_arithmetic_mean_rank": 281.7799980729444,
        "z_geometric_mean_rank": 178.2558180635231,
        "z_hits_at_k": 2181.3707185655103,
        "z_inverse_harmonic_mean_rank": 4082.1010143367557
      }
    },
    "head": {
      "optimistic": {
        "adjusted_arithmetic_mean_rank": 0.12411796803171905,
        "adjusted_arithmetic_mean_rank_index": 0.8760556104096231,
        "adjusted_geometric_mean_rank_index": 0.9397342271555736,
        "adjusted_hits_at_k": 0.05595345195200175,
        "adjusted_inverse_harmonic_mean_rank": 0.03229935549649971,
        "arithmetic_mean_rank": 626.4271150618512,
        "count": 16087.0,
        "geometric_mean_rank": 213.09865271168974,
        "harmonic_mean_rank": 29.999536226747175,
        "hits_at_1": 0.014856716603468639,
        "hits_at_10": 0.05700254864176043,
        "hits_at_3": 0.027475601417293466,
        "hits_at_5": 0.03854043637719898,
        "inverse_arithmetic_mean_rank": 0.0015963549085854362,
        "inverse_geometric_mean_rank": 0.00469266223542456,
        "inverse_harmonic_mean_rank": 0.033333848644913844,
        "inverse_median_rank": 0.0037313432835820895,
        "median_absolute_deviation": 321.7246814157156,
        "median_rank": 268.0,
        "standard_deviation": 1254.679022751706,
        "variance": 1574219.450133176,
        "z_arithmetic_mean_rank": 184.20491147559517,
        "z_geometric_mean_rank": 119.4860508316429,
        "z_hits_at_k": 212.78622293084112,
        "z_inverse_harmonic_mean_rank": 303.7406289118735
      },
      "pessimistic": {
        "adjusted_arithmetic_mean_rank": 0.1241180911972114,
        "adjusted_arithmetic_mean_rank_index": 0.8760554872197223,
        "adjusted_geometric_mean_rank_index": 0.9397341929341597,
        "adjusted_hits_at_k": 0.05595345195200175,
        "adjusted_inverse_harmonic_mean_rank": 0.03229935408362503,
        "arithmetic_mean_rank": 626.4277366817928,
        "count": 16087.0,
        "geometric_mean_rank": 213.09877315013168,
        "harmonic_mean_rank": 29.999537496935808,
        "hits_at_1": 0.014856716603468639,
        "hits_at_10": 0.05700254864176043,
        "hits_at_3": 0.027475601417293466,
        "hits_at_5": 0.03854043637719898,
        "inverse_arithmetic_mean_rank": 0.0015963533244824552,
        "inverse_geometric_mean_rank": 0.004692659583241632,
        "inverse_harmonic_mean_rank": 0.03333384723354956,
        "inverse_median_rank": 0.0037313432835820895,
        "median_absolute_deviation": 321.7246814157156,
        "median_rank": 268.0,
        "standard_deviation": 1254.6802725875355,
        "variance": 1574222.5864203325,
        "z_arithmetic_mean_rank": 184.204885572919,
        "z_geometric_mean_rank": 119.48604648043224,
        "z_hits_at_k": 212.78622293084112,
        "z_inverse_harmonic_mean_rank": 303.74061562530983
      },
      "realistic": {
        "adjusted_arithmetic_mean_rank": 0.1241180302737434,
        "adjusted_arithmetic_mean_rank_index": 0.8760555481552639,
        "adjusted_geometric_mean_rank_index": 0.9397341937890044,
        "adjusted_hits_at_k": 0.05595345195200175,
        "adjusted_inverse_harmonic_mean_rank": 0.03229935263384529,
        "arithmetic_mean_rank": 626.4274291992188,
        "count": 16087.0,
        "geometric_mean_rank": 213.09877014160156,
        "harmonic_mean_rank": 29.99953880030258,
        "hits_at_1": 0.014856716603468639,
        "hits_at_10": 0.05700254864176043,
        "hits_at_3": 0.027475601417293466,
        "hits_at_5": 0.03854043637719898,
        "inverse_arithmetic_mean_rank": 0.0015963540645316243,
        "inverse_geometric_mean_rank": 0.004692659713327885,