{
  "losses": [
    0.5238091985871353,
    0.08137909388249004,
    0.04896798532238492,
    0.03933433983863257,
    0.031169466554298905,
    0.025737524786210157,
    0.021507165034494874,
    0.017758054241007484,
    0.014703930545217351,
    0.01321483597842998,
    0.011281386477225396,
    0.010412269741822798,
    0.009455894114085707,
    0.0077398930934478305,
    0.007281278048478162,
    0.006707834213069678,
    0.0060622347708694,
    0.005397137642480383,
    0.005377099331472878,
    0.0047971661912863455,
    0.004522376503609461,
    0.00464168108848949,
    0.004091676403113657,
    0.004052221121485285
  ],
  "metrics": {
    "both": {
      "optimistic": {
        "adjusted_arithmetic_mean_rank": 0.047639718182226946,
        "adjusted_arithmetic_mean_rank_index": 0.9523766733925738,
        "adjusted_geometric_mean_rank_index": 0.9985155462880644,
        "adjusted_hits_at_k": 0.3136064202971529,
        "adjusted_inverse_harmonic_mean_rank": 0.2013508205093662,
        "arithmetic_mean_rank": 2767.943707385197,
        "count": 48692.0,
        "geometric_mean_rank": 64.46087164834563,
        "harmonic_mean_rank": 4.96438186959179,
        "hits_at_1": 0.1297954489443851,
        "hits_at_10": 0.3136654891974041,
        "hits_at_3": 0.23856074919904707,
        "hits_at_5": 0.26983898792409433,
        "inverse_arithmetic_mean_rank": 0.0003612790236058209,
        "inverse_geometric_mean_rank": 0.015513286966631713,
        "inverse_harmonic_mean_rank": 0.20143494724394112,
        "inverse_median_rank": 0.013513513513513514,
        "median_absolute_deviation": 108.22996195090894,
        "median_rank": 74.0,
        "standard_deviation": 12058.947326870337,
        "variance": 145418210.63223323,
        "z_arithmetic_mean_rank": 363.9941852956596,
        "z_geometric_mean_rank": 220.40658239951762,
        "z_hits_at_k": 7459.371342399598,
        "z_inverse_harmonic_mean_rank": 11812.471871654721
      },
      "pessimistic": {
        "adjusted_arithmetic_mean_rank": 0.04763972313082697,
        "adjusted_arithmetic_mean_rank_index": 0.9523766684438886,
        "adjusted_geometric_mean_rank_index": 0.9985155460485583,
        "adjusted_hits_at_k": 0.3136064202971529,
        "adjusted_inverse_harmonic_mean_rank": 0.20135082024141748,
        "arithmetic_mean_rank": 2767.943994906761,
        "count": 48692.0,
        "geometric_mean_rank": 64.46088188730619,
        "harmonic_mean_rank": 4.964381876194714,
        "hits_at_1": 0.1297954489443851,
        "hits_at_10": 0.3136654891974041,
        "hits_at_3": 0.23856074919904707,
        "hits_at_5": 0.26983898792409433,
        "inverse_arithmetic_mean_rank": 0.000361278986077782,
        "inverse_geometric_mean_rank": 0.015513284502502637,
        "inverse_harmonic_mean_rank": 0.20143494697602063,
        "inverse_median_rank": 0.013513513513513514,
        "median_absolute_deviation": 108.22996195090894,
        "median_rank": 74.0,
        "standard_deviation": 12058.947605819525,
        "variance": 145418217.35990047,
        "z_arithmetic_mean_rank": 363.99418340429384,
        "z_geometric_mean_rank": 220.40658234665042,
        "z_hits_at_k": 7459.371342399598,
        "z_inverse_harmonic_mean_rank": 11812.47185593521
      },
      "realistic": {
        "adjusted_arithmetic_mean_rank": 0.04763971639450377,
        "adjusted_arithmetic_mean_rank_index": 0.9523766751803278,
        "adjusted_geometric_mean_rank_index": 0.9985155468892547,
        "adjusted_hits_at_k": 0.3136064202971529,
        "adjusted_inverse_harmonic_mean_rank": 0.20135080161408783,
        "arithmetic_mean_rank": 2767.943603515625,
        "count": 48692.0,
        "geometric_mean_rank": 64.46084594726562,
        "harmonic_mean_rank": 4.964382335218567,
        "hits_at_1": 0.1297954489443851,
        "hits_at_10": 0.3136654891974041,
        "hits_at_3": 0.23856074919904707,
        "hits_at_5": 0.26983898792409433,
        "inverse_arithmetic_mean_rank": 0.00036127903149463236,
        "inverse_geometric_mean_rank": 0.015513293445110321,
        "inverse_harmonic_mean_rank": 0.2014349283506531,
        "inverse_median_rank": 0.013513513840734959,
        "median_absolute_deviation": 108.22996195090894,
        "median_rank": 74.0,
        "standard_deviation": 12058.9462890625,
        "variance": 145418192.0,
        "z_arithmetic_mean_rank": 363.99418597893134,
        "z_geometric_mean_rank": 220.40658253222094,
        "z_hits_at_k": 7459.371342399598,
        "z_inverse_harmonic_mean_rank": 11812.47076314201
      }
    },
    "head": {
      "optimistic": {
        "adjusted_arithmetic_mean_rank": 0.04770726562087471,
        "adjusted_arithmetic_mean_rank_index": 0.9523091248005983,
        "adjusted_geometric_mean_rank_index": 0.9985470527788379,
        "adjusted_hits_at_k": 0.3180223100163857,
        "adjusted_inverse_harmonic_mean_rank": 0.20661989131605243,
        "arithmetic_mean_rank": 2771.8667542922863,
        "count": 24346.0,
        "geometric_mean_rank": 63.1145613509069,
        "harmonic_mean_rank": 4.837848312501772,
        "hits_at_1": 0.1369013390289986,
        "hits_at_10": 0.31808099893206276,
        "hits_at_3": 0.24213423149593363,
        "hits_at_5": 0.27289903885648564,
        "inverse_arithmetic_mean_rank": 0.0003607677022899754,
        "inverse_geometric_mean_rank": 0.015844204231099057,
        "inverse_harmonic_mean_rank": 0.20670346306969575,
        "inverse_median_rank": 0.0136986301369863,
        "median_absolute_deviation": 106.74735973240334,
        "median_rank": 73.0,
        "standard_deviation": 12090.614902542664,
        "variance": 146182968.72158673,
        "z_arithmetic_mean_rank": 257.3645015116301,
        "z_geometric_mean_rank": 155.8593256787,
        "z_hits_at_k": 5348.8417580305395,
        "z_inverse_harmonic_mean_rank": 8571.254527239524
      },
      "pessimistic": {
        "adjusted_arithmetic_mean_rank": 0.04770726986253426,
        "adjusted_arithmetic_mean_rank_index": 0.9523091205588657,
        "adjusted_geometric_mean_rank_index": 0.9985470526269479,
        "adjusted_hits_at_k": 0.3180223100163857,
        "adjusted_inverse_harmonic_mean_rank": 0.20661989123731728,
        "arithmetic_mean_rank": 2771.867000739341,
        "count": 24346.0,
        "geometric_mean_rank": 63.1145678443223,
        "harmonic_mean_rank": 4.837848314344357,
        "hits_at_1": 0.1369013390289986,
        "hits_at_10": 0.31808099893206276,
        "hits_at_3": 0.24213423149593363,
        "hits_at_5": 0.27289903885648564,
        "inverse_arithmetic_mean_rank": 0.0003607676702140722,
        "inverse_geometric_mean_rank": 0.015844202600999963,
        "inverse_harmonic_mean_rank": 0.2067034629909689,
        "inverse_median_rank": 0.0136986301369863,
        "median_absolute_deviation": 106.74735973240334,
        "median_rank": 73.0,
        "standard_deviation": 12090.615257697807,
        "variance": 146182977.30967504,
        "z_arithmetic_mean_rank": 257.36450036528873,
        "z_geometric_mean_rank": 155.85932565499206,
        "z_hits_at_k": 5348.8417580305395,
        "z_inverse_harmonic_mean_rank": 8571.254523973337
      },
      "realistic": {
        "adjusted_arithmetic_mean_rank": 0.04770726887495386,
        "adjusted_arithmetic_mean_rank_index": 0.9523091215464632,
        "adjusted_geometric_mean_rank_index": 0.9985470529189998,
        "adjusted_hits_at_k": 0.3180223100163857,
        "adjusted_inverse_harmonic_mean_rank": 0.2066198844088592,
        "arithmetic_mean_rank": 2771.866943359375,
        "count": 24346.0,
        "geometric_mean_rank": 63.11455535888672,
        "harmonic_mean_rank": 4.837848474146061,
        "hits_at_1": 0.1369013390289986,
        "hits_at_10": 0.31808099893206276,
        "hits_at_3": 0.24213423149593363,
        "hits_at_5": 0.27289903885648564,
        "inverse_arithmetic_mean_rank": 0.00036076767719350755,
        "inverse_geometric_mean_rank": 0.015844205394387245,