{
    "hits@3": {
        "local_kg_hit_rewriting": 0.19999999999999996,
        "online_kg_hit_rewriting": 0.21333333333333332,
        "local_kg_hit_original": 0.19999999999999996,
        "online_kg_hit_original": 0.21333333333333332
    },
    "mrr": {
        "local_kg_hit_rewriting": 0.30569444444444444,
        "online_kg_hit_rewriting": 0.3557142857142857,
        "local_kg_hit_original": 0.30569444444444444,
        "online_kg_hit_original": 0.35
    },
    "query_structure": "ip",
    "number_of_queries": 25,
    "model": {
        "selected_model_name": "DistMult",
        "dim": 192,
        "epoch": 16
    },
    "dataset": "family",
    "cutoff_value": 100
}