{
    "hits@3": {
        "local_kg_hit_rewriting": 0.3466666666666666,
        "online_kg_hit_rewriting": 0.38666666666666666,
        "local_kg_hit_original": 0.3466666666666666,
        "online_kg_hit_original": 0.14666666666666667
    },
    "mrr": {
        "local_kg_hit_rewriting": 0.44149539349539346,
        "online_kg_hit_rewriting": 0.4769047619047619,
        "local_kg_hit_original": 0.44149539349539346,
        "online_kg_hit_original": 0.19514390705925064
    },
    "query_structure": "up",
    "number_of_queries": 25,
    "model": {
        "selected_model_name": "DistMult",
        "dim": 192,
        "epoch": 16
    },
    "dataset": "family",
    "cutoff_value": 100
}