{
    "hits@3": {
        "local_kg_hit_rewriting": 0.3066666666666667,
        "online_kg_hit_rewriting": 0.3733333333333333,
        "local_kg_hit_original": 0.3066666666666667,
        "online_kg_hit_original": 0.026666666666666665
    },
    "mrr": {
        "local_kg_hit_rewriting": 0.3307142857142857,
        "online_kg_hit_rewriting": 0.41060606060606053,
        "local_kg_hit_original": 0.3307142857142857,
        "online_kg_hit_original": 0.061101727819840815
    },
    "query_structure": "1p",
    "number_of_queries": 25,
    "model": {
        "selected_model_name": "TransE",
        "dim": 192,
        "epoch": 24
    },
    "dataset": "family",
    "cutoff_value": 100
}