{
  "losses": [
    0.8075154986712012,
    0.6005269634841692,
    0.4847087022101525,
    0.3925783163250083,
    0.3296188285740295,
    0.2792839890954518,
    0.2445423161629403,
    0.22132092611034318,
    0.20273676493970474,
    0.18964408286432227,
    0.17960851776717912,
    0.17483791824024503,
    0.16840241665002142,
    0.1635481025175293,
    0.15889347220706468,
    0.15582241640232578,
    0.1556535432096755,
    0.1513792046816042,
    0.15010752124656546,
    0.15068166472829214,
    0.14621900362838613,
    0.14706865199426614,
    0.14622683789175336,
    0.14341038142395493
  ],
  "metrics": {
    "both": {
      "optimistic": {
        "adjusted_arithmetic_mean_rank": 0.14112399235997092,
        "adjusted_arithmetic_mean_rank_index": 0.8590257100632842,
        "adjusted_geometric_mean_rank_index": 0.9828711173927025,
        "adjusted_hits_at_k": 0.31980262908134593,
        "adjusted_inverse_harmonic_mean_rank": 0.16160164064980156,
        "arithmetic_mean_rank": 809.8007708087275,
        "count": 32174.0,
        "geometric_mean_rank": 70.8956038012842,
        "harmonic_mean_rank": 6.158504996756112,
        "hits_at_1": 0.06203767016845901,
        "hits_at_10": 0.3204450798781625,
        "hits_at_3": 0.23699260272269534,
        "hits_at_5": 0.2801951886616523,
        "inverse_arithmetic_mean_rank": 0.0012348716326872908,
        "inverse_geometric_mean_rank": 0.014105246960064485,
        "inverse_harmonic_mean_rank": 0.16237707049466274,
        "inverse_median_rank": 0.00819672131147541,
        "median_absolute_deviation": 177.91226622067222,
        "median_rank": 122.0,
        "standard_deviation": 1829.8588406401095,
        "variance": 3348383.3766687657,
        "z_arithmetic_mean_rank": 260.44583602852,
        "z_geometric_mean_rank": 176.68125136621333,
        "z_hits_at_k": 1865.7432689701202,
        "z_inverse_harmonic_mean_rank": 2330.482444915537
      },
      "pessimistic": {
        "adjusted_arithmetic_mean_rank": 0.14112416568751723,
        "adjusted_arithmetic_mean_rank_index": 0.8590255367055268,
        "adjusted_geometric_mean_rank_index": 0.9828711060727624,
        "adjusted_hits_at_k": 0.31980262908134593,
        "adjusted_inverse_harmonic_mean_rank": 0.16160163983155126,
        "arithmetic_mean_rank": 809.801765400634,
        "count": 32174.0,
        "geometric_mean_rank": 70.89564999309148,
        "harmonic_mean_rank": 6.158505027761339,
        "hits_at_1": 0.06203767016845901,
        "hits_at_10": 0.3204450798781625,
        "hits_at_3": 0.23699260272269534,
        "hits_at_5": 0.2801951886616523,
        "inverse_arithmetic_mean_rank": 0.001234870116028049,
        "inverse_geometric_mean_rank": 0.014105237769841256,
        "inverse_harmonic_mean_rank": 0.16237706967716925,
        "inverse_median_rank": 0.00819672131147541,
        "median_absolute_deviation": 177.91226622067222,
        "median_rank": 122.0,
        "standard_deviation": 1829.8600632423468,
        "variance": 3348387.8510492854,
        "z_arithmetic_mean_rank": 260.44578346861925,
        "z_geometric_mean_rank": 176.681249331337,
        "z_hits_at_k": 1865.7432689701202,
        "z_inverse_harmonic_mean_rank": 2330.4824331154223
      },
      "realistic": {
        "adjusted_arithmetic_mean_rank": 0.1411240899089499,
        "adjusted_arithmetic_mean_rank_index": 0.8590256124973024,
        "adjusted_geometric_mean_rank_index": 0.982871107261687,
        "adjusted_hits_at_k": 0.31980262908134593,
        "adjusted_inverse_harmonic_mean_rank": 0.1616016545373499,
        "arithmetic_mean_rank": 809.8013305664062,
        "count": 32174.0,
        "geometric_mean_rank": 70.89564514160156,
        "harmonic_mean_rank": 6.158504470527715,
        "hits_at_1": 0.06203767016845901,
        "hits_at_10": 0.3204450798781625,
        "hits_at_3": 0.23699260272269534,
        "hits_at_5": 0.2801951886616523,
        "inverse_arithmetic_mean_rank": 0.0012348707532510161,
        "inverse_geometric_mean_rank": 0.014105238951742649,
        "inverse_harmonic_mean_rank": 0.16237708436936657,
        "inverse_median_rank": 0.008196720853447914,
        "median_absolute_deviation": 177.91226622067222,
        "median_rank": 122.0,
        "standard_deviation": 1829.8594970703125,
        "variance": 3348385.75,
        "z_arithmetic_mean_rank": 260.44580644773635,
        "z_geometric_mean_rank": 176.6812495450585,
        "z_hits_at_k": 1865.7432689701202,
        "z_inverse_harmonic_mean_rank": 2330.4826451900362
      }
    },
    "head": {
      "optimistic": {
        "adjusted_arithmetic_mean_rank": 0.22384652052403592,
        "adjusted_arithmetic_mean_rank_index": 0.7763072941522475,
        "adjusted_geometric_mean_rank_index": 0.9054005432848463,
        "adjusted_hits_at_k": 0.04618316137563157,
        "adjusted_inverse_harmonic_mean_rank": 0.02243643524436464,
        "arithmetic_mean_rank": 1129.760116864549,
        "count": 16087.0,
        "geometric_mean_rank": 333.93221624050875,
        "harmonic_mean_rank": 42.586767857267496,
        "hits_at_1": 0.0074594392988127055,
        "hits_at_10": 0.04724311555914714,
        "hits_at_3": 0.019643190153540126,
        "hits_at_5": 0.028159383353017965,
        "inverse_arithmetic_mean_rank": 0.0008851436557836053,
        "inverse_geometric_mean_rank": 0.002994619720308051,
        "inverse_harmonic_mean_rank": 0.02348147207018784,
        "inverse_median_rank": 0.002652519893899204,
        "median_absolute_deviation": 440.33285889616377,
        "median_rank": 377.0,
        "standard_deviation": 2026.8570388139933,
        "variance": 4108149.4557898296,
        "z_arithmetic_mean_rank": 163.2312089529457,
        "z_geometric_mean_rank": 115.12056516807121,
        "z_hits_at_k": 175.63063813392804,
        "z_inverse_harmonic_mean_rank": 210.9904933676577
      },
      "pessimistic": {
        "adjusted_arithmetic_mean_rank": 0.22384676685502058,
        "adjusted_arithmetic_mean_rank_index": 0.7763070477724461,
        "adjusted_geometric_mean_rank_index": 0.9054004696839968,
        "adjusted_hits_at_k": 0.04618316137563157,
        "adjusted_inverse_harmonic_mean_rank": 0.022436434296763317,
        "arithmetic_mean_rank": 1129.7613601044322,
        "count": 16087.0,
        "geometric_mean_rank": 333.9324752704737,
        "harmonic_mean_rank": 42.58676957403118,
        "hits_at_1": 0.0074594392988127055,
        "hits_at_10": 0.04724311555914714,
        "hits_at_3": 0.019643190153540126,
        "hits_at_5": 0.028159383353017965,
        "inverse_arithmetic_mean_rank": 0.0008851426817319744,
        "inverse_geometric_mean_rank": 0.0029946173973945927,
        "inverse_harmonic_mean_rank": 0.023481471123599523,
        "inverse_median_rank": 0.002652519893899204,
        "median_absolute_deviation": 440.33285889616377,
        "median_rank": 377.0,
        "standard_deviation": 2026.8581930407533,
        "variance": 4108154.134696428,
        "z_arithmetic_mean_rank": 163.23115714759342,
        "z_geometric_mean_rank": 115.12055580981374,
        "z_hits_at_k": 175.63063813392804,
        "z_inverse_harmonic_mean_rank": 210.9904844564885
      },
      "realistic": {
        "adjusted_arithmetic_mean_rank": 0.22384664442322894,
        "adjusted_arithmetic_mean_rank_index": 0.7763071702285007,
        "adjusted_geometric_mean_rank_index": 0.9054004640447457,
        "adjusted_hits_at_k": 0.04618316137563157,
        "adjusted_inverse_harmonic_mean_rank": 0.022436434513194964,
        "arithmetic_mean_rank": 1129.7607421875,
        "count": 16087.0,
        "geometric_mean_rank": 333.9324951171875,
        "harmonic_mean_rank": 42.586769181923245,
        "hits_at_1": 0.0074594392988127055,
        "hits_at_10": 0.04724311555914714,
        "hits_at_3": 0.019643190153540126,
        "hits_at_5": 0.028159383353017965,
        "inverse_arithmetic_mean_rank": 0.0008851431775838137,