{
  "losses": [
    0.9329124198197738,
    0.6819182883068883,
    0.5015075324950717,
    0.3570880259765616,
    0.24771153658555953,
    0.17227837082605874,
    0.12170206071976618,
    0.0883386141718014,
    0.06537571593829025,
    0.048832276700078135,
    0.037735763329949115,
    0.029391831573361754,
    0.023141737604726768,
    0.01906710727833701,
    0.01527200159990657,
    0.012957132994729817,
    0.010774292832143024,
    0.009310766111905268,
    0.008174742694089864,
    0.007213190780870997,
    0.006447454930312587,
    0.005845800085772745,
    0.005204299640436169,
    0.004605756402684153
  ],
  "metrics": {
    "both": {
      "optimistic": {
        "adjusted_arithmetic_mean_rank": 0.07119199180119201,
        "adjusted_arithmetic_mean_rank_index": 0.928823994403013,
        "adjusted_geometric_mean_rank_index": 0.9998315161039446,
        "adjusted_hits_at_k": 0.725845132952105,
        "adjusted_inverse_harmonic_mean_rank": 0.5202550273415422,
        "arithmetic_mean_rank": 4136.368417809907,
        "count": 48692.0,
        "geometric_mean_rank": 8.20274052092252,
        "harmonic_mean_rank": 1.9219475501317802,
        "hits_at_1": 0.4104986445411977,
        "hits_at_10": 0.7258687258687259,
        "hits_at_3": 0.5924997946274542,
        "hits_at_5": 0.6603959582682987,
        "inverse_arithmetic_mean_rank": 0.00024175796229714767,
        "inverse_geometric_mean_rank": 0.12191047582808766,
        "inverse_harmonic_mean_rank": 0.5203055618929008,
        "inverse_median_rank": 0.5,
        "median_absolute_deviation": 1.482602218505602,
        "median_rank": 2.0,
        "standard_deviation": 16973.695039107428,
        "variance": 288106323.2806201,
        "z_arithmetic_mean_rank": 354.99245474109205,
        "z_geometric_mean_rank": 220.69706201271677,
        "z_hits_at_k": 17264.788069813352,
        "z_inverse_harmonic_mean_rank": 30521.345088201695
      },
      "pessimistic": {
        "adjusted_arithmetic_mean_rank": 0.07119205083092081,
        "adjusted_arithmetic_mean_rank_index": 0.9288239353722683,
        "adjusted_geometric_mean_rank_index": 0.9998315158194572,
        "adjusted_hits_at_k": 0.725845132952105,
        "adjusted_inverse_harmonic_mean_rank": 0.5202549849548977,
        "arithmetic_mean_rank": 4136.371847531422,
        "count": 48692.0,
        "geometric_mean_rank": 8.202752682849221,
        "harmonic_mean_rank": 1.9219477066865798,
        "hits_at_1": 0.4104986445411977,
        "hits_at_10": 0.7258687258687259,
        "hits_at_3": 0.5924997946274542,
        "hits_at_5": 0.6603959582682987,
        "inverse_arithmetic_mean_rank": 0.00024175776184068122,
        "inverse_geometric_mean_rank": 0.12191029507580504,
        "inverse_harmonic_mean_rank": 0.5203055195107211,
        "inverse_median_rank": 0.5,
        "median_absolute_deviation": 1.482602218505602,
        "median_rank": 2.0,
        "standard_deviation": 16973.703927485476,
        "variance": 288106625.0179358,
        "z_arithmetic_mean_rank": 354.9924321798004,
        "z_geometric_mean_rank": 220.69706194992065,
        "z_hits_at_k": 17264.788069813352,
        "z_inverse_harmonic_mean_rank": 30521.34260154162
      },
      "realistic": {
        "adjusted_arithmetic_mean_rank": 0.07119202104957209,
        "adjusted_arithmetic_mean_rank_index": 0.9288239651541296,
        "adjusted_geometric_mean_rank_index": 0.9998315159666269,
        "adjusted_hits_at_k": 0.725845132952105,
        "adjusted_inverse_harmonic_mean_rank": 0.5202549940098844,
        "arithmetic_mean_rank": 4136.3701171875,
        "count": 48692.0,
        "geometric_mean_rank": 8.202746391296387,
        "harmonic_mean_rank": 1.9219476732420426,
        "hits_at_1": 0.4104986445411977,
        "hits_at_10": 0.7258687258687259,
        "hits_at_3": 0.5924997946274542,
        "hits_at_5": 0.6603959582682987,
        "inverse_arithmetic_mean_rank": 0.00024175786529667675,
        "inverse_geometric_mean_rank": 0.12191038578748703,
        "inverse_harmonic_mean_rank": 0.520305528564754,
        "inverse_median_rank": 0.5,
        "median_absolute_deviation": 1.482602218505602,
        "median_rank": 2.0,
        "standard_deviation": 16973.69921875,
        "variance": 288106464.0,
        "z_arithmetic_mean_rank": 354.9924435622971,
        "z_geometric_mean_rank": 220.69706198240607,
        "z_hits_at_k": 17264.788069813352,
        "z_inverse_harmonic_mean_rank": 30521.343132762577
      }
    },
    "head": {
      "optimistic": {
        "adjusted_arithmetic_mean_rank": 0.07148355459704167,
        "adjusted_arithmetic_mean_rank_index": 0.9285324265979579,
        "adjusted_geometric_mean_rank_index": 0.9998228668661154,
        "adjusted_hits_at_k": 0.7181224606271798,
        "adjusted_inverse_harmonic_mean_rank": 0.5114206764550401,
        "arithmetic_mean_rank": 4153.306333689313,
        "count": 24346.0,
        "geometric_mean_rank": 8.572571633504058,
        "harmonic_mean_rank": 1.9551406980850972,
        "hits_at_1": 0.4010925819436458,
        "hits_at_10": 0.7181467181467182,
        "hits_at_3": 0.5839152222130946,
        "hits_at_5": 0.652673950546291,
        "inverse_arithmetic_mean_rank": 0.0002407720306803656,
        "inverse_geometric_mean_rank": 0.11665111039629164,
        "inverse_harmonic_mean_rank": 0.5114721416107902,
        "inverse_median_rank": 0.5,
        "median_absolute_deviation": 1.482602218505602,
        "median_rank": 2.0,
        "standard_deviation": 16904.30560705825,
        "variance": 285755548.056821,
        "z_arithmetic_mean_rank": 250.93877490547553,
        "z_geometric_mean_rank": 156.0584625373799,
        "z_hits_at_k": 12078.157046857474,
        "z_inverse_harmonic_mean_rank": 21215.366828762842
      },
      "pessimistic": {
        "adjusted_arithmetic_mean_rank": 0.07148361115250244,
        "adjusted_arithmetic_mean_rank_index": 0.9285323700415237,
        "adjusted_geometric_mean_rank_index": 0.9998228667801551,
        "adjusted_hits_at_k": 0.7181224606271798,
        "adjusted_inverse_harmonic_mean_rank": 0.5114206758875487,
        "arithmetic_mean_rank": 4153.3096196500455,
        "count": 24346.0,
        "geometric_mean_rank": 8.572575308371585,
        "harmonic_mean_rank": 1.9551407002541468,
        "hits_at_1": 0.4010925819436458,
        "hits_at_10": 0.7181467181467182,
        "hits_at_3": 0.5839152222130946,
        "hits_at_5": 0.652673950546291,
        "inverse_arithmetic_mean_rank": 0.00024077184018952557,
        "inverse_geometric_mean_rank": 0.11665106039062098,
        "inverse_harmonic_mean_rank": 0.5114721410433587,
        "inverse_median_rank": 0.5,
        "median_absolute_deviation": 1.482602218505602,
        "median_rank": 2.0,
        "standard_deviation": 16904.314869553,
        "variance": 285755861.2089907,
        "z_arithmetic_mean_rank": 250.93875962092338,
        "z_geometric_mean_rank": 156.0584625239627,
        "z_hits_at_k": 12078.157046857474,
        "z_inverse_harmonic_mean_rank": 21215.366805221485
      },
      "realistic": {
        "adjusted_arithmetic_mean_rank": 0.07148357668763779,
        "adjusted_arithmetic_mean_rank_index": 0.9285324045069816,
        "adjusted_geometric_mean_rank_index": 0.9998228667740551,
        "adjusted_hits_at_k": 0.7181224606271798,
        "adjusted_inverse_harmonic_mean_rank": 0.5114206773420841,
        "arithmetic_mean_rank": 4153.3076171875,
        "count": 24346.0,
        "geometric_mean_rank": 8.572575569152832,
        "harmonic_mean_rank": 1.9551406946946615,
        "hits_at_1": 0.4010925819436458,
        "hits_at_10": 0.7181467181467182,
        "hits_at_3": 0.5839152222130946,
        "hits_at_5": 0.652673950546291,
        "inverse_arithmetic_mean_rank": 0.00024077195848803967,
        "inverse_geometric_mean_rank": 0.11665105819702148,
        "inverse_harmonic_mean_rank": 0.5114721424977409,
        "inverse_median_rank": 0.5,