{
    "hits@3": {
        "local_kg_hit_rewriting": 0.14666666666666667,
        "online_kg_hit_rewriting": 0.013333333333333332,
        "local_kg_hit_original": 0.14666666666666667,
        "online_kg_hit_original": 0.013333333333333332
    },
    "mrr": {
        "local_kg_hit_rewriting": 0.24133333333333332,
        "online_kg_hit_rewriting": 0.044444444444444446,
        "local_kg_hit_original": 0.24133333333333332,
        "online_kg_hit_original": 0.04
    },
    "query_structure": "2i",
    "number_of_queries": 25,
    "model": {
        "selected_model_name": "TransE",
        "dim": 192,
        "epoch": 24
    },
    "dataset": "dbpedia15k",
    "cutoff_value": 100
}