{
    "hits@3": {
        "local_kg_hit_rewriting": 0.4266666666666667,
        "online_kg_hit_rewriting": 0.11999999999999998,
        "local_kg_hit_original": 0.3066666666666667,
        "online_kg_hit_original": 0.13333333333333333
    },
    "mrr": {
        "local_kg_hit_rewriting": 0.5342363998230871,
        "online_kg_hit_rewriting": 0.2292673243032763,
        "local_kg_hit_original": 0.39090306648975376,
        "online_kg_hit_original": 0.24298717030671915
    },
    "query_structure": "1p",
    "number_of_queries": 25,
    "model": {
        "selected_model_name": "BoxE",
        "dim": 192,
        "epoch": 24
    },
    "dataset": "dbpedia15k",
    "cutoff_value": 100
}