{
    "hits@3": {
        "local_kg_hit_rewriting": 0.3066666666666667,
        "online_kg_hit_rewriting": 0.05333333333333333,
        "local_kg_hit_original": 0.3066666666666667,
        "online_kg_hit_original": 0.05333333333333333
    },
    "mrr": {
        "local_kg_hit_rewriting": 0.39090306648975376,
        "online_kg_hit_rewriting": 0.08146120023385425,
        "local_kg_hit_original": 0.39090306648975376,
        "online_kg_hit_original": 0.07958386037180518
    },
    "query_structure": "1p",
    "number_of_queries": 25,
    "model": {
        "selected_model_name": "BoxE",
        "dim": 192,
        "epoch": 24
    },
    "dataset": "dbpedia15k",
    "cutoff_value": 100
}