{
    "hits@3": {
        "local_kg_hit_rewriting": 0.06666666666666667,
        "online_kg_hit_rewriting": 0.2533333333333333,
        "local_kg_hit_original": 0.49333333333333335,
        "online_kg_hit_original": 0.3466666666666666
    },
    "mrr": {
        "local_kg_hit_rewriting": 0.1024196374477651,
        "online_kg_hit_rewriting": 0.3316954541495692,
        "local_kg_hit_original": 0.6133529625590693,
        "online_kg_hit_original": 0.4458190863555067
    },
    "query_structure": "2u",
    "number_of_queries": 25,
    "model": {
        "selected_model_name": "TransE",
        "dim": 192,
        "epoch": 24
    },
    "dataset": "dbpedia15k",
    "cutoff_value": 100
}