{
    "hits@3": {
        "local_kg_hit_rewriting": 0.35999999999999993,
        "online_kg_hit_rewriting": 0.05333333333333333,
        "local_kg_hit_original": 0.35999999999999993,
        "online_kg_hit_original": 0.04
    },
    "mrr": {
        "local_kg_hit_rewriting": 0.5385860805860806,
        "online_kg_hit_rewriting": 0.14042403073000928,
        "local_kg_hit_original": 0.5385860805860806,
        "online_kg_hit_original": 0.06568505224782281
    },
    "query_structure": "2u",
    "number_of_queries": 25,
    "model": {
        "selected_model_name": "RotatE",
        "dim": 192,
        "epoch": 24
    },
    "dataset": "dbpedia15k",
    "cutoff_value": 100
}