{
    "hits@3": {
        "local_kg_hit_rewriting": 0.026666666666666665,
        "online_kg_hit_rewriting": 0.10666666666666666,
        "local_kg_hit_original": 0.31999999999999995,
        "online_kg_hit_original": 0.09333333333333334
    },
    "mrr": {
        "local_kg_hit_rewriting": 0.05984060758772837,
        "online_kg_hit_rewriting": 0.2214164499242962,
        "local_kg_hit_original": 0.4836203404438698,
        "online_kg_hit_original": 0.24506968245429783
    },
    "query_structure": "2u",
    "number_of_queries": 25,
    "model": {
        "selected_model_name": "BoxE",
        "dim": 192,
        "epoch": 24
    },
    "dataset": "dbpedia15k",
    "cutoff_value": 100
}