{
    "hits@3": {
        "local_kg_hit_rewriting": 0.013333333333333332,
        "online_kg_hit_rewriting": 0.0,
        "local_kg_hit_original": 0.013333333333333332,
        "online_kg_hit_original": 0.0
    },
    "mrr": {
        "local_kg_hit_rewriting": 0.018148148148148146,
        "online_kg_hit_rewriting": 0.00044444444444444447,
        "local_kg_hit_original": 0.018148148148148146,
        "online_kg_hit_original": 0.00044444444444444447
    },
    "query_structure": "ip",
    "number_of_queries": 25,
    "model": {
        "selected_model_name": "BoxE",
        "dim": 192,
        "epoch": 24
    },
    "dataset": "dbpedia15k",
    "cutoff_value": 100
}