{
    "hits@3": {
        "local_kg_hit_rewriting": 0.04,
        "online_kg_hit_rewriting": 0.026666666666666665,
        "local_kg_hit_original": 0.04,
        "online_kg_hit_original": 0.026666666666666665
    },
    "mrr": {
        "local_kg_hit_rewriting": 0.1282539547822405,
        "online_kg_hit_rewriting": 0.08642857142857142,
        "local_kg_hit_original": 0.1282539547822405,
        "online_kg_hit_original": 0.08544117647058823
    },
    "query_structure": "up",
    "number_of_queries": 25,
    "model": {
        "selected_model_name": "RotatE",
        "dim": 192,
        "epoch": 24
    },
    "dataset": "dbpedia15k",
    "cutoff_value": 100
}