{
    "hits@3": {
        "local_kg_hit_rewriting": 0.0,
        "online_kg_hit_rewriting": 0.013333333333333332,
        "local_kg_hit_original": 0.0,
        "online_kg_hit_original": 0.013333333333333332
    },
    "mrr": {
        "local_kg_hit_rewriting": 0.004105263157894737,
        "online_kg_hit_rewriting": 0.04081632653061225,
        "local_kg_hit_original": 0.004105263157894737,
        "online_kg_hit_original": 0.04081632653061225
    },
    "query_structure": "3p",
    "number_of_queries": 25,
    "model": {
        "selected_model_name": "TransE",
        "dim": 192,
        "epoch": 24
    },
    "dataset": "dbpedia15k",
    "cutoff_value": 100
}