{
    "hits@3": {
        "local_kg_hit_rewriting": 0.08,
        "online_kg_hit_rewriting": 0.13333333333333333,
        "local_kg_hit_original": 0.38666666666666666,
        "online_kg_hit_original": 0.2533333333333333
    },
    "mrr": {
        "local_kg_hit_rewriting": 0.0950749398961047,
        "online_kg_hit_rewriting": 0.2591281842377985,
        "local_kg_hit_original": 0.5645228105228104,
        "online_kg_hit_original": 0.4060015670911897
    },
    "query_structure": "2u",
    "number_of_queries": 25,
    "model": {
        "selected_model_name": "CompGCN",
        "dim": 192,
        "epoch": 24
    },
    "dataset": "dbpedia15k",
    "cutoff_value": 100
}