{
    "hits@3": {
        "local_kg_hit_rewriting": 0.013333333333333332,
        "online_kg_hit_rewriting": 0.013333333333333332,
        "local_kg_hit_original": 0.013333333333333332,
        "online_kg_hit_original": 0.026666666666666665
    },
    "mrr": {
        "local_kg_hit_rewriting": 0.08349470838944523,
        "online_kg_hit_rewriting": 0.03662884160756501,
        "local_kg_hit_original": 0.08349470838944523,
        "online_kg_hit_original": 0.03437543808251724
    },
    "query_structure": "up",
    "number_of_queries": 25,
    "model": {
        "selected_model_name": "CompGCN",
        "dim": 192,
        "epoch": 24
    },
    "dataset": "dbpedia15k",
    "cutoff_value": 100
}