{
    "hits@3": {
        "local_kg_hit_rewriting": 0.46666666666666673,
        "online_kg_hit_rewriting": 0.04,
        "local_kg_hit_original": 0.46666666666666673,
        "online_kg_hit_original": 0.0
    },
    "mrr": {
        "local_kg_hit_rewriting": 0.5721625158467264,
        "online_kg_hit_rewriting": 0.07996215472812886,
        "local_kg_hit_original": 0.5721625158467264,
        "online_kg_hit_original": 0.006659262734833418
    },
    "query_structure": "2u",
    "number_of_queries": 25,
    "model": {
        "selected_model_name": "DistMult",
        "dim": 192,
        "epoch": 24
    },
    "dataset": "dbpedia15k",
    "cutoff_value": 100
}