{
    "hits@3": {
        "local_kg_hit_rewriting": 0.0,
        "online_kg_hit_rewriting": 0.026666666666666665,
        "local_kg_hit_original": 0.0,
        "online_kg_hit_original": 0.026666666666666665
    },
    "mrr": {
        "local_kg_hit_rewriting": 0.02952552552552553,
        "online_kg_hit_rewriting": 0.05299219219219219,
        "local_kg_hit_original": 0.02952552552552553,
        "online_kg_hit_original": 0.05299219219219219
    },
    "query_structure": "2p",
    "number_of_queries": 25,
    "model": {
        "selected_model_name": "TransE",
        "dim": 192,
        "epoch": 24
    },
    "dataset": "dbpedia15k",
    "cutoff_value": 100
}