{
    "hits@3": {
        "local_kg_hit_rewriting": 0.10666666666666666,
        "online_kg_hit_rewriting": 0.026666666666666665,
        "local_kg_hit_original": 0.10666666666666666,
        "online_kg_hit_original": 0.026666666666666665
    },
    "mrr": {
        "local_kg_hit_rewriting": 0.13566144102016875,
        "online_kg_hit_rewriting": 0.038982084672135035,
        "local_kg_hit_original": 0.13566144102016875,
        "online_kg_hit_original": 0.025179531286248568
    },
    "query_structure": "up",
    "number_of_queries": 25,
    "model": {
        "selected_model_name": "TransE",
        "dim": 192,
        "epoch": 24
    },
    "dataset": "dbpedia15k",
    "cutoff_value": 100
}