{
    "hits@3": {
        "local_kg_hit_rewriting": 0.46666666666666673,
        "online_kg_hit_rewriting": 0.12000000000000002,
        "local_kg_hit_original": 0.36,
        "online_kg_hit_original": 0.21333333333333332
    },
    "mrr": {
        "local_kg_hit_rewriting": 0.635453823953824,
        "online_kg_hit_rewriting": 0.21238918026418016,
        "local_kg_hit_original": 0.47701124692301167,
        "online_kg_hit_original": 0.34590955284552843
    },
    "query_structure": "1p",
    "number_of_queries": 25,
    "model": {
        "selected_model_name": "CompGCN",
        "dim": 192,
        "epoch": 24
    },
    "dataset": "dbpedia15k",
    "cutoff_value": 100
}