{
    "hits@3": {
        "local_kg_hit_rewriting": 0.13333333333333333,
        "online_kg_hit_rewriting": 0.04,
        "local_kg_hit_original": 0.13333333333333333,
        "online_kg_hit_original": 0.0
    },
    "mrr": {
        "local_kg_hit_rewriting": 0.16959749027111828,
        "online_kg_hit_rewriting": 0.04443703923681033,
        "local_kg_hit_original": 0.16959749027111828,
        "online_kg_hit_original": 0.00047296956804747647
    },
    "query_structure": "up",
    "number_of_queries": 25,
    "model": {
        "selected_model_name": "TransE",
        "dim": 192,
        "epoch": 24
    },
    "dataset": "dbpedia15k",
    "cutoff_value": 100
}