{
    "hits@3": {
        "local_kg_hit_rewriting": 0.36,
        "online_kg_hit_rewriting": 0.09333333333333332,
        "local_kg_hit_original": 0.36,
        "online_kg_hit_original": 0.05333333333333333
    },
    "mrr": {
        "local_kg_hit_rewriting": 0.47701124692301167,
        "online_kg_hit_rewriting": 0.167069003614239,
        "local_kg_hit_original": 0.47701124692301167,
        "online_kg_hit_original": 0.08515722377596278
    },
    "query_structure": "1p",
    "number_of_queries": 25,
    "model": {
        "selected_model_name": "CompGCN",
        "dim": 192,
        "epoch": 24
    },
    "dataset": "dbpedia15k",
    "cutoff_value": 100
}