{
    "hits@3": {
        "local_kg_hit_rewriting": 0.5866666666666667,
        "online_kg_hit_rewriting": 0.05333333333333333,
        "local_kg_hit_original": 0.45333333333333337,
        "online_kg_hit_original": 0.22666666666666666
    },
    "mrr": {
        "local_kg_hit_rewriting": 0.6457002801120447,
        "online_kg_hit_rewriting": 0.18549452318240733,
        "local_kg_hit_original": 0.5026699770817418,
        "online_kg_hit_original": 0.4027128249149122
    },
    "query_structure": "1p",
    "number_of_queries": 25,
    "model": {
        "selected_model_name": "DistMult",
        "dim": 192,
        "epoch": 24
    },
    "dataset": "dbpedia15k",
    "cutoff_value": 100
}