{
    "hits@3": {
        "local_kg_hit_rewriting": 0.38666666666666666,
        "online_kg_hit_rewriting": 0.12,
        "local_kg_hit_original": 0.38666666666666666,
        "online_kg_hit_original": 0.0
    },
    "mrr": {
        "local_kg_hit_rewriting": 0.5645228105228104,
        "online_kg_hit_rewriting": 0.21275987094838633,
        "local_kg_hit_original": 0.5645228105228104,
        "online_kg_hit_original": 0.005987935445946561
    },
    "query_structure": "2u",
    "number_of_queries": 25,
    "model": {
        "selected_model_name": "CompGCN",
        "dim": 192,
        "epoch": 24
    },
    "dataset": "dbpedia15k",
    "cutoff_value": 100
}