{
    "hits@3": {
        "local_kg_hit_rewriting": 0.6933333333333332,
        "online_kg_hit_rewriting": 0.3066666666666667,
        "local_kg_hit_original": 0.5866666666666667,
        "online_kg_hit_original": 0.4266666666666667
    },
    "mrr": {
        "local_kg_hit_rewriting": 0.7630476190476191,
        "online_kg_hit_rewriting": 0.40746074775474816,
        "local_kg_hit_original": 0.6697142857142857,
        "online_kg_hit_original": 0.513077300509671
    },
    "query_structure": "2u",
    "number_of_queries": 25,
    "model": {
        "selected_model_name": "TransE",
        "dim": 192,
        "epoch": 24
    },
    "dataset": "dbpedia15k",
    "cutoff_value": 100
}