{
  "losses": [
    0.8088294287719349,
    0.6683961214405475,
    0.6087223860296873,
    0.5640649449117113,
    0.5186234527885324,
    0.4686769525013348,
    0.4189637763075309,
    0.37249949061044374,
    0.3357474435674082,
    0.30707588021708004,
    0.2826842818224784,
    0.2611711680594057,
    0.24634582049185685,
    0.23132021453711066,
    0.22048169271190568,
    0.20880369526324885
  ],
  "metrics": {
    "both": {
      "optimistic": {
        "adjusted_arithmetic_mean_rank": 0.24426559286496285,
        "adjusted_arithmetic_mean_rank_index": 0.7558661319370795,
        "adjusted_geometric_mean_rank_index": 0.9781660134573522,
        "adjusted_hits_at_k": 0.317998226981397,
        "adjusted_inverse_harmonic_mean_rank": 0.23490779610254897,
        "arithmetic_mean_rank": 1401.6501522968856,
        "count": 32174.0,
        "geometric_mean_rank": 90.09510957459116,
        "harmonic_mean_rank": 4.244204291217752,
        "hits_at_1": 0.1822900478647355,
        "hits_at_10": 0.3186423820476161,
        "hits_at_3": 0.26959656865792253,
        "hits_at_5": 0.2914154286069497,
        "inverse_arithmetic_mean_rank": 0.0007134447910281314,
        "inverse_geometric_mean_rank": 0.011099381583770473,
        "inverse_harmonic_mean_rank": 0.23561542550372352,
        "inverse_median_rank": 0.005291005291005291,
        "median_absolute_deviation": 278.72921707905317,
        "median_rank": 189.0,
        "standard_deviation": 2671.303889688918,
        "variance": 7135864.471067143,
        "z_arithmetic_mean_rank": 229.16914401024565,
        "z_geometric_mean_rank": 175.83546025851348,
        "z_hits_at_k": 1855.2163040037415,
        "z_inverse_harmonic_mean_rank": 3387.641937232158
      },
      "pessimistic": {
        "adjusted_arithmetic_mean_rank": 0.2442658203573674,
        "adjusted_arithmetic_mean_rank_index": 0.755865904405023,
        "adjusted_geometric_mean_rank_index": 0.9781659866448341,
        "adjusted_hits_at_k": 0.317998226981397,
        "adjusted_inverse_harmonic_mean_rank": 0.2349077779965869,
        "arithmetic_mean_rank": 1401.651457698763,
        "count": 32174.0,
        "geometric_mean_rank": 90.09521898494708,
        "harmonic_mean_rank": 4.244204617063709,
        "hits_at_1": 0.1822900478647355,
        "hits_at_10": 0.3186423820476161,
        "hits_at_3": 0.26959656865792253,
        "hits_at_5": 0.2914154286069497,
        "inverse_arithmetic_mean_rank": 0.0007134441265746651,
        "inverse_geometric_mean_rank": 0.011099368104838924,
        "inverse_harmonic_mean_rank": 0.23561540741450757,
        "inverse_median_rank": 0.005291005291005291,
        "median_absolute_deviation": 278.72921707905317,
        "median_rank": 189.0,
        "standard_deviation": 2671.305985522138,
        "variance": 7135875.668286401,
        "z_arithmetic_mean_rank": 229.16907502537592,
        "z_geometric_mean_rank": 175.83545543868595,
        "z_hits_at_k": 1855.2163040037415,
        "z_inverse_harmonic_mean_rank": 3387.6416761232576
      },
      "realistic": {
        "adjusted_arithmetic_mean_rank": 0.24426569821799243,
        "adjusted_arithmetic_mean_rank_index": 0.7558660265656869,
        "adjusted_geometric_mean_rank_index": 0.9781660007475107,
        "adjusted_hits_at_k": 0.317998226981397,
        "adjusted_inverse_harmonic_mean_rank": 0.23490778768831116,
        "arithmetic_mean_rank": 1401.6507568359375,
        "count": 32174.0,
        "geometric_mean_rank": 90.09516143798828,
        "harmonic_mean_rank": 4.244204442645511,
        "hits_at_1": 0.1822900478647355,
        "hits_at_10": 0.3186423820476161,
        "hits_at_3": 0.26959656865792253,
        "hits_at_5": 0.2914154286069497,
        "inverse_arithmetic_mean_rank": 0.0007134444895200431,
        "inverse_geometric_mean_rank": 0.01109937485307455,
        "inverse_harmonic_mean_rank": 0.235615417097268,
        "inverse_median_rank": 0.005291005130857229,
        "median_absolute_deviation": 278.72921707905317,
        "median_rank": 189.0,
        "standard_deviation": 2671.304931640625,
        "variance": 7135870.0,
        "z_arithmetic_mean_rank": 229.16911206295916,
        "z_geometric_mean_rank": 175.83545797378798,
        "z_hits_at_k": 1855.2163040037415,
        "z_inverse_harmonic_mean_rank": 3387.6418158891233
      }
    },
    "head": {
      "optimistic": {
        "adjusted_arithmetic_mean_rank": 0.37113163438237384,
        "adjusted_arithmetic_mean_rank_index": 0.6289929919790872,
        "adjusted_geometric_mean_rank_index": 0.8470826571452178,
        "adjusted_hits_at_k": 0.025709112970371747,
        "adjusted_inverse_harmonic_mean_rank": 0.01675572023685029,
        "arithmetic_mean_rank": 1873.1125132094237,
        "count": 16087.0,
        "geometric_mean_rank": 539.1754993746918,
        "harmonic_mean_rank": 56.158227333643126,
        "hits_at_1": 0.007645925281283023,
        "hits_at_10": 0.02679181948156897,
        "hits_at_3": 0.014483744638528005,
        "hits_at_5": 0.018151302293777583,
        "inverse_arithmetic_mean_rank": 0.0005338707594700665,
        "inverse_geometric_mean_rank": 0.0018546836812127943,
        "inverse_harmonic_mean_rank": 0.017806829871229262,
        "inverse_median_rank": 0.0018248175182481751,
        "median_absolute_deviation": 649.3797717054537,
        "median_rank": 548.0,
        "standard_deviation": 2867.7751459029846,
        "variance": 8224134.2874588845,
        "z_arithmetic_mean_rank": 132.25598584101573,
        "z_geometric_mean_rank": 107.70551769367499,
        "z_hits_at_k": 97.76957190345415,
        "z_inverse_harmonic_mean_rank": 157.56949091952785
      },
      "pessimistic": {
        "adjusted_arithmetic_mean_rank": 0.37113184376371083,
        "adjusted_arithmetic_mean_rank_index": 0.628992782556256,
        "adjusted_geometric_mean_rank_index": 0.8470826023979884,
        "adjusted_hits_at_k": 0.025709112970371747,
        "adjusted_inverse_harmonic_mean_rank": 0.01675571993403587,
        "arithmetic_mean_rank": 1873.1135699633244,
        "count": 16087.0,
        "geometric_mean_rank": 539.1756920514476,
        "harmonic_mean_rank": 56.15822828762214,
        "hits_at_1": 0.007645925281283023,
        "hits_at_10": 0.02679181948156897,
        "hits_at_3": 0.014483744638528005,
        "hits_at_5": 0.018151302293777583,
        "inverse_arithmetic_mean_rank": 0.0005338704582763661,
        "inverse_geometric_mean_rank": 0.0018546830184335923,
        "inverse_harmonic_mean_rank": 0.01780682956873856,
        "inverse_median_rank": 0.0018248175182481751,
        "median_absolute_deviation": 649.3797717054537,
        "median_rank": 548.0,
        "standard_deviation": 2867.776577812352,
        "variance": 8224142.500249125,
        "z_arithmetic_mean_rank": 132.25594180646627,
        "z_geometric_mean_rank": 107.70551073263212,
        "z_hits_at_k": 97.76957190345415,
        "z_inverse_harmonic_mean_rank": 157.5694880718846
      },
      "realistic": {
        "adjusted_arithmetic_mean_rank": 0.37113171399942274,
        "adjusted_arithmetic_mean_rank_index": 0.6289929123462601,
        "adjusted_geometric_mean_rank_index": 0.847082681108368,
        "adjusted_hits_at_k": 0.025709112970371747,
        "adjusted_inverse_harmonic_mean_rank": 0.016755717929424853,
        "arithmetic_mean_rank": 1873.1129150390625,
        "count": 16087.0,
        "geometric_mean_rank": 539.1754150390625,
        "harmonic_mean_rank": 56.15823460289965,
        "hits_at_1": 0.007645925281283023,
        "hits_at_10": 0.02679181948156897,
        "hits_at_3": 0.014483744638528005,
        "hits_at_5": 0.018151302293777583,
        "inverse_arithmetic_mean_rank": 0.0005338706541806459,
        "inverse_geometric_mean_rank": 0.0018546839710325003,
        "inverse_harmonic_mean_rank": 0.017806827566270514,
        "inverse_median_rank": 0.0018248175038024783,
        "median_absolute_deviation": 649.3797717054537,