{
  "losses": [
    0.7097682149103373,
    0.5587872609053508,
    0.46243865855849614,
    0.37284495081051744,
    0.2982485826652829,
    0.2480903806367723,
    0.21645017844615597,
    0.19655507316093634,
    0.1837392330317214,
    0.1710736088823564,
    0.1645232434467514,
    0.15884757481589176,
    0.154831899702549,
    0.15060255379960089,
    0.14771837413606076,
    0.1459299774010583
  ],
  "metrics": {
    "both": {
      "optimistic": {
        "adjusted_arithmetic_mean_rank": 0.07886984546660326,
        "adjusted_arithmetic_mean_rank_index": 0.9212907078787462,
        "adjusted_geometric_mean_rank_index": 0.9901920546102412,
        "adjusted_hits_at_k": 0.3592817026129857,
        "adjusted_inverse_harmonic_mean_rank": 0.2681968359539077,
        "arithmetic_mean_rank": 452.57266737116925,
        "count": 32174.0,
        "geometric_mean_rank": 41.02200731851303,
        "harmonic_mean_rank": 3.7192186790850363,
        "hits_at_1": 0.20846024740473673,
        "hits_at_10": 0.3598868651706347,
        "hits_at_3": 0.3055262012805371,
        "hits_at_5": 0.32756262820911297,
        "inverse_arithmetic_mean_rank": 0.0022095899114028205,
        "inverse_geometric_mean_rank": 0.024377159124261208,
        "inverse_harmonic_mean_rank": 0.26887367651261895,
        "inverse_median_rank": 0.013333333333333334,
        "median_absolute_deviation": 109.71256416941455,
        "median_rank": 75.0,
        "standard_deviation": 1149.7045328362128,
        "variance": 1321820.5128241342,
        "z_arithmetic_mean_rank": 279.3238034995603,
        "z_geometric_mean_rank": 177.9972655677492,
        "z_hits_at_k": 2096.066002458648,
        "z_inverse_harmonic_mean_rank": 3867.708368920211
      },
      "pessimistic": {
        "adjusted_arithmetic_mean_rank": 0.07886989963146149,
        "adjusted_arithmetic_mean_rank_index": 0.921290653704447,
        "adjusted_geometric_mean_rank_index": 0.9901920510627892,
        "adjusted_hits_at_k": 0.3592817026129857,
        "adjusted_inverse_harmonic_mean_rank": 0.2681968346764376,
        "arithmetic_mean_rank": 452.57297818114006,
        "count": 32174.0,
        "geometric_mean_rank": 41.02202179413898,
        "harmonic_mean_rank": 3.719218696739409,
        "hits_at_1": 0.20846024740473673,
        "hits_at_10": 0.3598868651706347,
        "hits_at_3": 0.3055262012805371,
        "hits_at_5": 0.32756262820911297,
        "inverse_arithmetic_mean_rank": 0.0022095883939402036,
        "inverse_geometric_mean_rank": 0.024377150522183064,
        "inverse_harmonic_mean_rank": 0.26887367523633043,
        "inverse_median_rank": 0.013333333333333334,
        "median_absolute_deviation": 109.71256416941455,
        "median_rank": 75.0,
        "standard_deviation": 1149.7053262341756,
        "variance": 1321822.3371712323,
        "z_arithmetic_mean_rank": 279.32378707459134,
        "z_geometric_mean_rank": 177.997264930058,
        "z_hits_at_k": 2096.066002458648,
        "z_inverse_harmonic_mean_rank": 3867.7083504976163
      },
      "realistic": {
        "adjusted_arithmetic_mean_rank": 0.07886987118367066,
        "adjusted_arithmetic_mean_rank_index": 0.9212906821571963,
        "adjusted_geometric_mean_rank_index": 0.9901920518865766,
        "adjusted_hits_at_k": 0.3592817026129857,
        "adjusted_inverse_harmonic_mean_rank": 0.26819685211179345,
        "arithmetic_mean_rank": 452.57281494140625,
        "count": 32174.0,
        "geometric_mean_rank": 41.02201843261719,
        "harmonic_mean_rank": 3.7192184557863985,
        "hits_at_1": 0.20846024740473673,
        "hits_at_10": 0.3598868651706347,
        "hits_at_3": 0.3055262012805371,
        "hits_at_5": 0.32756262820911297,
        "inverse_arithmetic_mean_rank": 0.0022095891181379557,
        "inverse_geometric_mean_rank": 0.02437715232372284,
        "inverse_harmonic_mean_rank": 0.2688736926555604,
        "inverse_median_rank": 0.013333333656191826,
        "median_absolute_deviation": 109.71256416941455,
        "median_rank": 75.0,
        "standard_deviation": 1149.7049560546875,
        "variance": 1321821.375,
        "z_arithmetic_mean_rank": 279.3237957011085,
        "z_geometric_mean_rank": 177.9972650781423,
        "z_hits_at_k": 2096.066002458648,
        "z_inverse_harmonic_mean_rank": 3867.7086019355997
      }
    },
    "head": {
      "optimistic": {
        "adjusted_arithmetic_mean_rank": 0.13800369490318715,
        "adjusted_arithmetic_mean_rank_index": 0.8621671317259939,
        "adjusted_geometric_mean_rank_index": 0.9276723323456119,
        "adjusted_hits_at_k": 0.04437845802076063,
        "adjusted_inverse_harmonic_mean_rank": 0.024279941876891566,
        "arithmetic_mean_rank": 696.5087959221731,
        "count": 16087.0,
        "geometric_mean_rank": 255.54914355575823,
        "harmonic_mean_rank": 39.489779485274155,
        "hits_at_1": 0.009324299123515883,
        "hits_at_10": 0.04544041772860073,
        "hits_at_3": 0.020886430036675577,
        "hits_at_5": 0.0285323553179586,
        "inverse_arithmetic_mean_rank": 0.0014357320479722105,
        "inverse_geometric_mean_rank": 0.003913141660683399,
        "inverse_harmonic_mean_rank": 0.025323007953815053,
        "inverse_median_rank": 0.0032679738562091504,
        "median_absolute_deviation": 352.85932800433324,
        "median_rank": 306.0,
        "standard_deviation": 1290.0906815368687,
        "variance": 1664333.9665882625,
        "z_arithmetic_mean_rank": 181.2846334064297,
        "z_geometric_mean_rank": 117.95239574625627,
        "z_hits_at_k": 168.76750463640906,
        "z_inverse_harmonic_mean_rank": 228.32668646995103
      },
      "pessimistic": {
        "adjusted_arithmetic_mean_rank": 0.13800376880248255,
        "adjusted_arithmetic_mean_rank_index": 0.8621670578120534,
        "adjusted_geometric_mean_rank_index": 0.927672310940606,
        "adjusted_hits_at_k": 0.04437845802076063,
        "adjusted_inverse_harmonic_mean_rank": 0.024279941383090413,
        "arithmetic_mean_rank": 696.5091688941382,
        "count": 16087.0,
        "geometric_mean_rank": 255.54921888828412,
        "harmonic_mean_rank": 39.48978025450556,
        "hits_at_1": 0.009324299123515883,
        "hits_at_10": 0.04544041772860073,
        "hits_at_3": 0.020886430036675577,
        "hits_at_5": 0.0285323553179586,
        "inverse_arithmetic_mean_rank": 0.0014357312791556218,
        "inverse_geometric_mean_rank": 0.003913140507141053,
        "inverse_harmonic_mean_rank": 0.025323007460541787,
        "inverse_median_rank": 0.0032679738562091504,
        "median_absolute_deviation": 352.85932800433324,
        "median_rank": 306.0,
        "standard_deviation": 1290.091534057133,
        "variance": 1664336.166245887,
        "z_arithmetic_mean_rank": 181.28461786482399,
        "z_geometric_mean_rank": 117.95239302463611,
        "z_hits_at_k": 168.76750463640906,
        "z_inverse_harmonic_mean_rank": 228.32668182628336
      },
      "realistic": {
        "adjusted_arithmetic_mean_rank": 0.13800372982388182,
        "adjusted_arithmetic_mean_rank_index": 0.8621670967983788,
        "adjusted_geometric_mean_rank_index": 0.9276723439307375,
        "adjusted_hits_at_k": 0.04437845802076063,
        "adjusted_inverse_harmonic_mean_rank": 0.024279941059662472,
        "arithmetic_mean_rank": 696.5089721679688,
        "count": 16087.0,
        "geometric_mean_rank": 255.54910278320312,
        "harmonic_mean_rank": 39.489780758333744,
        "hits_at_1": 0.009324299123515883,
        "hits_at_10": 0.04544041772860073,
        "hits_at_3": 0.020886430036675577,
        "hits_at_5": 0.0285323553179586,
        "inverse_arithmetic_mean_rank": 0.0014357316540554166,
        "inverse_geometric_mean_rank": 0.003913142252713442,
        "inverse_harmonic_mean_rank": 0.025323007137459597,
        "inverse_median_rank": 0.003267973894253373,
        "median_absolute_deviation": 352.85932800433324,