{
  "losses": [
    0.748336383847907,
    0.49042178758300176,
    0.35345873691067836,
    0.2684489435193562,
    0.22190086351762903,
    0.19977595674814563,
    0.17980332234413318,
    0.17149172485759942,
    0.1660139728743251,
    0.16182730708381918,
    0.1558477720264161,
    0.15467147890589025,
    0.1523676904858929,
    0.15011582510306104,
    0.15046690277533956,
    0.14978709920208053
  ],
  "metrics": {
    "both": {
      "optimistic": {
        "adjusted_arithmetic_mean_rank": 0.15273023235421515,
        "adjusted_arithmetic_mean_rank_index": 0.8474174470968804,
        "adjusted_geometric_mean_rank_index": 0.9821028752525964,
        "adjusted_hits_at_k": 0.3270824582432086,
        "adjusted_inverse_harmonic_mean_rank": 0.1416168138702341,
        "arithmetic_mean_rank": 876.3999502704047,
        "count": 32174.0,
        "geometric_mean_rank": 74.03046959956004,
        "harmonic_mean_rank": 7.0219429187971825,
        "hits_at_1": 0.014856716603468639,
        "hits_at_10": 0.3277180331945049,
        "hits_at_3": 0.24902094859203083,
        "hits_at_5": 0.2900789457325791,
        "inverse_arithmetic_mean_rank": 0.001141031557214785,
        "inverse_geometric_mean_rank": 0.013507951596270072,
        "inverse_harmonic_mean_rank": 0.1424107275670213,
        "inverse_median_rank": 0.008620689655172414,
        "median_absolute_deviation": 169.01665290963862,
        "median_rank": 116.0,
        "standard_deviation": 1921.236079914041,
        "variance": 3691148.0747634717,
        "z_arithmetic_mean_rank": 256.9263560901358,
        "z_geometric_mean_rank": 176.54315189389771,
        "z_hits_at_k": 1908.2141276275793,
        "z_inverse_harmonic_mean_rank": 2042.278143355328
      },
      "pessimistic": {
        "adjusted_arithmetic_mean_rank": 0.1527304652631055,
        "adjusted_arithmetic_mean_rank_index": 0.8474172141473939,
        "adjusted_geometric_mean_rank_index": 0.982102848649011,
        "adjusted_hits_at_k": 0.3270824582432086,
        "adjusted_inverse_harmonic_mean_rank": 0.14161680400428278,
        "arithmetic_mean_rank": 876.401286753279,
        "count": 32174.0,
        "geometric_mean_rank": 74.03057815735173,
        "harmonic_mean_rank": 7.021943404814479,
        "hits_at_1": 0.014856716603468639,
        "hits_at_10": 0.3277180331945049,
        "hits_at_3": 0.24902094859203083,
        "hits_at_5": 0.2900789457325791,
        "inverse_arithmetic_mean_rank": 0.0011410298171795313,
        "inverse_geometric_mean_rank": 0.01350793178832811,
        "inverse_harmonic_mean_rank": 0.14241071771019495,
        "inverse_median_rank": 0.008620689655172414,
        "median_absolute_deviation": 169.01665290963862,
        "median_rank": 116.0,
        "standard_deviation": 1921.2382201981438,
        "variance": 3691156.298750132,
        "z_arithmetic_mean_rank": 256.9262854627692,
        "z_geometric_mean_rank": 176.543147111628,
        "z_hits_at_k": 1908.2141276275793,
        "z_inverse_harmonic_mean_rank": 2042.2780010769068
      },
      "realistic": {
        "adjusted_arithmetic_mean_rank": 0.15273034100460978,
        "adjusted_arithmetic_mean_rank_index": 0.8474173384275479,
        "adjusted_geometric_mean_rank_index": 0.9821028672341637,
        "adjusted_hits_at_k": 0.3270824582432086,
        "adjusted_inverse_harmonic_mean_rank": 0.14161681706897666,
        "arithmetic_mean_rank": 876.4005737304688,
        "count": 32174.0,
        "geometric_mean_rank": 74.03050231933594,
        "harmonic_mean_rank": 7.0219427612204806,
        "hits_at_1": 0.014856716603468639,
        "hits_at_10": 0.3277180331945049,
        "hits_at_3": 0.24902094859203083,
        "hits_at_5": 0.2900789457325791,
        "inverse_arithmetic_mean_rank": 0.0011410306906327605,
        "inverse_geometric_mean_rank": 0.013507945463061333,
        "inverse_harmonic_mean_rank": 0.1424107307628054,
        "inverse_median_rank": 0.008620689623057842,
        "median_absolute_deviation": 169.01665290963862,
        "median_rank": 116.0,
        "standard_deviation": 1921.2371826171875,
        "variance": 3691152.25,
        "z_arithmetic_mean_rank": 256.9263231429553,
        "z_geometric_mean_rank": 176.5431504525015,
        "z_hits_at_k": 1908.2141276275793,
        "z_inverse_harmonic_mean_rank": 2042.2781894848933
      }
    },
    "head": {
      "optimistic": {
        "adjusted_arithmetic_mean_rank": 0.246765377034667,
        "adjusted_arithmetic_mean_rank_index": 0.7533838956836298,
        "adjusted_geometric_mean_rank_index": 0.9002347530156988,
        "adjusted_hits_at_k": 0.050601573037556934,
        "adjusted_inverse_harmonic_mean_rank": 0.024246040766463247,
        "arithmetic_mean_rank": 1245.4322745073662,
        "count": 16087.0,
        "geometric_mean_rank": 352.112637805926,
        "harmonic_mean_rank": 39.542660526772465,
        "hits_at_1": 0.006962143345558526,
        "hits_at_10": 0.05165661714427799,
        "hits_at_3": 0.023994529744514204,
        "hits_at_5": 0.03387828681544104,
        "inverse_arithmetic_mean_rank": 0.0008029340659214509,
        "inverse_geometric_mean_rank": 0.0028400003085125567,
        "inverse_harmonic_mean_rank": 0.025289143084415055,
        "inverse_median_rank": 0.0025,
        "median_absolute_deviation": 502.60215207339905,
        "median_rank": 400.0,
        "standard_deviation": 2125.7698180187676,
        "variance": 4518897.319199544,
        "z_arithmetic_mean_rank": 158.41119235187955,
        "z_geometric_mean_rank": 114.4637412907998,
        "z_hits_at_k": 192.4334822140607,
        "z_inverse_harmonic_mean_rank": 228.00788306214235
      },
      "pessimistic": {
        "adjusted_arithmetic_mean_rank": 0.24676577116424245,
        "adjusted_arithmetic_mean_rank_index": 0.7533835014759475,
        "adjusted_geometric_mean_rank_index": 0.9002345984243001,
        "adjusted_hits_at_k": 0.050601573037556934,
        "adjusted_inverse_harmonic_mean_rank": 0.0242460363424631,
        "arithmetic_mean_rank": 1245.4342636911792,
        "count": 16087.0,
        "geometric_mean_rank": 352.1131818730779,
        "harmonic_mean_rank": 39.54266743684271,
        "hits_at_1": 0.006962143345558526,
        "hits_at_10": 0.05165661714427799,
        "hits_at_3": 0.023994529744514204,
        "hits_at_5": 0.03387828681544104,
        "inverse_arithmetic_mean_rank": 0.0008029327834905,
        "inverse_geometric_mean_rank": 0.0028399959202903636,
        "inverse_harmonic_mean_rank": 0.025289138665144262,
        "inverse_median_rank": 0.0025,
        "median_absolute_deviation": 502.60215207339905,
        "median_rank": 400.0,
        "standard_deviation": 2125.7723699801063,
        "variance": 4518908.168970837,
        "z_arithmetic_mean_rank": 158.4111094633159,
        "z_geometric_mean_rank": 114.46372163469366,
        "z_hits_at_k": 192.4334822140607,
        "z_inverse_harmonic_mean_rank": 228.0078414591888
      },
      "realistic": {
        "adjusted_arithmetic_mean_rank": 0.2467655658648673,
        "adjusted_arithmetic_mean_rank_index": 0.753383706816008,
        "adjusted_geometric_mean_rank_index": 0.9002347002564154,
        "adjusted_hits_at_k": 0.050601573037556934,
        "adjusted_inverse_harmonic_mean_rank": 0.024246038975317418,
        "arithmetic_mean_rank": 1245.4332275390625,
        "count": 16087.0,
        "geometric_mean_rank": 352.1128234863281,
        "harmonic_mean_rank": 39.542663324453706,
        "hits_at_1": 0.006962143345558526,
        "hits_at_10": 0.05165661714427799,
        "hits_at_3": 0.023994529744514204,
        "hits_at_5": 0.03387828681544104,
        "inverse_arithmetic_mean_rank": 0.0008029334712773561,
        "inverse_geometric_mean_rank": 0.002839998807758093,
        "inverse_harmonic_mean_rank": 0.025289141295184,
        "inverse_median_rank": 0.0024999999441206455,
        "median_absolute_deviation": 502.60215207339905,
        "median_rank": 400.0,