{
  "losses": [
    0.721672269849494,
    0.41832762118613365,
    0.2826286141530122,
    0.21970671636633354,
    0.1944342958159966,
    0.17865542151255182,
    0.17241937066658888,
    0.16642020257687803,
    0.16515909579425755,
    0.16036520485240635,
    0.15973207041768744,
    0.15859359495415545,
    0.15955792150580056,
    0.15497902653152398,
    0.15142226819649782,
    0.1538946545360112,
    0.1526238970163435,
    0.15131111493942762,
    0.150504305206313,
    0.14949374423168674
  ],
  "metrics": {
    "both": {
      "optimistic": {
        "adjusted_arithmetic_mean_rank": 0.14084104055708319,
        "adjusted_arithmetic_mean_rank_index": 0.8593087111847816,
        "adjusted_geometric_mean_rank_index": 0.9830588113561312,
        "adjusted_hits_at_k": 0.33464228083437364,
        "adjusted_inverse_harmonic_mean_rank": 0.13914729316567315,
        "arithmetic_mean_rank": 808.1771306023497,
        "count": 32174.0,
        "geometric_mean_rank": 70.12970545260187,
        "harmonic_mean_rank": 7.145741423995248,
        "hits_at_1": 0.00826754522285075,
        "hits_at_10": 0.33527071548455273,
        "hits_at_3": 0.24541555293093803,
        "hits_at_5": 0.29144650960402807,
        "inverse_arithmetic_mean_rank": 0.0012373525086693323,
        "inverse_geometric_mean_rank": 0.014259292742586291,
        "inverse_harmonic_mean_rank": 0.13994349090802827,
        "inverse_median_rank": 0.009900990099009901,
        "median_absolute_deviation": 146.77761963205458,
        "median_rank": 101.0,
        "standard_deviation": 1758.543988773226,
        "variance": 3092476.960450448,
        "z_arithmetic_mean_rank": 260.53163842398027,
        "z_geometric_mean_rank": 176.7149912978744,
        "z_hits_at_k": 1952.3184808487865,
        "z_inverse_harmonic_mean_rank": 2006.6648004078609
      },
      "pessimistic": {
        "adjusted_arithmetic_mean_rank": 0.14084134929677508,
        "adjusted_arithmetic_mean_rank_index": 0.8593084023912763,
        "adjusted_geometric_mean_rank_index": 0.9830587894907538,
        "adjusted_hits_at_k": 0.33464228083437364,
        "adjusted_inverse_harmonic_mean_rank": 0.13914729052953126,
        "arithmetic_mean_rank": 808.1789022191832,
        "count": 32174.0,
        "geometric_mean_rank": 70.12979467580378,
        "harmonic_mean_rank": 7.1457415584764306,
        "hits_at_1": 0.00826754522285075,
        "hits_at_10": 0.33527071548455273,
        "hits_at_3": 0.24541555293093803,
        "hits_at_5": 0.29144650960402807,
        "inverse_arithmetic_mean_rank": 0.001237349796256861,
        "inverse_geometric_mean_rank": 0.014259274601085073,
        "inverse_harmonic_mean_rank": 0.13994348827432454,
        "inverse_median_rank": 0.009900990099009901,
        "median_absolute_deviation": 146.77761963205458,
        "median_rank": 101.0,
        "standard_deviation": 1758.5470329946447,
        "variance": 3092487.667254268,
        "z_arithmetic_mean_rank": 260.5315448016571,
        "z_geometric_mean_rank": 176.71498736734662,
        "z_hits_at_k": 1952.3184808487865,
        "z_inverse_harmonic_mean_rank": 2006.664762391648
      },
      "realistic": {
        "adjusted_arithmetic_mean_rank": 0.14084119895953984,
        "adjusted_arithmetic_mean_rank_index": 0.8593085527547153,
        "adjusted_geometric_mean_rank_index": 0.9830588071550972,
        "adjusted_hits_at_k": 0.33464228083437364,
        "adjusted_inverse_harmonic_mean_rank": 0.1391472967654655,
        "arithmetic_mean_rank": 808.1780395507812,
        "count": 32174.0,
        "geometric_mean_rank": 70.12972259521484,
        "harmonic_mean_rank": 7.1457412403540275,
        "hits_at_1": 0.00826754522285075,
        "hits_at_10": 0.33527071548455273,
        "hits_at_3": 0.24541555293093803,
        "hits_at_5": 0.29144650960402807,
        "inverse_arithmetic_mean_rank": 0.0012373510980978608,
        "inverse_geometric_mean_rank": 0.014259289018809795,
        "inverse_harmonic_mean_rank": 0.1399434945044912,
        "inverse_median_rank": 0.009900989942252636,
        "median_absolute_deviation": 146.77761963205458,
        "median_rank": 101.0,
        "standard_deviation": 1758.5455322265625,
        "variance": 3092482.25,
        "z_arithmetic_mean_rank": 260.5315903899685,
        "z_geometric_mean_rank": 176.7149905426951,
        "z_hits_at_k": 1952.3184808487865,
        "z_inverse_harmonic_mean_rank": 2006.6648523210276
      }
    },
    "head": {
      "optimistic": {
        "adjusted_arithmetic_mean_rank": 0.2316679111000098,
        "adjusted_arithmetic_mean_rank_index": 0.7684843535675558,
        "adjusted_geometric_mean_rank_index": 0.9058815804208815,
        "adjusted_hits_at_k": 0.05688691920452119,
        "adjusted_inverse_harmonic_mean_rank": 0.025734073500677718,
        "arithmetic_mean_rank": 1169.2349101759185,
        "count": 16087.0,
        "geometric_mean_rank": 332.2392597970438,
        "harmonic_mean_rank": 37.34745653720821,
        "hits_at_1": 0.006154037421520483,
        "hits_at_10": 0.05793497855411202,
        "hits_at_3": 0.02610803754584447,
        "hits_at_5": 0.03779449244731771,
        "inverse_arithmetic_mean_rank": 0.0008552601289073245,
        "inverse_geometric_mean_rank": 0.0030098790871701123,
        "inverse_harmonic_mean_rank": 0.02677558507909979,
        "inverse_median_rank": 0.0025575447570332483,
        "median_absolute_deviation": 507.04995872891584,
        "median_rank": 391.0,
        "standard_deviation": 1946.727414179518,
        "variance": 3789747.625118073,
        "z_arithmetic_mean_rank": 161.58630871971943,
        "z_geometric_mean_rank": 115.18172844810006,
        "z_hits_at_k": 216.33611956748888,
        "z_inverse_harmonic_mean_rank": 242.0012272507203
      },
      "pessimistic": {
        "adjusted_arithmetic_mean_rank": 0.23166835449578219,
        "adjusted_arithmetic_mean_rank_index": 0.7684839100839133,
        "adjusted_geometric_mean_rank_index": 0.9058814135516093,
        "adjusted_hits_at_k": 0.05688691920452119,
        "adjusted_inverse_harmonic_mean_rank": 0.025734069732114374,
        "arithmetic_mean_rank": 1169.2371480077081,
        "count": 16087.0,
        "geometric_mean_rank": 332.23984707479934,
        "harmonic_mean_rank": 37.34746178810428,
        "hits_at_1": 0.006154037421520483,
        "hits_at_10": 0.05793497855411202,
        "hits_at_3": 0.02610803754584447,
        "hits_at_5": 0.03779449244731771,
        "inverse_arithmetic_mean_rank": 0.0008552584920038886,
        "inverse_geometric_mean_rank": 0.0030098737668117917,
        "inverse_harmonic_mean_rank": 0.026775581314565124,
        "inverse_median_rank": 0.0025575447570332483,
        "median_absolute_deviation": 507.04995872891584,
        "median_rank": 391.0,
        "standard_deviation": 1946.7298814798448,
        "variance": 3789757.231446531,
        "z_arithmetic_mean_rank": 161.58621547008534,
        "z_geometric_mean_rank": 115.1817072308774,
        "z_hits_at_k": 216.33611956748888,
        "z_inverse_harmonic_mean_rank": 242.0011918114435
      },
      "realistic": {
        "adjusted_arithmetic_mean_rank": 0.23166814367410657,
        "adjusted_arithmetic_mean_rank_index": 0.7684841209473686,
        "adjusted_geometric_mean_rank_index": 0.9058814942720352,
        "adjusted_hits_at_k": 0.05688691920452119,
        "adjusted_inverse_harmonic_mean_rank": 0.02573407119083913,
        "arithmetic_mean_rank": 1169.236083984375,
        "count": 16087.0,
        "geometric_mean_rank": 332.23956298828125,
        "harmonic_mean_rank": 37.34745975560222,
        "hits_at_1": 0.006154037421520483,
        "hits_at_10": 0.05793497855411202,
        "hits_at_3": 0.02610803754584447,
        "hits_at_5": 0.03779449244731771,
        "inverse_arithmetic_mean_rank": 0.0008552592480555177,
        "inverse_geometric_mean_rank": 0.003009876236319542,
        "inverse_harmonic_mean_rank": 0.02677558277173047,