{
  "losses": [
    0.721672269849494,
    0.41832762118613365,
    0.2826286141530122,
    0.21970671636633354,
    0.1944342958159966,
    0.17865542151255182,
    0.17241937066658888,
    0.16642020257687803,
    0.16515909579425755,
    0.16036520485240635,
    0.15973207041768744,
    0.15859359495415545,
    0.15955792150580056,
    0.15497902653152398,
    0.15142226819649782,
    0.1538946545360112
  ],
  "metrics": {
    "both": {
      "optimistic": {
        "adjusted_arithmetic_mean_rank": 0.14797721188000976,
        "adjusted_arithmetic_mean_rank_index": 0.852171296024409,
        "adjusted_geometric_mean_rank_index": 0.9824792720156633,
        "adjusted_hits_at_k": 0.3299757236793335,
        "adjusted_inverse_harmonic_mean_rank": 0.1377765549933875,
        "arithmetic_mean_rank": 849.1260645241499,
        "count": 32174.0,
        "geometric_mean_rank": 72.49455627546521,
        "harmonic_mean_rank": 7.216359864722603,
        "hits_at_1": 0.0072729533163423885,
        "hits_at_10": 0.3306085659227948,
        "hits_at_3": 0.24616149686081928,
        "hits_at_5": 0.29035867470628457,
        "inverse_arithmetic_mean_rank": 0.0011776814324506689,
        "inverse_geometric_mean_rank": 0.013794139193020156,
        "inverse_harmonic_mean_rank": 0.13857402052363418,
        "inverse_median_rank": 0.009433962264150943,
        "median_absolute_deviation": 154.1906307245826,
        "median_rank": 106.0,
        "standard_deviation": 1846.2102602369298,
        "variance": 3408492.325004112,
        "z_arithmetic_mean_rank": 258.3676635431948,
        "z_geometric_mean_rank": 176.61081310596512,
        "z_hits_at_k": 1925.0935714529796,
        "z_inverse_harmonic_mean_rank": 1986.8971716001195
      },
      "pessimistic": {
        "adjusted_arithmetic_mean_rank": 0.14797755853510242,
        "adjusted_arithmetic_mean_rank_index": 0.8521709493088941,
        "adjusted_geometric_mean_rank_index": 0.9824792235830208,
        "adjusted_hits_at_k": 0.3299757236793335,
        "adjusted_inverse_harmonic_mean_rank": 0.13777653487917535,
        "arithmetic_mean_rank": 849.128053707963,
        "count": 32174.0,
        "geometric_mean_rank": 72.49475390825116,
        "harmonic_mean_rank": 7.216360911218649,
        "hits_at_1": 0.0072729533163423885,
        "hits_at_10": 0.3306085659227948,
        "hits_at_3": 0.24616149686081928,
        "hits_at_5": 0.29035867470628457,
        "inverse_arithmetic_mean_rank": 0.001177678673591352,
        "inverse_geometric_mean_rank": 0.01379410158789687,
        "inverse_harmonic_mean_rank": 0.13857400042802556,
        "inverse_median_rank": 0.009433962264150943,
        "median_absolute_deviation": 154.1906307245826,
        "median_rank": 106.0,
        "standard_deviation": 1846.2128444935142,
        "variance": 3408501.867172833,
        "z_arithmetic_mean_rank": 258.3675584233933,
        "z_geometric_mean_rank": 176.6108043996966,
        "z_hits_at_k": 1925.0935714529796,
        "z_inverse_harmonic_mean_rank": 1986.8968815299315
      },
      "realistic": {
        "adjusted_arithmetic_mean_rank": 0.1479773880096883,
        "adjusted_arithmetic_mean_rank_index": 0.8521711198640309,
        "adjusted_geometric_mean_rank_index": 0.9824792429983561,
        "adjusted_hits_at_k": 0.3299757236793335,
        "adjusted_inverse_harmonic_mean_rank": 0.13777653770075238,
        "arithmetic_mean_rank": 849.1270751953125,
        "count": 32174.0,
        "geometric_mean_rank": 72.49467468261719,
        "harmonic_mean_rank": 7.216360764418489,
        "hits_at_1": 0.0072729533163423885,
        "hits_at_10": 0.3306085659227948,
        "hits_at_3": 0.24616149686081928,
        "hits_at_5": 0.29035867470628457,
        "inverse_arithmetic_mean_rank": 0.001177679980173707,
        "inverse_geometric_mean_rank": 0.01379411667585373,
        "inverse_harmonic_mean_rank": 0.13857400324699293,
        "inverse_median_rank": 0.009433962404727936,
        "median_absolute_deviation": 154.1906307245826,
        "median_rank": 106.0,
        "standard_deviation": 1846.2115478515625,
        "variance": 3408497.25,
        "z_arithmetic_mean_rank": 258.36761013357454,
        "z_geometric_mean_rank": 176.61080788980397,
        "z_hits_at_k": 1925.0935714529796,
        "z_inverse_harmonic_mean_rank": 1986.8969222203336
      }
    },
    "head": {
      "optimistic": {
        "adjusted_arithmetic_mean_rank": 0.2418665557930905,
        "adjusted_arithmetic_mean_rank_index": 0.7582836877520123,
        "adjusted_geometric_mean_rank_index": 0.9031161725442781,
        "adjusted_hits_at_k": 0.05315305019444341,
        "adjusted_inverse_harmonic_mean_rank": 0.02513269520419845,
        "arithmetic_mean_rank": 1220.7077764654691,
        "count": 16087.0,
        "geometric_mean_rank": 341.97180377918113,
        "harmonic_mean_rank": 38.20461292573864,
        "hits_at_1": 0.00609187542736371,
        "hits_at_10": 0.054205258904705664,
        "hits_at_3": 0.02579722757506061,
        "hits_at_5": 0.03592963262261453,
        "inverse_arithmetic_mean_rank": 0.0008191968784662588,
        "inverse_geometric_mean_rank": 0.0029242176955785585,
        "inverse_harmonic_mean_rank": 0.02617484966916901,
        "inverse_median_rank": 0.0024813895781637717,
        "median_absolute_deviation": 515.9455720399495,
        "median_rank": 403.0,
        "standard_deviation": 2048.4526969150515,
        "variance": 4196158.4514985485,
        "z_arithmetic_mean_rank": 159.44145316349994,
        "z_geometric_mean_rank": 114.83011023885997,
        "z_hits_at_k": 202.13653302089787,
        "z_inverse_harmonic_mean_rank": 236.3459124873542
      },
      "pessimistic": {
        "adjusted_arithmetic_mean_rank": 0.24186703613851057,
        "adjusted_arithmetic_mean_rank_index": 0.7582832073113995,
        "adjusted_geometric_mean_rank_index": 0.9031159424986477,
        "adjusted_hits_at_k": 0.05315305019444341,
        "adjusted_inverse_harmonic_mean_rank": 0.02513268760545605,
        "arithmetic_mean_rank": 1220.7102007832411,
        "count": 16087.0,
        "geometric_mean_rank": 341.9726133990697,
        "harmonic_mean_rank": 38.20462400495228,
        "hits_at_1": 0.00609187542736371,
        "hits_at_10": 0.054205258904705664,
        "hits_at_3": 0.02579722757506061,
        "hits_at_5": 0.03592963262261453,
        "inverse_arithmetic_mean_rank": 0.0008191952515497721,
        "inverse_geometric_mean_rank": 0.002924210772495504,
        "inverse_harmonic_mean_rank": 0.026174842078549834,
        "inverse_median_rank": 0.0024813895781637717,
        "median_absolute_deviation": 515.9455720399495,
        "median_rank": 403.0,
        "standard_deviation": 2048.4553759901974,
        "variance": 4196169.42742314,
        "z_arithmetic_mean_rank": 159.441352143063,
        "z_geometric_mean_rank": 114.83008098884108,
        "z_hits_at_k": 202.13653302089787,
        "z_inverse_harmonic_mean_rank": 236.34584102937126
      },
      "realistic": {
        "adjusted_arithmetic_mean_rank": 0.2418667951238489,
        "adjusted_arithmetic_mean_rank_index": 0.7582834483738243,
        "adjusted_geometric_mean_rank_index": 0.903116034378254,
        "adjusted_hits_at_k": 0.05315305019444341,
        "adjusted_inverse_harmonic_mean_rank": 0.025132690905508834,
        "arithmetic_mean_rank": 1220.708984375,
        "count": 16087.0,
        "geometric_mean_rank": 341.9722900390625,
        "harmonic_mean_rank": 38.204619193367165,
        "hits_at_1": 0.00609187542736371,
        "hits_at_10": 0.054205258904705664,
        "hits_at_3": 0.02579722757506061,
        "hits_at_5": 0.03592963262261453,
        "inverse_arithmetic_mean_rank": 0.0008191960514523089,
        "inverse_geometric_mean_rank": 0.0029242136515676975,
        "inverse_harmonic_mean_rank": 0.026174845375074786,
        "inverse_median_rank": 0.002481389557942748,
        "median_absolute_deviation": 515.9455720399495,