{
  "losses": [
    0.9441760997412558,
    0.24385327807743185,
    0.07260327672454417,
    0.03561458511418525,
    0.022378936693199215,
    0.015707030221638597,
    0.011748614160733755,
    0.009971344724542251,
    0.008264616095526665,
    0.007093837613595645,
    0.00622623570211268,
    0.005219435165217033,
    0.004924264597681571,
    0.00415289955476521,
    0.0037881922579558517,
    0.0036138871411618453,
    0.003269834505108586,
    0.003026864937489232,
    0.002732225586061312,
    0.00256202576084033,
    0.0025559860840213195,
    0.0022432804379585013,
    0.002177008725657443,
    0.0021007684628204996
  ],
  "metrics": {
    "both": {
      "optimistic": {
        "adjusted_arithmetic_mean_rank": 0.05014347119915664,
        "adjusted_arithmetic_mean_rank_index": 0.9498728772822311,
        "adjusted_geometric_mean_rank_index": 0.9996432760821249,
        "adjusted_hits_at_k": 0.6289009486199155,
        "adjusted_inverse_harmonic_mean_rank": 0.23974963315615544,
        "arithmetic_mean_rank": 2913.4157561817137,
        "count": 48692.0,
        "geometric_mean_rank": 16.250061746051433,
        "harmonic_mean_rank": 4.169625100760288,
        "hits_at_1": 0.0,
        "hits_at_10": 0.6289328842520332,
        "hits_at_3": 0.42666146389550647,
        "hits_at_5": 0.5328185328185329,
        "inverse_arithmetic_mean_rank": 0.0003432397171183654,
        "inverse_geometric_mean_rank": 0.061538227708149346,
        "inverse_harmonic_mean_rank": 0.23982971510260248,
        "inverse_median_rank": 0.2,
        "median_absolute_deviation": 4.447806655516806,
        "median_rank": 5.0,
        "standard_deviation": 12959.904985042864,
        "variance": 167959137.22133887,
        "z_arithmetic_mean_rank": 363.0372454095911,
        "z_geometric_mean_rank": 220.65551099227014,
        "z_hits_at_k": 14958.895640268587,
        "z_inverse_harmonic_mean_rank": 14065.18131255833
      },
      "pessimistic": {
        "adjusted_arithmetic_mean_rank": 0.05014353623789975,
        "adjusted_arithmetic_mean_rank_index": 0.9498728122423686,
        "adjusted_geometric_mean_rank_index": 0.9996432754769994,
        "adjusted_hits_at_k": 0.6289009486199155,
        "adjusted_inverse_harmonic_mean_rank": 0.2397496196160136,
        "arithmetic_mean_rank": 2913.419535036556,
        "count": 48692.0,
        "geometric_mean_rank": 16.250087615361945,
        "harmonic_mean_rank": 4.169625336141343,
        "hits_at_1": 0.0,
        "hits_at_10": 0.6289328842520332,
        "hits_at_3": 0.42666146389550647,
        "hits_at_5": 0.5328185328185329,
        "inverse_arithmetic_mean_rank": 0.00034323927191881495,
        "inverse_geometric_mean_rank": 0.06153812974243011,
        "inverse_harmonic_mean_rank": 0.23982970156388692,
        "inverse_median_rank": 0.2,
        "median_absolute_deviation": 4.447806655516806,
        "median_rank": 5.0,
        "standard_deviation": 12959.914262652508,
        "variance": 167959377.6953039,
        "z_arithmetic_mean_rank": 363.03722055164104,
        "z_geometric_mean_rank": 220.6555108586982,
        "z_hits_at_k": 14958.895640268587,
        "z_inverse_harmonic_mean_rank": 14065.180518210713
      },
      "realistic": {
        "adjusted_arithmetic_mean_rank": 0.05014350928018022,
        "adjusted_arithmetic_mean_rank_index": 0.9498728392005522,
        "adjusted_geometric_mean_rank_index": 0.9996432757418258,
        "adjusted_hits_at_k": 0.6289009486199155,
        "adjusted_inverse_harmonic_mean_rank": 0.23974962490262808,
        "arithmetic_mean_rank": 2913.41796875,
        "count": 48692.0,
        "geometric_mean_rank": 16.250076293945312,
        "harmonic_mean_rank": 4.169625244239135,
        "hits_at_1": 0.0,
        "hits_at_10": 0.6289328842520332,
        "hits_at_3": 0.42666146389550647,
        "hits_at_5": 0.5328185328185329,
        "inverse_arithmetic_mean_rank": 0.00034323945874348283,
        "inverse_geometric_mean_rank": 0.06153817102313042,
        "inverse_harmonic_mean_rank": 0.23982970684994454,
        "inverse_median_rank": 0.20000000298023224,
        "median_absolute_deviation": 4.447806655516806,
        "median_rank": 5.0,
        "standard_deviation": 12959.908203125,
        "variance": 167959232.0,
        "z_arithmetic_mean_rank": 363.0372308549405,
        "z_geometric_mean_rank": 220.6555109171545,
        "z_hits_at_k": 14958.895640268587,
        "z_inverse_harmonic_mean_rank": 14065.180828355886
      }
    },
    "head": {
      "optimistic": {
        "adjusted_arithmetic_mean_rank": 0.050360451952247524,
        "adjusted_arithmetic_mean_rank_index": 0.9496558928038112,
        "adjusted_geometric_mean_rank_index": 0.999643583256543,
        "adjusted_hits_at_k": 0.6286544803365935,
        "adjusted_inverse_harmonic_mean_rank": 0.240843209962381,
        "arithmetic_mean_rank": 2926.0210301486895,
        "count": 24346.0,
        "geometric_mean_rank": 16.237077682865763,
        "harmonic_mean_rank": 4.15070070659277,
        "hits_at_1": 0.0,
        "hits_at_10": 0.6286864371970755,
        "hits_at_3": 0.42848927955310934,
        "hits_at_5": 0.5335989484925655,
        "inverse_arithmetic_mean_rank": 0.0003417610433063715,
        "inverse_geometric_mean_rank": 0.061587437070357416,
        "inverse_harmonic_mean_rank": 0.240923176757035,
        "inverse_median_rank": 0.2,
        "median_absolute_deviation": 4.447806655516806,
        "median_rank": 5.0,
        "standard_deviation": 12987.946717102006,
        "variance": 168686759.9262808,
        "z_arithmetic_mean_rank": 256.6474573161429,
        "z_geometric_mean_rank": 156.03047885607472,
        "z_hits_at_k": 10573.388186583854,
        "z_inverse_harmonic_mean_rank": 9990.947341015171
      },
      "pessimistic": {
        "adjusted_arithmetic_mean_rank": 0.050360508507708304,
        "adjusted_arithmetic_mean_rank_index": 0.949655836247377,
        "adjusted_geometric_mean_rank_index": 0.9996435828402966,
        "adjusted_hits_at_k": 0.6286544803365935,
        "adjusted_inverse_harmonic_mean_rank": 0.24084319993980885,
        "arithmetic_mean_rank": 2926.0243161094227,
        "count": 24346.0,
        "geometric_mean_rank": 16.2370954776999,
        "harmonic_mean_rank": 4.1507008792466324,
        "hits_at_1": 0.0,
        "hits_at_10": 0.6286864371970755,
        "hits_at_3": 0.42848927955310934,
        "hits_at_5": 0.5335989484925655,
        "inverse_arithmetic_mean_rank": 0.00034176065950458206,
        "inverse_geometric_mean_rank": 0.06158736957440477,
        "inverse_harmonic_mean_rank": 0.24092316673551858,
        "inverse_median_rank": 0.2,
        "median_absolute_deviation": 4.447806655516806,
        "median_rank": 5.0,
        "standard_deviation": 12987.954917162257,
        "variance": 168686972.93023923,
        "z_arithmetic_mean_rank": 256.64744203159074,
        "z_geometric_mean_rank": 156.03047879110446,
        "z_hits_at_k": 10573.388186583854,
        "z_inverse_harmonic_mean_rank": 9990.946925246793
      },
      "realistic": {
        "adjusted_arithmetic_mean_rank": 0.05036047657789799,
        "adjusted_arithmetic_mean_rank_index": 0.949655868177737,
        "adjusted_geometric_mean_rank_index": 0.9996435829435287,
        "adjusted_hits_at_k": 0.6286544803365935,
        "adjusted_inverse_harmonic_mean_rank": 0.2408432084701194,
        "arithmetic_mean_rank": 2926.0224609375,
        "count": 24346.0,
        "geometric_mean_rank": 16.237091064453125,
        "harmonic_mean_rank": 4.150700732299217,
        "hits_at_1": 0.0,
        "hits_at_10": 0.6286864371970755,
        "hits_at_3": 0.42848927955310934,
        "hits_at_5": 0.5335989484925655,
        "inverse_arithmetic_mean_rank": 0.00034176086774095893,
        "inverse_geometric_mean_rank": 0.0615873858332634,
        "inverse_harmonic_mean_rank": 0.24092317526493057,
        "inverse_median_rank": 0.20000000298023224,
        "median_absolute_deviation": 4.447806655516806,