{
  "losses": [
    1.0103496428763512,
    1.0014304943604044,
    1.0002628959051454,
    0.9993297408122828,
    0.9975694992754719,
    0.9943382322198093,
    0.9894633905722363,
    0.9839453955688099,
    0.9785853342254563,
    0.9735944326561277,
    0.9683642891373965,
    0.9620832203638435,
    0.9547027147642456,
    0.946114193448926,
    0.9362478278651096,
    0.9261343605447524
  ],
  "metrics": {
    "both": {
      "optimistic": {
        "adjusted_arithmetic_mean_rank": 0.8467823245453929,
        "adjusted_arithmetic_mean_rank_index": 0.15324438135522256,
        "adjusted_geometric_mean_rank_index": 0.5310700181015542,
        "adjusted_hits_at_k": 0.06435529041444736,
        "adjusted_inverse_harmonic_mean_rank": 0.039052561842566245,
        "arithmetic_mean_rank": 4859.0248026356685,
        "count": 32174.0,
        "geometric_mean_rank": 1914.5015970833588,
        "harmonic_mean_rank": 25.03671845750354,
        "hits_at_1": 0.025051283645179338,
        "hits_at_10": 0.0652390128675328,
        "hits_at_3": 0.046497171629265865,
        "hits_at_5": 0.05432958289301921,
        "inverse_arithmetic_mean_rank": 0.00020580261279126884,
        "inverse_geometric_mean_rank": 0.0005223291542422564,
        "inverse_harmonic_mean_rank": 0.03994133662913394,
        "inverse_median_rank": 0.00023323615160349855,
        "median_absolute_deviation": 4648.699256124315,
        "median_rank": 4287.5,
        "standard_deviation": 3836.253379137204,
        "variance": 14716839.988941615,
        "z_arithmetic_mean_rank": 46.46177704715495,
        "z_geometric_mean_rank": 95.4653297882704,
        "z_hits_at_k": 375.45172864364105,
        "z_inverse_harmonic_mean_rank": 563.183080549936
      },
      "pessimistic": {
        "adjusted_arithmetic_mean_rank": 0.8467823624607936,
        "adjusted_arithmetic_mean_rank_index": 0.15324434343321314,
        "adjusted_geometric_mean_rank_index": 0.5310699764253459,
        "adjusted_hits_at_k": 0.06435529041444736,
        "adjusted_inverse_harmonic_mean_rank": 0.03905256174846411,
        "arithmetic_mean_rank": 4859.025020202648,
        "count": 32174.0,
        "geometric_mean_rank": 1914.5017671460423,
        "harmonic_mean_rank": 25.036718516435712,
        "hits_at_1": 0.025051283645179338,
        "hits_at_10": 0.0652390128675328,
        "hits_at_3": 0.046497171629265865,
        "hits_at_5": 0.05432958289301921,
        "inverse_arithmetic_mean_rank": 0.00020580260357628175,
        "inverse_geometric_mean_rank": 0.000522329107844442,
        "inverse_harmonic_mean_rank": 0.03994133653511884,
        "inverse_median_rank": 0.00023323615160349855,
        "median_absolute_deviation": 4648.699256124315,
        "median_rank": 4287.5,
        "standard_deviation": 3836.2535278828886,
        "variance": 14716841.130193908,
        "z_arithmetic_mean_rank": 46.46176554967667,
        "z_geometric_mean_rank": 95.4653222965408,
        "z_hits_at_k": 375.45172864364105,
        "z_inverse_harmonic_mean_rank": 563.1830791928744
      },
      "realistic": {
        "adjusted_arithmetic_mean_rank": 0.8467823419215217,
        "adjusted_arithmetic_mean_rank_index": 0.153244363976065,
        "adjusted_geometric_mean_rank_index": 0.5310701402537416,
        "adjusted_hits_at_k": 0.06435529041444736,
        "adjusted_inverse_harmonic_mean_rank": 0.03905256393097079,
        "arithmetic_mean_rank": 4859.02490234375,
        "count": 32174.0,
        "geometric_mean_rank": 1914.5010986328125,
        "harmonic_mean_rank": 25.03671714962457,
        "hits_at_1": 0.025051283645179338,
        "hits_at_10": 0.0652390128675328,
        "hits_at_3": 0.046497171629265865,
        "hits_at_5": 0.05432958289301921,
        "inverse_arithmetic_mean_rank": 0.000205802614800632,
        "inverse_geometric_mean_rank": 0.0005223292973823845,
        "inverse_harmonic_mean_rank": 0.039941338715606935,
        "inverse_median_rank": 0.0002332361473236233,
        "median_absolute_deviation": 4648.699256124315,
        "median_rank": 4287.5,
        "standard_deviation": 3836.25341796875,
        "variance": 14716841.0,
        "z_arithmetic_mean_rank": 46.461771778012064,
        "z_geometric_mean_rank": 95.46535174638976,
        "z_hits_at_k": 375.45172864364105,
        "z_inverse_harmonic_mean_rank": 563.1831106671434
      }
    },
    "head": {
      "optimistic": {
        "adjusted_arithmetic_mean_rank": 0.8252867993165177,
        "adjusted_arithmetic_mean_rank_index": 0.17474782457568439,
        "adjusted_geometric_mean_rank_index": 0.5166311968763336,
        "adjusted_hits_at_k": 0.06068301936476693,
        "adjusted_inverse_harmonic_mean_rank": 0.035777933010565685,
        "arithmetic_mean_rank": 4165.247280412756,
        "count": 16087.0,
        "geometric_mean_rank": 1702.1624852144173,
        "harmonic_mean_rank": 27.16748477100826,
        "hits_at_1": 0.022378317896438116,
        "hits_at_10": 0.06172686019767514,
        "hits_at_3": 0.04295393796232983,
        "hits_at_5": 0.050164729284515444,
        "inverse_arithmetic_mean_rank": 0.00024008178450833894,
        "inverse_geometric_mean_rank": 0.000587487979958642,
        "inverse_harmonic_mean_rank": 0.036808707483555796,
        "inverse_median_rank": 0.00027693159789531985,
        "median_absolute_deviation": 3562.6931310689615,
        "median_rank": 3611.0,
        "standard_deviation": 3406.3786457332803,
        "variance": 11603415.478107698,
        "z_arithmetic_mean_rank": 36.74356647458231,
        "z_geometric_mean_rank": 65.68902107357067,
        "z_hits_at_k": 230.77236588985636,
        "z_inverse_harmonic_mean_rank": 336.45290151296626
      },
      "pessimistic": {
        "adjusted_arithmetic_mean_rank": 0.8252868485827147,
        "adjusted_arithmetic_mean_rank_index": 0.17474777529972396,
        "adjusted_geometric_mean_rank_index": 0.5166311430337892,
        "adjusted_hits_at_k": 0.06068301936476693,
        "adjusted_inverse_harmonic_mean_rank": 0.03577793286988303,
        "arithmetic_mean_rank": 4165.247529060733,
        "count": 16087.0,
        "geometric_mean_rank": 1702.1626747072355,
        "harmonic_mean_rank": 27.167484874731223,
        "hits_at_1": 0.022378317896438116,
        "hits_at_10": 0.06172686019767514,
        "hits_at_3": 0.04295393796232983,
        "hits_at_5": 0.050164729284515444,
        "inverse_arithmetic_mean_rank": 0.0002400817701764536,
        "inverse_geometric_mean_rank": 0.0005874879145566952,
        "inverse_harmonic_mean_rank": 0.036808707343023536,
        "inverse_median_rank": 0.00027693159789531985,
        "median_absolute_deviation": 3562.6931310689615,
        "median_rank": 3611.0,
        "standard_deviation": 3406.3789125295057,
        "variance": 11603417.295725698,
        "z_arithmetic_mean_rank": 36.74355611351183,
        "z_geometric_mean_rank": 65.68901422755738,
        "z_hits_at_k": 230.77236588985636,
        "z_inverse_harmonic_mean_rank": 336.4529001899975
      },
      "realistic": {
        "adjusted_arithmetic_mean_rank": 0.8252868544342783,
        "adjusted_arithmetic_mean_rank_index": 0.17474776944700077,
        "adjusted_geometric_mean_rank_index": 0.5166311649270786,
        "adjusted_hits_at_k": 0.06068301936476693,
        "adjusted_inverse_harmonic_mean_rank": 0.03577793589453703,
        "arithmetic_mean_rank": 4165.24755859375,
        "count": 16087.0,
        "geometric_mean_rank": 1702.16259765625,
        "harmonic_mean_rank": 27.167482644704766,
        "hits_at_1": 0.022378317896438116,
        "hits_at_10": 0.06172686019767514,
        "hits_at_3": 0.04295393796232983,
        "hits_at_5": 0.050164729284515444,
        "inverse_arithmetic_mean_rank": 0.00024008177570067346,
        "inverse_geometric_mean_rank": 0.0005874879425391555,
        "inverse_harmonic_mean_rank": 0.036808710364444115,
        "inverse_median_rank": 0.00027693159063346684,
        "median_absolute_deviation": 3562.6931310689615,