{
  "losses": [
    1.0103496428763512,
    1.0014304943604044,
    1.0002628959051454,
    0.9993297408122828,
    0.9975694992754719,
    0.9943382322198093,
    0.9894633905722363,
    0.9839453955688099,
    0.9785853342254563,
    0.9735944326561277,
    0.9683642891373965,
    0.9620832203638435,
    0.9547027147642456,
    0.946114193448926,
    0.9362478278651096,
    0.9261343605447524,
    0.9186922258669787,
    0.9119105359115223,
    0.9055756722346391,
    0.8997393530194122
  ],
  "metrics": {
    "both": {
      "optimistic": {
        "adjusted_arithmetic_mean_rank": 0.8286370320417933,
        "adjusted_arithmetic_mean_rank_index": 0.17139283659038562,
        "adjusted_geometric_mean_rank_index": 0.5762576043450274,
        "adjusted_hits_at_k": 0.07253732062628444,
        "adjusted_inverse_harmonic_mean_rank": 0.04307273735985737,
        "arithmetic_mean_rank": 4754.90308945111,
        "count": 32174.0,
        "geometric_mean_rank": 1730.1104901313752,
        "harmonic_mean_rank": 22.749094325980497,
        "hits_at_1": 0.02660533349909865,
        "hits_at_10": 0.07341331509914838,
        "hits_at_3": 0.05184310312674831,
        "hits_at_5": 0.060763349288245165,
        "inverse_arithmetic_mean_rank": 0.00021030922842960333,
        "inverse_geometric_mean_rank": 0.0005779977670235763,
        "inverse_harmonic_mean_rank": 0.04395779390909442,
        "inverse_median_rank": 0.00024180872929512756,
        "median_absolute_deviation": 4681.316504931438,
        "median_rank": 4135.5,
        "standard_deviation": 3838.7941065535806,
        "variance": 14736340.192510502,
        "z_arithmetic_mean_rank": 51.96416136578031,
        "z_geometric_mean_rank": 103.5882658909147,
        "z_hits_at_k": 423.18606978428943,
        "z_inverse_harmonic_mean_rank": 621.1586582164348
      },
      "pessimistic": {
        "adjusted_arithmetic_mean_rank": 0.8286370537077367,
        "adjusted_arithmetic_mean_rank_index": 0.17139281492066583,
        "adjusted_geometric_mean_rank_index": 0.5762575410106862,
        "adjusted_hits_at_k": 0.07253732062628444,
        "adjusted_inverse_harmonic_mean_rank": 0.043072736863728825,
        "arithmetic_mean_rank": 4754.903213775098,
        "count": 32174.0,
        "geometric_mean_rank": 1730.1107485715854,
        "harmonic_mean_rank": 22.749094582500113,
        "hits_at_1": 0.02660533349909865,
        "hits_at_10": 0.07341331509914838,
        "hits_at_3": 0.05184310312674831,
        "hits_at_5": 0.060763349288245165,
        "inverse_arithmetic_mean_rank": 0.000210309222930757,
        "inverse_geometric_mean_rank": 0.0005779976806835172,
        "inverse_harmonic_mean_rank": 0.04395779341342474,
        "inverse_median_rank": 0.00024180872929512756,
        "median_absolute_deviation": 4681.316504931438,
        "median_rank": 4135.5,
        "standard_deviation": 3838.794053095182,
        "variance": 14736339.782078935,
        "z_arithmetic_mean_rank": 51.964154795792695,
        "z_geometric_mean_rank": 103.58825450591166,
        "z_hits_at_k": 423.18606978428943,
        "z_inverse_harmonic_mean_rank": 621.1586510616877
      },
      "realistic": {
        "adjusted_arithmetic_mean_rank": 0.8286370722740112,
        "adjusted_arithmetic_mean_rank_index": 0.17139279635115523,
        "adjusted_geometric_mean_rank_index": 0.5762575186431822,
        "adjusted_hits_at_k": 0.07253732062628444,
        "adjusted_inverse_harmonic_mean_rank": 0.04307273843227092,
        "arithmetic_mean_rank": 4754.9033203125,
        "count": 32174.0,
        "geometric_mean_rank": 1730.11083984375,
        "harmonic_mean_rank": 22.74909377149698,
        "hits_at_1": 0.02660533349909865,
        "hits_at_10": 0.07341331509914838,
        "hits_at_3": 0.05184310312674831,
        "hits_at_5": 0.060763349288245165,
        "inverse_arithmetic_mean_rank": 0.00021030921197962016,
        "inverse_geometric_mean_rank": 0.0005779976490885019,
        "inverse_harmonic_mean_rank": 0.0439577949805161,
        "inverse_median_rank": 0.0002418087242403999,
        "median_absolute_deviation": 4681.316504931438,
        "median_rank": 4135.5,
        "standard_deviation": 3838.794189453125,
        "variance": 14736340.0,
        "z_arithmetic_mean_rank": 51.96414916574963,
        "z_geometric_mean_rank": 103.58825048512143,
        "z_hits_at_k": 423.18606978428943,
        "z_inverse_harmonic_mean_rank": 621.1586736818778
      }
    },
    "head": {
      "optimistic": {
        "adjusted_arithmetic_mean_rank": 0.8038439826990664,
        "adjusted_arithmetic_mean_rank_index": 0.1961948906360408,
        "adjusted_geometric_mean_rank_index": 0.5626965317621261,
        "adjusted_hits_at_k": 0.06615936057954767,
        "adjusted_inverse_harmonic_mean_rank": 0.03813809183435651,
        "arithmetic_mean_rank": 4057.0247404736742,
        "count": 16087.0,
        "geometric_mean_rank": 1540.0406869722992,
        "harmonic_mean_rank": 25.53212572642236,
        "hits_at_1": 0.022378317896438116,
        "hits_at_10": 0.06719711568347113,
        "hits_at_3": 0.0464350096351091,
        "hits_at_5": 0.05432958289301921,
        "inverse_arithmetic_mean_rank": 0.00024648604925274524,
        "inverse_geometric_mean_rank": 0.0006493334938870917,
        "inverse_harmonic_mean_rank": 0.0391663432459575,
        "inverse_median_rank": 0.0002871088142405972,
        "median_absolute_deviation": 3604.205993187118,
        "median_rank": 3483.0,
        "standard_deviation": 3407.8536057439387,
        "variance": 11613466.198181964,
        "z_arithmetic_mean_rank": 41.25316022424386,
        "z_geometric_mean_rank": 71.54617173030547,
        "z_hits_at_k": 251.59842615818982,
        "z_inverse_harmonic_mean_rank": 358.64765166975565
      },
      "pessimistic": {
        "adjusted_arithmetic_mean_rank": 0.8038440196487142,
        "adjusted_arithmetic_mean_rank_index": 0.19619485367907052,
        "adjusted_geometric_mean_rank_index": 0.5626965087584641,
        "adjusted_hits_at_k": 0.06615936057954767,
        "adjusted_inverse_harmonic_mean_rank": 0.038138091817998,
        "arithmetic_mean_rank": 4057.024926959657,
        "count": 16087.0,
        "geometric_mean_rank": 1540.040767931117,
        "harmonic_mean_rank": 25.532125737074903,
        "hits_at_1": 0.022378317896438116,
        "hits_at_10": 0.06719711568347113,
        "hits_at_3": 0.0464350096351091,
        "hits_at_5": 0.05432958289301921,
        "inverse_arithmetic_mean_rank": 0.0002464860379227204,
        "inverse_geometric_mean_rank": 0.0006493334597521044,
        "inverse_harmonic_mean_rank": 0.03916634322961647,
        "inverse_median_rank": 0.0002871088142405972,
        "median_absolute_deviation": 3604.205993187118,
        "median_rank": 3483.0,
        "standard_deviation": 3407.8536056240146,
        "variance": 11613466.197364597,
        "z_arithmetic_mean_rank": 41.253152453441004,
        "z_geometric_mean_rank": 71.54616880541815,
        "z_hits_at_k": 251.59842615818982,
        "z_inverse_harmonic_mean_rank": 358.64765151592144
      },
      "realistic": {
        "adjusted_arithmetic_mean_rank": 0.8038439663982819,
        "adjusted_arithmetic_mean_rank_index": 0.1961949069400557,
        "adjusted_geometric_mean_rank_index": 0.5626966464892167,
        "adjusted_hits_at_k": 0.06615936057954767,
        "adjusted_inverse_harmonic_mean_rank": 0.0381380922032997,
        "arithmetic_mean_rank": 4057.024658203125,
        "count": 16087.0,
        "geometric_mean_rank": 1540.040283203125,
        "harmonic_mean_rank": 25.5321254861693,
        "hits_at_1": 0.022378317896438116,
        "hits_at_10": 0.06719711568347113,
        "hits_at_3": 0.0464350096351091,
        "hits_at_5": 0.05432958289301921,
        "inverse_arithmetic_mean_rank": 0.00024648604448884726,
        "inverse_geometric_mean_rank": 0.0006493336404673755,
        "inverse_harmonic_mean_rank": 0.03916634361450628,