{
    "hits@25": {
        "local_kg_hit_rewriting": 0.08,
        "online_kg_hit_rewriting": 0.04,
        "local_kg_hit_original": 0.08,
        "online_kg_hit_original": 0.04
    },
    "mrr": {
        "local_kg_hit_rewriting": 0.013752052545155994,
        "online_kg_hit_rewriting": 0.0007650395581430063,
        "local_kg_hit_original": 0.013752052545155994,
        "online_kg_hit_original": 0.0007650395581430063
    }
}