{
  "losses": [
    0.524654310012981,
    0.08045823521157064,
    0.051062731829325074,
    0.038422089407494836,
    0.031217409516625192,
    0.02518978967046228,
    0.019951382323581447,
    0.018715705188037744,
    0.015046872205383808,
    0.013333414266610374,
    0.01087264907764576,
    0.009686137403333723,
    0.008901161477122766,
    0.007623265137724755,
    0.006989997242221963,
    0.006587226702947888,
    0.0061964476571774885,
    0.005558018514810542,
    0.00543537876884466,
    0.005016963922702642
  ],
  "metrics": {
    "both": {
      "optimistic": {
        "adjusted_arithmetic_mean_rank": 0.05107476449661549,
        "adjusted_arithmetic_mean_rank_index": 0.9489415679557925,
        "adjusted_geometric_mean_rank_index": 0.9982140907512461,
        "adjusted_hits_at_k": 0.293026320148667,
        "adjusted_inverse_harmonic_mean_rank": 0.18833297785901332,
        "arithmetic_mean_rank": 2967.5253840466607,
        "count": 48692.0,
        "geometric_mean_rank": 77.34819240202219,
        "harmonic_mean_rank": 5.307335151273111,
        "hits_at_1": 0.12264848435061201,
        "hits_at_10": 0.2930871601084367,
        "hits_at_3": 0.22022098085927874,
        "hits_at_5": 0.25065719214655385,
        "inverse_arithmetic_mean_rank": 0.0003369811107180326,
        "inverse_geometric_mean_rank": 0.012928550350633094,
        "inverse_harmonic_mean_rank": 0.18841847584472265,
        "inverse_median_rank": 0.010526315789473684,
        "median_absolute_deviation": 139.36460853952659,
        "median_rank": 95.0,
        "standard_deviation": 12396.819908949114,
        "variance": 153681143.8549171,
        "z_arithmetic_mean_rank": 362.68130307185226,
        "z_geometric_mean_rank": 220.3400408370327,
        "z_hits_at_k": 6969.857737653018,
        "z_inverse_harmonic_mean_rank": 11048.765521971545
      },
      "pessimistic": {
        "adjusted_arithmetic_mean_rank": 0.05107476944521551,
        "adjusted_arithmetic_mean_rank_index": 0.9489415630071073,
        "adjusted_geometric_mean_rank_index": 0.9982140904809198,
        "adjusted_hits_at_k": 0.293026320148667,
        "adjusted_inverse_harmonic_mean_rank": 0.18833297758829093,
        "arithmetic_mean_rank": 2967.525671568225,
        "count": 48692.0,
        "geometric_mean_rank": 77.34820395856255,
        "harmonic_mean_rank": 5.307335158897963,
        "hits_at_1": 0.12264848435061201,
        "hits_at_10": 0.2930871601084367,
        "hits_at_3": 0.22022098085927874,
        "hits_at_5": 0.25065719214655385,
        "inverse_arithmetic_mean_rank": 0.0003369810780681597,
        "inverse_geometric_mean_rank": 0.012928548418987544,
        "inverse_harmonic_mean_rank": 0.18841847557402877,
        "inverse_median_rank": 0.010526315789473684,
        "median_absolute_deviation": 139.36460853952659,
        "median_rank": 95.0,
        "standard_deviation": 12396.820278324614,
        "variance": 153681153.0130804,
        "z_arithmetic_mean_rank": 362.68130118048646,
        "z_geometric_mean_rank": 220.3400407773624,
        "z_hits_at_k": 6969.857737653018,
        "z_inverse_harmonic_mean_rank": 11048.765506089312
      },
      "realistic": {
        "adjusted_arithmetic_mean_rank": 0.05107477301375813,
        "adjusted_arithmetic_mean_rank_index": 0.9489415594385032,
        "adjusted_geometric_mean_rank_index": 0.9982140908002377,
        "adjusted_hits_at_k": 0.293026320148667,
        "adjusted_inverse_harmonic_mean_rank": 0.18833298259168066,
        "arithmetic_mean_rank": 2967.52587890625,
        "count": 48692.0,
        "geometric_mean_rank": 77.34819030761719,
        "harmonic_mean_rank": 5.307335017978298,
        "hits_at_1": 0.12264848435061201,
        "hits_at_10": 0.2930871601084367,
        "hits_at_3": 0.22022098085927874,
        "hits_at_5": 0.25065719214655385,
        "inverse_arithmetic_mean_rank": 0.0003369810583535582,
        "inverse_geometric_mean_rank": 0.012928551062941551,
        "inverse_harmonic_mean_rank": 0.18841848057689148,
        "inverse_median_rank": 0.010526316240429878,
        "median_absolute_deviation": 139.36460853952659,
        "median_rank": 95.0,
        "standard_deviation": 12396.8203125,
        "variance": 153681152.0,
        "z_arithmetic_mean_rank": 362.6812998165817,
        "z_geometric_mean_rank": 220.3400408478468,
        "z_hits_at_k": 6969.857737653018,
        "z_inverse_harmonic_mean_rank": 11048.765799618786
      }
    },
    "head": {
      "optimistic": {
        "adjusted_arithmetic_mean_rank": 0.051287967871459186,
        "adjusted_arithmetic_mean_rank_index": 0.9487283609206252,
        "adjusted_geometric_mean_rank_index": 0.9981908485967085,
        "adjusted_hits_at_k": 0.29033570821847243,
        "adjusted_inverse_harmonic_mean_rank": 0.18785224875642687,
        "arithmetic_mean_rank": 2979.9111558366876,
        "count": 24346.0,
        "geometric_mean_rank": 78.34255188083192,
        "harmonic_mean_rank": 5.3209094376041355,
        "hits_at_1": 0.12388071962540048,
        "hits_at_10": 0.2903967797584819,
        "hits_at_3": 0.2185163887291547,
        "hits_at_5": 0.24850078041567403,
        "inverse_arithmetic_mean_rank": 0.00033558047461962803,
        "inverse_geometric_mean_rank": 0.012764455279949466,
        "inverse_harmonic_mean_rank": 0.18793779742477135,
        "inverse_median_rank": 0.010309278350515464,
        "median_absolute_deviation": 142.3298129765378,
        "median_rank": 97.0,
        "standard_deviation": 12470.659459487582,
        "variance": 155517347.35450712,
        "z_arithmetic_mean_rank": 256.396788941205,
        "z_geometric_mean_rank": 155.80372715334644,
        "z_hits_at_k": 4883.1786672020635,
        "z_inverse_harmonic_mean_rank": 7792.712634538865
      },
      "pessimistic": {
        "adjusted_arithmetic_mean_rank": 0.05128797352700526,
        "adjusted_arithmetic_mean_rank_index": 0.9487283552649818,
        "adjusted_geometric_mean_rank_index": 0.998190848162306,
        "adjusted_hits_at_k": 0.29033570821847243,
        "adjusted_inverse_harmonic_mean_rank": 0.18785224824771027,
        "arithmetic_mean_rank": 2979.911484432761,
        "count": 24346.0,
        "geometric_mean_rank": 78.34257045185721,
        "harmonic_mean_rank": 5.320909452005441,
        "hits_at_1": 0.12388071962540048,
        "hits_at_10": 0.2903967797584819,
        "hits_at_3": 0.2185163887291547,
        "hits_at_5": 0.24850078041567403,
        "inverse_arithmetic_mean_rank": 0.00033558043761503013,
        "inverse_geometric_mean_rank": 0.012764452254148545,
        "inverse_harmonic_mean_rank": 0.18793779691610835,
        "inverse_median_rank": 0.010309278350515464,
        "median_absolute_deviation": 142.3298129765378,
        "median_rank": 97.0,
        "standard_deviation": 12470.65972261637,
        "variance": 155517353.91728622,
        "z_arithmetic_mean_rank": 256.39678741274975,
        "z_geometric_mean_rank": 155.80372708554225,
        "z_hits_at_k": 4883.1786672020635,
        "z_inverse_harmonic_mean_rank": 7792.712613435672
      },
      "realistic": {
        "adjusted_arithmetic_mean_rank": 0.05128797587911042,
        "adjusted_arithmetic_mean_rank_index": 0.9487283529128361,
        "adjusted_geometric_mean_rank_index": 0.9981908482326676,
        "adjusted_hits_at_k": 0.29033570821847243,
        "adjusted_inverse_harmonic_mean_rank": 0.1878522317917514,
        "arithmetic_mean_rank": 2979.91162109375,
        "count": 24346.0,
        "geometric_mean_rank": 78.34256744384766,
        "harmonic_mean_rank": 5.3209099178587875,
        "hits_at_1": 0.12388071962540048,
        "hits_at_10": 0.2903967797584819,
        "hits_at_3": 0.2185163887291547,
        "hits_at_5": 0.24850078041567403,
        "inverse_arithmetic_mean_rank": 0.0003355804365128279,
        "inverse_geometric_mean_rank": 0.012764452956616879,
        "inverse_harmonic_mean_rank": 0.18793778046188286,