{
  "losses": [
    1.0038422547697732,
    1.0000770432815644,
    1.0000769494513815,
    1.0000782532123464,
    1.0000047059389796,
    0.996178959045387,
    0.9317494091326303,
    0.8687807992281995,
    0.8612821974458486,
    0.8583717379546804,
    0.8551890160480555,
    0.8120785325838121,
    0.6598842658845757,
    0.5440315290596653,
    0.40844922115767957,
    0.34608388298764425,
    0.3292155989112645,
    0.31916023888727174,
    0.31253242706585393,
    0.30726362946114694,
    0.3033470538265804,
    0.30020508427544523,
    0.29730054261185535,
    0.2948409619122526
  ],
  "metrics": {
    "both": {
      "optimistic": {
        "adjusted_arithmetic_mean_rank": 0.02600585419417719,
        "adjusted_arithmetic_mean_rank_index": 0.9740109097324599,
        "adjusted_geometric_mean_rank_index": 0.999964851700323,
        "adjusted_hits_at_k": 0.9375819118251008,
        "adjusted_inverse_harmonic_mean_rank": 0.6636485544662413,
        "arithmetic_mean_rank": 1510.9816602316603,
        "count": 48692.0,
        "geometric_mean_rank": 2.5026010690213587,
        "harmonic_mean_rank": 1.506741195191681,
        "hits_at_1": 0.44884169884169883,
        "hits_at_10": 0.9375872833319642,
        "hits_at_3": 0.8798981352172841,
        "hits_at_5": 0.9198020208658506,
        "inverse_arithmetic_mean_rank": 0.0006618214014898647,
        "inverse_geometric_mean_rank": 0.39958426150239346,
        "inverse_harmonic_mean_rank": 0.6636839844767001,
        "inverse_median_rank": 0.5,
        "median_absolute_deviation": 1.482602218505602,
        "median_rank": 2.0,
        "standard_deviation": 9971.836423790362,
        "variance": 99437521.66283217,
        "z_arithmetic_mean_rank": 372.2626954881437,
        "z_geometric_mean_rank": 220.72649374587226,
        "z_hits_at_k": 22301.111174935588,
        "z_inverse_harmonic_mean_rank": 38933.68729496749
      },
      "pessimistic": {
        "adjusted_arithmetic_mean_rank": 0.02600585419417719,
        "adjusted_arithmetic_mean_rank_index": 0.9740109097324599,
        "adjusted_geometric_mean_rank_index": 0.999964851700323,
        "adjusted_hits_at_k": 0.9375819118251008,
        "adjusted_inverse_harmonic_mean_rank": 0.6636485544662413,
        "arithmetic_mean_rank": 1510.9816602316603,
        "count": 48692.0,
        "geometric_mean_rank": 2.5026010690213587,
        "harmonic_mean_rank": 1.506741195191681,
        "hits_at_1": 0.44884169884169883,
        "hits_at_10": 0.9375872833319642,
        "hits_at_3": 0.8798981352172841,
        "hits_at_5": 0.9198020208658506,
        "inverse_arithmetic_mean_rank": 0.0006618214014898647,
        "inverse_geometric_mean_rank": 0.39958426150239346,
        "inverse_harmonic_mean_rank": 0.6636839844767001,
        "inverse_median_rank": 0.5,
        "median_absolute_deviation": 1.482602218505602,
        "median_rank": 2.0,
        "standard_deviation": 9971.836423790362,
        "variance": 99437521.66283217,
        "z_arithmetic_mean_rank": 372.2626954881437,
        "z_geometric_mean_rank": 220.72649374587226,
        "z_hits_at_k": 22301.111174935588,
        "z_inverse_harmonic_mean_rank": 38933.68729496749
      },
      "realistic": {
        "adjusted_arithmetic_mean_rank": 0.026005854697114566,
        "adjusted_arithmetic_mean_rank_index": 0.9740109092295138,
        "adjusted_geometric_mean_rank_index": 0.999964851704083,
        "adjusted_hits_at_k": 0.9375819118251008,
        "adjusted_inverse_harmonic_mean_rank": 0.6636485748076699,
        "arithmetic_mean_rank": 1510.981689453125,
        "count": 48692.0,
        "geometric_mean_rank": 2.502600908279419,
        "harmonic_mean_rank": 1.506741149016031,
        "hits_at_1": 0.44884169884169883,
        "hits_at_10": 0.9375872833319642,
        "hits_at_3": 0.8798981352172841,
        "hits_at_5": 0.9198020208658506,
        "inverse_arithmetic_mean_rank": 0.000661821395624429,
        "inverse_geometric_mean_rank": 0.3995842933654785,
        "inverse_harmonic_mean_rank": 0.6636840048159861,
        "inverse_median_rank": 0.5,
        "median_absolute_deviation": 1.482602218505602,
        "median_rank": 2.0,
        "standard_deviation": 9971.8369140625,
        "variance": 99437528.0,
        "z_arithmetic_mean_rank": 372.2626952959199,
        "z_geometric_mean_rank": 220.72649374670223,
        "z_hits_at_k": 22301.111174935588,
        "z_inverse_harmonic_mean_rank": 38933.68848832024
      }
    },
    "head": {
      "optimistic": {
        "adjusted_arithmetic_mean_rank": 0.025999468586510026,
        "adjusted_arithmetic_mean_rank_index": 0.9740172954595112,
        "adjusted_geometric_mean_rank_index": 0.9999655668233028,
        "adjusted_hits_at_k": 0.9383829336841693,
        "adjusted_inverse_harmonic_mean_rank": 0.6711208485005613,
        "arithmetic_mean_rank": 1510.6097921629837,
        "count": 24346.0,
        "geometric_mean_rank": 2.4720436057863,
        "harmonic_mean_rank": 1.4899676941870603,
        "hits_at_1": 0.4611845888441633,
        "hits_at_10": 0.9383882362605767,
        "hits_at_3": 0.881828637147786,
        "hits_at_5": 0.92093156986774,
        "inverse_arithmetic_mean_rank": 0.0006619843226146037,
        "inverse_geometric_mean_rank": 0.4045236085881758,
        "inverse_harmonic_mean_rank": 0.6711554914253419,
        "inverse_median_rank": 0.5,
        "median_absolute_deviation": 1.482602218505602,
        "median_rank": 2.0,
        "standard_deviation": 9968.956368481466,
        "variance": 99380091.07668716,
        "z_arithmetic_mean_rank": 263.2312021184634,
        "z_geometric_mean_rank": 156.0807360186743,
        "z_hits_at_k": 15782.734929679858,
        "z_inverse_harmonic_mean_rank": 27840.241200380322
      },
      "pessimistic": {
        "adjusted_arithmetic_mean_rank": 0.025999468586510026,
        "adjusted_arithmetic_mean_rank_index": 0.9740172954595112,
        "adjusted_geometric_mean_rank_index": 0.9999655668233028,
        "adjusted_hits_at_k": 0.9383829336841693,
        "adjusted_inverse_harmonic_mean_rank": 0.6711208485005613,
        "arithmetic_mean_rank": 1510.6097921629837,
        "count": 24346.0,
        "geometric_mean_rank": 2.4720436057863,
        "harmonic_mean_rank": 1.4899676941870603,
        "hits_at_1": 0.4611845888441633,
        "hits_at_10": 0.9383882362605767,
        "hits_at_3": 0.881828637147786,
        "hits_at_5": 0.92093156986774,
        "inverse_arithmetic_mean_rank": 0.0006619843226146037,
        "inverse_geometric_mean_rank": 0.4045236085881758,
        "inverse_harmonic_mean_rank": 0.6711554914253419,
        "inverse_median_rank": 0.5,
        "median_absolute_deviation": 1.482602218505602,
        "median_rank": 2.0,
        "standard_deviation": 9968.956368481466,
        "variance": 99380091.07668716,
        "z_arithmetic_mean_rank": 263.2312021184634,
        "z_geometric_mean_rank": 156.0807360186743,
        "z_hits_at_k": 15782.734929679858,
        "z_inverse_harmonic_mean_rank": 27840.241200380322
      },
      "realistic": {
        "adjusted_arithmetic_mean_rank": 0.0259994677095621,
        "adjusted_arithmetic_mean_rank_index": 0.9740172963364743,
        "adjusted_geometric_mean_rank_index": 0.999965566819867,
        "adjusted_hits_at_k": 0.9383829336841693,
        "adjusted_inverse_harmonic_mean_rank": 0.6711208311502422,
        "arithmetic_mean_rank": 1510.6097412109375,
        "count": 24346.0,
        "geometric_mean_rank": 2.472043752670288,
        "harmonic_mean_rank": 1.4899677327007772,
        "hits_at_1": 0.4611845888441633,
        "hits_at_10": 0.9383882362605767,
        "hits_at_3": 0.881828637147786,
        "hits_at_5": 0.92093156986774,
        "inverse_arithmetic_mean_rank": 0.0006619843188673258,
        "inverse_geometric_mean_rank": 0.4045235812664032,
        "inverse_harmonic_mean_rank": 0.6711554740768504,
        "inverse_median_rank": 0.5,
        "median_absolute_deviation": 1.482602218505602,