{
  "losses": [
    1.0056738456877152,
    1.0005831642906264,
    0.999831240602059,
    0.9983000015268232,
    0.9948758227990405,
    0.9893186183259038,
    0.982364293490306,
    0.9755341620728522,
    0.9679479419594944,
    0.9575355672600245,
    0.9446381081448924,
    0.9308438561930514,
    0.9183466449822529,
    0.9072225635594661,
    0.895865274419879,
    0.8845556275679334,
    0.8732982201151328,
    0.8641901834176319,
    0.8571220819312747,
    0.8511279656155275
  ],
  "metrics": {
    "both": {
      "optimistic": {
        "adjusted_arithmetic_mean_rank": 0.7116243692431168,
        "adjusted_arithmetic_mean_rank_index": 0.2884258947418449,
        "adjusted_geometric_mean_rank_index": 0.7339705891675136,
        "adjusted_hits_at_k": 0.10314993556334792,
        "adjusted_inverse_harmonic_mean_rank": 0.061514810921419166,
        "arithmetic_mean_rank": 4083.4584757879034,
        "count": 32174.0,
        "geometric_mean_rank": 1086.5516220955776,
        "harmonic_mean_rank": 16.03005686898763,
        "hits_at_1": 0.039255299310001865,
        "hits_at_10": 0.10399701622428048,
        "hits_at_3": 0.07145521228321004,
        "hits_at_5": 0.0851619319947784,
        "inverse_arithmetic_mean_rank": 0.0002448904539936702,
        "inverse_geometric_mean_rank": 0.000920342834766884,
        "inverse_harmonic_mean_rank": 0.06238281050235317,
        "inverse_median_rank": 0.00031017369727047146,
        "median_absolute_deviation": 4318.078961397566,
        "median_rank": 3224.0,
        "standard_deviation": 3787.2461383391437,
        "variance": 14343233.312364757,
        "z_arithmetic_mean_rank": 87.44711876292934,
        "z_geometric_mean_rank": 131.93880648778946,
        "z_hits_at_k": 601.7814754207839,
        "z_inverse_harmonic_mean_rank": 887.1146751865725
      },
      "pessimistic": {
        "adjusted_arithmetic_mean_rank": 0.7116243746596026,
        "adjusted_arithmetic_mean_rank_index": 0.28842588932441504,
        "adjusted_geometric_mean_rank_index": 0.7339705858918055,
        "adjusted_hits_at_k": 0.10314993556334792,
        "adjusted_inverse_harmonic_mean_rank": 0.06151481091654546,
        "arithmetic_mean_rank": 4083.4585068689003,
        "count": 32174.0,
        "geometric_mean_rank": 1086.5516354623333,
        "harmonic_mean_rank": 16.03005687023883,
        "hits_at_1": 0.039255299310001865,
        "hits_at_10": 0.10399701622428048,
        "hits_at_3": 0.07145521228321004,
        "hits_at_5": 0.0851619319947784,
        "inverse_arithmetic_mean_rank": 0.0002448904521297013,
        "inverse_geometric_mean_rank": 0.0009203428234448287,
        "inverse_harmonic_mean_rank": 0.062382810497483974,
        "inverse_median_rank": 0.00031017369727047146,
        "median_absolute_deviation": 4318.078961397566,
        "median_rank": 3224.0,
        "standard_deviation": 3787.2461255615685,
        "variance": 14343233.215581112,
        "z_arithmetic_mean_rank": 87.44711712043247,
        "z_geometric_mean_rank": 131.93880589894707,
        "z_hits_at_k": 601.7814754207839,
        "z_inverse_harmonic_mean_rank": 887.114675116288
      },
      "realistic": {
        "adjusted_arithmetic_mean_rank": 0.7116244153282073,
        "adjusted_arithmetic_mean_rank_index": 0.28842584864872167,
        "adjusted_geometric_mean_rank_index": 0.7339706157382386,
        "adjusted_hits_at_k": 0.10314993556334792,
        "adjusted_inverse_harmonic_mean_rank": 0.061514809275239106,
        "arithmetic_mean_rank": 4083.458740234375,
        "count": 32174.0,
        "geometric_mean_rank": 1086.551513671875,
        "harmonic_mean_rank": 16.030057291603313,
        "hits_at_1": 0.039255299310001865,
        "hits_at_10": 0.10399701622428048,
        "hits_at_3": 0.07145521228321004,
        "hits_at_5": 0.0851619319947784,
        "inverse_arithmetic_mean_rank": 0.00024489042698405683,
        "inverse_geometric_mean_rank": 0.0009203429217450321,
        "inverse_harmonic_mean_rank": 0.062382808857695655,
        "inverse_median_rank": 0.0003101736947428435,
        "median_absolute_deviation": 4318.078961397566,
        "median_rank": 3224.0,
        "standard_deviation": 3787.24609375,
        "variance": 14343233.0,
        "z_arithmetic_mean_rank": 87.4471047880717,
        "z_geometric_mean_rank": 131.93881126415218,
        "z_hits_at_k": 601.7814754207839,
        "z_inverse_harmonic_mean_rank": 887.1146514467533
      }
    },
    "head": {
      "optimistic": {
        "adjusted_arithmetic_mean_rank": 0.6857632422379798,
        "adjusted_arithmetic_mean_rank_index": 0.31429903181792496,
        "adjusted_geometric_mean_rank_index": 0.7073534174130984,
        "adjusted_hits_at_k": 0.09223421249992415,
        "adjusted_inverse_harmonic_mean_rank": 0.053838596148509416,
        "arithmetic_mean_rank": 3461.0676944116367,
        "count": 16087.0,
        "geometric_mean_rank": 1030.9369436046766,
        "harmonic_mean_rank": 18.231519499148497,
        "hits_at_1": 0.03251072294399204,
        "hits_at_10": 0.09324299123515882,
        "hits_at_3": 0.06377820600484864,
        "hits_at_5": 0.07664573879530055,
        "inverse_arithmetic_mean_rank": 0.00028892818294615723,
        "inverse_geometric_mean_rank": 0.0009699914298380798,
        "inverse_harmonic_mean_rank": 0.05485006337769625,
        "inverse_median_rank": 0.00035549235691432633,
        "median_absolute_deviation": 3540.4540977913775,
        "median_rank": 2813.0,
        "standard_deviation": 3208.60003160564,
        "variance": 10295114.162819715,
        "z_arithmetic_mean_rank": 66.08647287335512,
        "z_geometric_mean_rank": 89.93911677004996,
        "z_hits_at_k": 350.75887220855014,
        "z_inverse_harmonic_mean_rank": 506.29397405941415
      },
      "pessimistic": {
        "adjusted_arithmetic_mean_rank": 0.685763254554529,
        "adjusted_arithmetic_mean_rank_index": 0.3142990194989349,
        "adjusted_geometric_mean_rank_index": 0.7073534102058322,
        "adjusted_hits_at_k": 0.09223421249992415,
        "adjusted_inverse_harmonic_mean_rank": 0.053838596138760623,
        "arithmetic_mean_rank": 3461.067756573631,
        "count": 16087.0,
        "geometric_mean_rank": 1030.9369689698447,
        "harmonic_mean_rank": 18.231519502385417,
        "hits_at_1": 0.03251072294399204,
        "hits_at_10": 0.09324299123515882,
        "hits_at_3": 0.06377820600484864,
        "hits_at_5": 0.07664573879530055,
        "inverse_arithmetic_mean_rank": 0.0002889281777569054,
        "inverse_geometric_mean_rank": 0.0009699914059724154,
        "inverse_harmonic_mean_rank": 0.05485006336795788,
        "inverse_median_rank": 0.00035549235691432633,
        "median_absolute_deviation": 3540.4540977913775,
        "median_rank": 2813.0,
        "standard_deviation": 3208.60001349974,
        "variance": 10295114.04663053,
        "z_arithmetic_mean_rank": 66.08647028308752,
        "z_geometric_mean_rank": 89.93911585365494,
        "z_hits_at_k": 350.75887220855014,
        "z_inverse_harmonic_mean_rank": 506.2939739677373
      },
      "realistic": {
        "adjusted_arithmetic_mean_rank": 0.685763228871998,
        "adjusted_arithmetic_mean_rank_index": 0.3142990451865556,
        "adjusted_geometric_mean_rank_index": 0.7073532593187695,
        "adjusted_hits_at_k": 0.09223421249992415,
        "adjusted_inverse_harmonic_mean_rank": 0.05383859336363938,
        "arithmetic_mean_rank": 3461.067626953125,
        "count": 16087.0,
        "geometric_mean_rank": 1030.9375,
        "harmonic_mean_rank": 18.231520423817223,
        "hits_at_1": 0.03251072294399204,
        "hits_at_10": 0.09324299123515882,
        "hits_at_3": 0.06377820600484864,
        "hits_at_5": 0.07664573879530055,
        "inverse_arithmetic_mean_rank": 0.00028892818954773247,
        "inverse_geometric_mean_rank": 0.0009699909132905304,
        "inverse_harmonic_mean_rank": 0.054850060595803295,