{
  "losses": [
    0.892778292552108,
    0.6102751151923715,
    0.37653472533771304,
    0.20035422221732546,
    0.10249809302625285,
    0.05804627342489514,
    0.03496200837865653,
    0.023170153699914976,
    0.015423818592235917,
    0.010793252806734393,
    0.008283236281552019,
    0.006467479203517239,
    0.005118612384416816,
    0.004181451003867091,
    0.003572832854179135,
    0.003021854007675555
  ],
  "metrics": {
    "both": {
      "optimistic": {
        "adjusted_arithmetic_mean_rank": 0.05914228471804396,
        "adjusted_arithmetic_mean_rank_index": 0.9408739088800211,
        "adjusted_geometric_mean_rank_index": 0.9999255283940353,
        "adjusted_hits_at_k": 0.8642576029128304,
        "adjusted_inverse_harmonic_mean_rank": 0.6235429717345539,
        "arithmetic_mean_rank": 3436.261192803746,
        "count": 48692.0,
        "geometric_mean_rank": 4.18368500787956,
        "harmonic_mean_rank": 1.6036367239810125,
        "hits_at_1": 0.48903310605438266,
        "hits_at_10": 0.8642692844820504,
        "hits_at_3": 0.7285796434732605,
        "hits_at_5": 0.8062310030395137,
        "inverse_arithmetic_mean_rank": 0.00029101396660248367,
        "inverse_geometric_mean_rank": 0.23902373102100138,
        "inverse_harmonic_mean_rank": 0.6235826263179542,
        "inverse_median_rank": 0.5,
        "median_absolute_deviation": 1.482602218505602,
        "median_rank": 2.0,
        "standard_deviation": 15596.094312139558,
        "variance": 243238157.79315186,
        "z_arithmetic_mean_rank": 359.59787917606553,
        "z_geometric_mean_rank": 220.71781374526563,
        "z_hits_at_k": 20557.035756826517,
        "z_inverse_harmonic_mean_rank": 36580.84827143671
      },
      "pessimistic": {
        "adjusted_arithmetic_mean_rank": 0.05914233031585843,
        "adjusted_arithmetic_mean_rank_index": 0.9408738632814219,
        "adjusted_geometric_mean_rank_index": 0.9999255283825819,
        "adjusted_hits_at_k": 0.8642576029128304,
        "adjusted_inverse_harmonic_mean_rank": 0.623542971713783,
        "arithmetic_mean_rank": 3436.2638421095867,
        "count": 48692.0,
        "geometric_mean_rank": 4.183685497514563,
        "harmonic_mean_rank": 1.6036367240344223,
        "hits_at_1": 0.48903310605438266,
        "hits_at_10": 0.8642692844820504,
        "hits_at_3": 0.7285796434732605,
        "hits_at_5": 0.8062310030395137,
        "inverse_arithmetic_mean_rank": 0.0002910137422352532,
        "inverse_geometric_mean_rank": 0.2390237030470092,
        "inverse_harmonic_mean_rank": 0.6235826262971855,
        "inverse_median_rank": 0.5,
        "median_absolute_deviation": 1.482602218505602,
        "median_rank": 2.0,
        "standard_deviation": 15596.101820452091,
        "variance": 243238391.99390906,
        "z_arithmetic_mean_rank": 359.59786174848097,
        "z_geometric_mean_rank": 220.71781374273746,
        "z_hits_at_k": 20557.035756826517,
        "z_inverse_harmonic_mean_rank": 36580.848270218165
      },
      "realistic": {
        "adjusted_arithmetic_mean_rank": 0.05914230637610835,
        "adjusted_arithmetic_mean_rank_index": 0.9408738872215839,
        "adjusted_geometric_mean_rank_index": 0.9999255283871381,
        "adjusted_hits_at_k": 0.8642576029128304,
        "adjusted_inverse_harmonic_mean_rank": 0.6235429539541172,
        "arithmetic_mean_rank": 3436.262451171875,
        "count": 48692.0,
        "geometric_mean_rank": 4.183685302734375,
        "harmonic_mean_rank": 1.6036367697012706,
        "hits_at_1": 0.48903310605438266,
        "hits_at_10": 0.8642692844820504,
        "hits_at_3": 0.7285796434732605,
        "hits_at_5": 0.8062310030395137,
        "inverse_arithmetic_mean_rank": 0.0002910138573497534,
        "inverse_geometric_mean_rank": 0.23902371525764465,
        "inverse_harmonic_mean_rank": 0.6235826085393904,
        "inverse_median_rank": 0.5,
        "median_absolute_deviation": 1.482602218505602,
        "median_rank": 2.0,
        "standard_deviation": 15596.0966796875,
        "variance": 243238240.0,
        "z_arithmetic_mean_rank": 359.59787089830587,
        "z_geometric_mean_rank": 220.7178137437432,
        "z_hits_at_k": 20557.035756826517,
        "z_inverse_harmonic_mean_rank": 36580.84722832743
      }
    },
    "head": {
      "optimistic": {
        "adjusted_arithmetic_mean_rank": 0.058986168528581184,
        "adjusted_arithmetic_mean_rank_index": 0.941030027765639,
        "adjusted_geometric_mean_rank_index": 0.9999257934070135,
        "adjusted_hits_at_k": 0.8640316736630669,
        "adjusted_inverse_harmonic_mean_rank": 0.6247964021127226,
        "arithmetic_mean_rank": 3427.18865522057,
        "count": 24346.0,
        "geometric_mean_rank": 4.17238637822608,
        "harmonic_mean_rank": 1.600420143102709,
        "hits_at_1": 0.49063501191160763,
        "hits_at_10": 0.8640433746816726,
        "hits_at_3": 0.7290725375831759,
        "hits_at_5": 0.8071962540047647,
        "inverse_arithmetic_mean_rank": 0.0002917843458884936,
        "inverse_geometric_mean_rank": 0.23967099624775334,
        "inverse_harmonic_mean_rank": 0.6248359246849493,
        "inverse_median_rank": 0.5,
        "median_absolute_deviation": 1.482602218505602,
        "median_rank": 2.0,
        "standard_deviation": 15589.346795820302,
        "variance": 243027733.5203527,
        "z_arithmetic_mean_rank": 254.31629047352692,
        "z_geometric_mean_rank": 156.074527940822,
        "z_hits_at_k": 14532.215353419413,
        "z_inverse_harmonic_mean_rank": 25918.554869531014
      },
      "pessimistic": {
        "adjusted_arithmetic_mean_rank": 0.05898620882434699,
        "adjusted_arithmetic_mean_rank_index": 0.9410299874691797,
        "adjusted_geometric_mean_rank_index": 0.9999257933977553,
        "adjusted_hits_at_k": 0.8640316736630669,
        "adjusted_inverse_harmonic_mean_rank": 0.6247964020883638,
        "arithmetic_mean_rank": 3427.1909964675924,
        "count": 24346.0,
        "geometric_mean_rank": 4.172386774018829,
        "harmonic_mean_rank": 1.6004201431650935,
        "hits_at_1": 0.49063501191160763,
        "hits_at_10": 0.8640433746816726,
        "hits_at_3": 0.7290725375831759,
        "hits_at_5": 0.8071962540047647,
        "inverse_arithmetic_mean_rank": 0.00029178414655929607,
        "inverse_geometric_mean_rank": 0.23967097351255462,
        "inverse_harmonic_mean_rank": 0.6248359246605931,
        "inverse_median_rank": 0.5,
        "median_absolute_deviation": 1.482602218505602,
        "median_rank": 2.0,
        "standard_deviation": 15589.353951702875,
        "variance": 243027956.63147405,
        "z_arithmetic_mean_rank": 254.31627958328352,
        "z_geometric_mean_rank": 156.07452793937694,
        "z_hits_at_k": 14532.215353419413,
        "z_inverse_harmonic_mean_rank": 25918.554868520536
      },
      "realistic": {
        "adjusted_arithmetic_mean_rank": 0.05898619066543238,
        "adjusted_arithmetic_mean_rank_index": 0.9410300056284068,
        "adjusted_geometric_mean_rank_index": 0.9999257934118975,
        "adjusted_hits_at_k": 0.8640316736630669,
        "adjusted_inverse_harmonic_mean_rank": 0.6247964200639778,
        "arithmetic_mean_rank": 3427.18994140625,
        "count": 24346.0,
        "geometric_mean_rank": 4.172386169433594,
        "harmonic_mean_rank": 1.600420097128202,
        "hits_at_1": 0.49063501191160763,
        "hits_at_10": 0.8640433746816726,
        "hits_at_3": 0.7290725375831759,
        "hits_at_5": 0.8071962540047647,
        "inverse_arithmetic_mean_rank": 0.0002917842357419431,
        "inverse_geometric_mean_rank": 0.2396710067987442,
        "inverse_harmonic_mean_rank": 0.6248359426343136,
        "inverse_median_rank": 0.5,
        "median_absolute_deviation": 1.482602218505602,
        "median_rank": 2.0,
        "standard_deviation": 15589.3505859375,
        "variance": 243027856.0,
        "z_arithmetic_mean_rank": 254.3162844908711,