{
  "losses": [
    0.748336383847907,
    0.49042178758300176,
    0.35345873691067836,
    0.2684489435193562,
    0.22190086351762903,
    0.19977595674814563,
    0.17980332234413318,
    0.17149172485759942,
    0.1660139728743251,
    0.16182730708381918,
    0.1558477720264161,
    0.15467147890589025,
    0.1523676904858929,
    0.15011582510306104,
    0.15046690277533956,
    0.14978709920208053,
    0.14711825049454622,
    0.14736752508595438,
    0.14392543349525716,
    0.14465295922490629
  ],
  "metrics": {
    "both": {
      "optimistic": {
        "adjusted_arithmetic_mean_rank": 0.14159283253980506,
        "adjusted_arithmetic_mean_rank_index": 0.8585567881644238,
        "adjusted_geometric_mean_rank_index": 0.9829545932454059,
        "adjusted_hits_at_k": 0.3280157696742166,
        "adjusted_inverse_harmonic_mean_rank": 0.14178101499482826,
        "arithmetic_mean_rank": 812.4910797538384,
        "count": 32174.0,
        "geometric_mean_rank": 70.55497474442738,
        "harmonic_mean_rank": 7.013863337425454,
        "hits_at_1": 0.013333747746627711,
        "hits_at_10": 0.32865046310685647,
        "hits_at_3": 0.24992229750730405,
        "hits_at_5": 0.2885248958786598,
        "inverse_arithmetic_mean_rank": 0.0012307827432431276,
        "inverse_geometric_mean_rank": 0.014173345020989929,
        "inverse_harmonic_mean_rank": 0.14257477682293498,
        "inverse_median_rank": 0.009259259259259259,
        "median_absolute_deviation": 157.1558351615938,
        "median_rank": 108.0,
        "standard_deviation": 1813.4019566200386,
        "variance": 3288426.6562733846,
        "z_arithmetic_mean_rank": 260.3036647820135,
        "z_geometric_mean_rank": 176.69625701431258,
        "z_hits_at_k": 1913.6591095067406,
        "z_inverse_harmonic_mean_rank": 2044.6461133633268
      },
      "pessimistic": {
        "adjusted_arithmetic_mean_rank": 0.14159298961789393,
        "adjusted_arithmetic_mean_rank_index": 0.8585566310589561,
        "adjusted_geometric_mean_rank_index": 0.9829545806912466,
        "adjusted_hits_at_k": 0.3280157696742166,
        "adjusted_inverse_harmonic_mean_rank": 0.14178101131744608,
        "arithmetic_mean_rank": 812.4919811027538,
        "count": 32174.0,
        "geometric_mean_rank": 70.55502597255233,
        "harmonic_mean_rank": 7.013863518164304,
        "hits_at_1": 0.013333747746627711,
        "hits_at_10": 0.32865046310685647,
        "hits_at_3": 0.24992229750730405,
        "hits_at_5": 0.2885248958786598,
        "inverse_arithmetic_mean_rank": 0.001230781377857725,
        "inverse_geometric_mean_rank": 0.014173334730101652,
        "inverse_harmonic_mean_rank": 0.142574773148954,
        "inverse_median_rank": 0.009259259259259259,
        "median_absolute_deviation": 157.1558351615938,
        "median_rank": 108.0,
        "standard_deviation": 1813.4037707821958,
        "variance": 3288433.2358870865,
        "z_arithmetic_mean_rank": 260.3036171496035,
        "z_geometric_mean_rank": 176.69625475757258,
        "z_hits_at_k": 1913.6591095067406,
        "z_inverse_harmonic_mean_rank": 2044.6460603312255
      },
      "realistic": {
        "adjusted_arithmetic_mean_rank": 0.14159290858417165,
        "adjusted_arithmetic_mean_rank_index": 0.8585567121068026,
        "adjusted_geometric_mean_rank_index": 0.9829545813723263,
        "adjusted_hits_at_k": 0.3280157696742166,
        "adjusted_inverse_harmonic_mean_rank": 0.141781009211293,
        "arithmetic_mean_rank": 812.4915161132812,
        "count": 32174.0,
        "geometric_mean_rank": 70.55502319335938,
        "harmonic_mean_rank": 7.013863621679165,
        "hits_at_1": 0.013333747746627711,
        "hits_at_10": 0.32865046310685647,
        "hits_at_3": 0.24992229750730405,
        "hits_at_5": 0.2885248958786598,
        "inverse_arithmetic_mean_rank": 0.0012307821307331324,
        "inverse_geometric_mean_rank": 0.014173335395753384,
        "inverse_harmonic_mean_rank": 0.14257477104474886,
        "inverse_median_rank": 0.009259259328246117,
        "median_absolute_deviation": 157.1558351615938,
        "median_rank": 108.0,
        "standard_deviation": 1813.40283203125,
        "variance": 3288429.75,
        "z_arithmetic_mean_rank": 260.3036417222954,
        "z_geometric_mean_rank": 176.6962548800037,
        "z_hits_at_k": 1913.6591095067406,
        "z_inverse_harmonic_mean_rank": 2044.6460299580633
      }
    },
    "head": {
      "optimistic": {
        "adjusted_arithmetic_mean_rank": 0.23118281149191933,
        "adjusted_arithmetic_mean_rank_index": 0.768969549310549,
        "adjusted_geometric_mean_rank_index": 0.9056913886168438,
        "adjusted_hits_at_k": 0.05053934188738897,
        "adjusted_inverse_harmonic_mean_rank": 0.02510667302970146,
        "arithmetic_mean_rank": 1166.78659787406,
        "count": 16087.0,
        "geometric_mean_rank": 332.90861859706024,
        "harmonic_mean_rank": 38.2425918087867,
        "hits_at_1": 0.007148629328028843,
        "hits_at_10": 0.05159445515012122,
        "hits_at_3": 0.0253620936159632,
        "hits_at_5": 0.03362963883881395,
        "inverse_arithmetic_mean_rank": 0.0008570547534759545,
        "inverse_geometric_mean_rank": 0.0030038273091702724,
        "inverse_harmonic_mean_rank": 0.02614885531294555,
        "inverse_median_rank": 0.002617801047120419,
        "median_absolute_deviation": 478.88051657730944,
        "median_rank": 382.0,
        "standard_deviation": 2015.448417231436,
        "variance": 4062032.3225207003,
        "z_arithmetic_mean_rank": 161.68832899996693,
        "z_geometric_mean_rank": 115.15754579420886,
        "z_hits_at_k": 192.1968224382842,
        "z_inverse_harmonic_mean_rank": 236.10120198072426
      },
      "pessimistic": {
        "adjusted_arithmetic_mean_rank": 0.2311831070891009,
        "adjusted_arithmetic_mean_rank_index": 0.7689692536547873,
        "adjusted_geometric_mean_rank_index": 0.9056912594258456,
        "adjusted_hits_at_k": 0.05053934188738897,
        "adjusted_inverse_harmonic_mean_rank": 0.025106665716217492,
        "arithmetic_mean_rank": 1166.7880897619195,
        "count": 16087.0,
        "geometric_mean_rank": 332.9090732703412,
        "harmonic_mean_rank": 38.24260249329528,
        "hits_at_1": 0.007148629328028843,
        "hits_at_10": 0.05159445515012122,
        "hits_at_3": 0.0253620936159632,
        "hits_at_5": 0.03362963883881395,
        "inverse_arithmetic_mean_rank": 0.0008570536576217947,
        "inverse_geometric_mean_rank": 0.0030038232066686354,
        "inverse_harmonic_mean_rank": 0.026148848007279856,
        "inverse_median_rank": 0.002617801047120419,
        "median_absolute_deviation": 478.88051657730944,
        "median_rank": 382.0,
        "standard_deviation": 2015.450665639827,
        "variance": 4062041.3856280223,
        "z_arithmetic_mean_rank": 161.6882668335442,
        "z_geometric_mean_rank": 115.15752936773238,
        "z_hits_at_k": 192.1968224382842,
        "z_inverse_harmonic_mean_rank": 236.1011332052894
      },
      "realistic": {
        "adjusted_arithmetic_mean_rank": 0.23118296121196397,
        "adjusted_arithmetic_mean_rank_index": 0.7689693995608335,
        "adjusted_geometric_mean_rank_index": 0.9056912985586313,
        "adjusted_hits_at_k": 0.05053934188738897,
        "adjusted_inverse_harmonic_mean_rank": 0.0251066680362628,
        "arithmetic_mean_rank": 1166.787353515625,
        "count": 16087.0,
        "geometric_mean_rank": 332.908935546875,
        "harmonic_mean_rank": 38.24259910386436,
        "hits_at_1": 0.007148629328028843,
        "hits_at_10": 0.05159445515012122,
        "hits_at_3": 0.0253620936159632,
        "hits_at_5": 0.03362963883881395,
        "inverse_arithmetic_mean_rank": 0.0008570541976951063,
        "inverse_geometric_mean_rank": 0.0030038245022296906,
        "inverse_harmonic_mean_rank": 0.026148850324844986,