{
  "losses": [
    0.8088294287719349,
    0.6683961214405475,
    0.6087223860296873,
    0.5640649449117113,
    0.5186234527885324,
    0.4686769525013348,
    0.4189637763075309,
    0.37249949061044374,
    0.3357474435674082,
    0.30707588021708004,
    0.2826842818224784,
    0.2611711680594057,
    0.24634582049185685,
    0.23132021453711066,
    0.22048169271190568,
    0.20880369526324885,
    0.19882255530003273,
    0.19045774771435425,
    0.1828946298154274,
    0.17659925974831722
  ],
  "metrics": {
    "both": {
      "optimistic": {
        "adjusted_arithmetic_mean_rank": 0.21956675875243242,
        "adjusted_arithmetic_mean_rank_index": 0.780569271066033,
        "adjusted_geometric_mean_rank_index": 0.9824895214443635,
        "adjusted_hits_at_k": 0.33918439646527937,
        "adjusted_inverse_harmonic_mean_rank": 0.25666703249524314,
        "arithmetic_mean_rank": 1259.9227637222602,
        "count": 32174.0,
        "geometric_mean_rank": 72.45273276461255,
        "harmonic_mean_rank": 3.885690192344098,
        "hits_at_1": 0.2017467520358053,
        "hits_at_10": 0.3398085410579971,
        "hits_at_3": 0.2952694722446696,
        "hits_at_5": 0.31534779635730714,
        "inverse_arithmetic_mean_rank": 0.0007936994463419679,
        "inverse_geometric_mean_rank": 0.013802101892399858,
        "inverse_harmonic_mean_rank": 0.2573545369031945,
        "inverse_median_rank": 0.00684931506849315,
        "median_absolute_deviation": 214.97732168331228,
        "median_rank": 146.0,
        "standard_deviation": 2550.479139572755,
        "variance": 6504943.84139578,
        "z_arithmetic_mean_rank": 236.65882638831457,
        "z_geometric_mean_rank": 176.61265554680656,
        "z_hits_at_k": 1978.8173926607055,
        "z_inverse_harmonic_mean_rank": 3701.435276359395
      },
      "pessimistic": {
        "adjusted_arithmetic_mean_rank": 0.2195669699953795,
        "adjusted_arithmetic_mean_rank_index": 0.7805690597862662,
        "adjusted_geometric_mean_rank_index": 0.9824895092074366,
        "adjusted_hits_at_k": 0.33918439646527937,
        "adjusted_inverse_harmonic_mean_rank": 0.25666703141903874,
        "arithmetic_mean_rank": 1259.9239758811464,
        "count": 32174.0,
        "geometric_mean_rank": 72.452782698249,
        "harmonic_mean_rank": 3.8856902085782363,
        "hits_at_1": 0.2017467520358053,
        "hits_at_10": 0.3398085410579971,
        "hits_at_3": 0.2952694722446696,
        "hits_at_5": 0.31534779635730714,
        "inverse_arithmetic_mean_rank": 0.0007936986827325318,
        "inverse_geometric_mean_rank": 0.013802092380147705,
        "inverse_harmonic_mean_rank": 0.25735453582798545,
        "inverse_median_rank": 0.00684931506849315,
        "median_absolute_deviation": 214.97732168331228,
        "median_rank": 146.0,
        "standard_deviation": 2550.4808312122655,
        "variance": 6504952.470381208,
        "z_arithmetic_mean_rank": 236.65876233093553,
        "z_geometric_mean_rank": 176.61265334709236,
        "z_hits_at_k": 1978.8173926607055,
        "z_inverse_harmonic_mean_rank": 3701.4352608392837
      },
      "realistic": {
        "adjusted_arithmetic_mean_rank": 0.21956688042632816,
        "adjusted_arithmetic_mean_rank_index": 0.7805691493709295,
        "adjusted_geometric_mean_rank_index": 0.9824895075879589,
        "adjusted_hits_at_k": 0.33918439646527937,
        "adjusted_inverse_harmonic_mean_rank": 0.25666703652945305,
        "arithmetic_mean_rank": 1259.9234619140625,
        "count": 32174.0,
        "geometric_mean_rank": 72.45278930664062,
        "harmonic_mean_rank": 3.885690131489561,
        "hits_at_1": 0.2017467520358053,
        "hits_at_10": 0.3398085410579971,
        "hits_at_3": 0.2952694722446696,
        "hits_at_5": 0.31534779635730714,
        "inverse_arithmetic_mean_rank": 0.0007936990004964173,
        "inverse_geometric_mean_rank": 0.013802090659737587,
        "inverse_harmonic_mean_rank": 0.25735454093367316,
        "inverse_median_rank": 0.006849315017461777,
        "median_absolute_deviation": 214.97732168331228,
        "median_rank": 146.0,
        "standard_deviation": 2550.47998046875,
        "variance": 6504948.0,
        "z_arithmetic_mean_rank": 236.6587894918834,
        "z_geometric_mean_rank": 176.6126530559745,
        "z_hits_at_k": 1978.8173926607055,
        "z_inverse_harmonic_mean_rank": 3701.4353345373647
      }
    },
    "head": {
      "optimistic": {
        "adjusted_arithmetic_mean_rank": 0.32597508811644216,
        "adjusted_arithmetic_mean_rank_index": 0.6741584871703663,
        "adjusted_geometric_mean_rank_index": 0.8800831527582681,
        "adjusted_hits_at_k": 0.040395664410011,
        "adjusted_inverse_harmonic_mean_rank": 0.02349711527839169,
        "arithmetic_mean_rank": 1645.2060670106298,
        "count": 16087.0,
        "geometric_mean_rank": 423.03394293245407,
        "harmonic_mean_rank": 40.74810552998312,
        "hits_at_1": 0.011002672965748741,
        "hits_at_10": 0.04146205010256729,
        "hits_at_3": 0.021445887984086528,
        "hits_at_5": 0.027413439423136694,
        "inverse_arithmetic_mean_rank": 0.0006078265939153864,
        "inverse_geometric_mean_rank": 0.0023638765085090825,
        "inverse_harmonic_mean_rank": 0.024541018214066016,
        "inverse_median_rank": 0.002288329519450801,
        "median_absolute_deviation": 517.4281742584551,
        "median_rank": 437.0,
        "standard_deviation": 2723.1271294608264,
        "variance": 7415421.363205561,
        "z_arithmetic_mean_rank": 141.75276429275223,
        "z_geometric_mean_rank": 111.90149011049914,
        "z_hits_at_k": 153.621278986712,
        "z_inverse_harmonic_mean_rank": 220.9650459758222
      },
      "pessimistic": {
        "adjusted_arithmetic_mean_rank": 0.32597534676397605,
        "adjusted_arithmetic_mean_rank_index": 0.6741582284715748,
        "adjusted_geometric_mean_rank_index": 0.8800830586572563,
        "adjusted_hits_at_k": 0.040395664410011,
        "adjusted_inverse_harmonic_mean_rank": 0.02349711393970398,
        "arithmetic_mean_rank": 1645.207372412507,
        "count": 16087.0,
        "geometric_mean_rank": 423.0342741104493,
        "harmonic_mean_rank": 40.74810775037498,
        "hits_at_1": 0.011002672965748741,
        "hits_at_10": 0.04146205010256729,
        "hits_at_3": 0.021445887984086528,
        "hits_at_5": 0.027413439423136694,
        "inverse_arithmetic_mean_rank": 0.0006078261116309096,
        "inverse_geometric_mean_rank": 0.002363874657916989,
        "inverse_harmonic_mean_rank": 0.024541016876809395,
        "inverse_median_rank": 0.002288329519450801,
        "median_absolute_deviation": 517.4281742584551,
        "median_rank": 437.0,
        "standard_deviation": 2723.1286035681796,
        "variance": 7415429.391571184,
        "z_arithmetic_mean_rank": 141.75270989713232,
        "z_geometric_mean_rank": 111.90147814567125,
        "z_hits_at_k": 153.621278986712,
        "z_inverse_harmonic_mean_rank": 220.965033386907
      },
      "realistic": {
        "adjusted_arithmetic_mean_rank": 0.32597520660759954,
        "adjusted_arithmetic_mean_rank_index": 0.6741583686557269,
        "adjusted_geometric_mean_rank_index": 0.8800830854866205,
        "adjusted_hits_at_k": 0.040395664410011,
        "adjusted_inverse_harmonic_mean_rank": 0.02349711663660734,
        "arithmetic_mean_rank": 1645.2066650390625,
        "count": 16087.0,
        "geometric_mean_rank": 423.0341796875,
        "harmonic_mean_rank": 40.74810327720182,
        "hits_at_1": 0.011002672965748741,
        "hits_at_10": 0.04146205010256729,
        "hits_at_3": 0.021445887984086528,
        "hits_at_5": 0.027413439423136694,
        "inverse_arithmetic_mean_rank": 0.000607826397754252,
        "inverse_geometric_mean_rank": 0.002363875275477767,
        "inverse_harmonic_mean_rank": 0.024541019570829707,
        "inverse_median_rank": 0.002288329415023327,