{
  "losses": [
    1.0056738456877152,
    1.0005831642906264,
    0.999831240602059,
    0.9983000015268232,
    0.9948758227990405,
    0.9893186183259038,
    0.982364293490306,
    0.9755341620728522,
    0.9679479419594944,
    0.9575355672600245,
    0.9446381081448924,
    0.9308438561930514,
    0.9183466449822529,
    0.9072225635594661,
    0.895865274419879,
    0.8845556275679334,
    0.8732982201151328,
    0.8641901834176319,
    0.8571220819312747,
    0.8511279656155275,
    0.8464379982192918,
    0.8429396229215188,
    0.8394283413887024,
    0.834806229808543
  ],
  "metrics": {
    "both": {
      "optimistic": {
        "adjusted_arithmetic_mean_rank": 0.6531722974905066,
        "adjusted_arithmetic_mean_rank_index": 0.34688815471336887,
        "adjusted_geometric_mean_rank_index": 0.7722166031837259,
        "adjusted_hits_at_k": 0.10716317471668246,
        "adjusted_inverse_harmonic_mean_rank": 0.06379082225614437,
        "arithmetic_mean_rank": 3748.047522844533,
        "count": 32174.0,
        "geometric_mean_rank": 930.4860862434813,
        "harmonic_mean_rank": 15.466297238696114,
        "hits_at_1": 0.041057997140548266,
        "hits_at_10": 0.1080064648473923,
        "hits_at_3": 0.07282277615465904,
        "hits_at_5": 0.08693354882824642,
        "inverse_arithmetic_mean_rank": 0.00026680558181425157,
        "inverse_geometric_mean_rank": 0.0010747070964136146,
        "inverse_harmonic_mean_rank": 0.06465671676721926,
        "inverse_median_rank": 0.00036489691662105453,
        "median_absolute_deviation": 3862.920080316346,
        "median_rank": 2740.5,
        "standard_deviation": 3675.3123575727423,
        "variance": 13507920.92572691,
        "z_arithmetic_mean_rank": 105.17214374882707,
        "z_geometric_mean_rank": 138.81392317051342,
        "z_hits_at_k": 625.1948975011778,
        "z_inverse_harmonic_mean_rank": 919.9373893538149
      },
      "pessimistic": {
        "adjusted_arithmetic_mean_rank": 0.6531723354059074,
        "adjusted_arithmetic_mean_rank_index": 0.34688811679135945,
        "adjusted_geometric_mean_rank_index": 0.7722165874213914,
        "adjusted_hits_at_k": 0.10716317471668246,
        "adjusted_inverse_harmonic_mean_rank": 0.0637908222303588,
        "arithmetic_mean_rank": 3748.047740411512,
        "count": 32174.0,
        "geometric_mean_rank": 930.4861505627896,
        "harmonic_mean_rank": 15.466297244858477,
        "hits_at_1": 0.041057997140548266,
        "hits_at_10": 0.1080064648473923,
        "hits_at_3": 0.07282277615465904,
        "hits_at_5": 0.08693354882824642,
        "inverse_arithmetic_mean_rank": 0.0002668055663266995,
        "inverse_geometric_mean_rank": 0.0010747070221251182,
        "inverse_harmonic_mean_rank": 0.06465671674145755,
        "inverse_median_rank": 0.00036489691662105453,
        "median_absolute_deviation": 3862.920080316346,
        "median_rank": 2740.5,
        "standard_deviation": 3675.31238669901,
        "variance": 13507921.139823172,
        "z_arithmetic_mean_rank": 105.17213225134878,
        "z_geometric_mean_rank": 138.81392033707075,
        "z_hits_at_k": 625.1948975011778,
        "z_inverse_harmonic_mean_rank": 919.9373889819573
      },
      "realistic": {
        "adjusted_arithmetic_mean_rank": 0.6531723122298013,
        "adjusted_arithmetic_mean_rank_index": 0.34688813997150514,
        "adjusted_geometric_mean_rank_index": 0.77221648407729,
        "adjusted_hits_at_k": 0.10716317471668246,
        "adjusted_inverse_harmonic_mean_rank": 0.063790820123577,
        "arithmetic_mean_rank": 3748.047607421875,
        "count": 32174.0,
        "geometric_mean_rank": 930.486572265625,
        "harmonic_mean_rank": 15.466297748347976,
        "hits_at_1": 0.041057997140548266,
        "hits_at_10": 0.1080064648473923,
        "hits_at_3": 0.07282277615465904,
        "hits_at_5": 0.08693354882824642,
        "inverse_arithmetic_mean_rank": 0.00026680558221414685,
        "inverse_geometric_mean_rank": 0.0010747065534815192,
        "inverse_harmonic_mean_rank": 0.0646567146366243,
        "inverse_median_rank": 0.00036489692865870893,
        "median_absolute_deviation": 3862.920080316346,
        "median_rank": 2740.5,
        "standard_deviation": 3675.312255859375,
        "variance": 13507920.0,
        "z_arithmetic_mean_rank": 105.17213927927861,
        "z_geometric_mean_rank": 138.8139017598994,
        "z_hits_at_k": 625.1948975011778,
        "z_inverse_harmonic_mean_rank": 919.9373585997286
      }
    },
    "head": {
      "optimistic": {
        "adjusted_arithmetic_mean_rank": 0.6422550567055466,
        "adjusted_arithmetic_mean_rank_index": 0.3578158396108393,
        "adjusted_geometric_mean_rank_index": 0.7338968759982647,
        "adjusted_hits_at_k": 0.09192305674908434,
        "adjusted_inverse_harmonic_mean_rank": 0.0547054591482966,
        "arithmetic_mean_rank": 3241.480574376826,
        "count": 16087.0,
        "geometric_mean_rank": 937.5202073959582,
        "harmonic_mean_rank": 17.94816579991094,
        "hits_at_1": 0.034064772797911355,
        "hits_at_10": 0.09293218126437496,
        "hits_at_3": 0.06328091005159446,
        "hits_at_5": 0.07602411885373282,
        "inverse_arithmetic_mean_rank": 0.00030850100040850925,
        "inverse_geometric_mean_rank": 0.00106664367563616,
        "inverse_harmonic_mean_rank": 0.055715999681982105,
        "inverse_median_rank": 0.0004012841091492777,
        "median_absolute_deviation": 3312.133356141515,
        "median_rank": 2492.0,
        "standard_deviation": 3135.6120881745965,
        "variance": 9832063.167506652,
        "z_arithmetic_mean_rank": 75.23658803949871,
        "z_geometric_mean_rank": 93.31408487284499,
        "z_hits_at_k": 349.5755733296676,
        "z_inverse_harmonic_mean_rank": 514.4458863402746
      },
      "pessimistic": {
        "adjusted_arithmetic_mean_rank": 0.6422551182882928,
        "adjusted_arithmetic_mean_rank_index": 0.3578157780158888,
        "adjusted_geometric_mean_rank_index": 0.7338968465335037,
        "adjusted_hits_at_k": 0.09192305674908434,
        "adjusted_inverse_harmonic_mean_rank": 0.05470545910508732,
        "arithmetic_mean_rank": 3241.480885186797,
        "count": 16087.0,
        "geometric_mean_rank": 937.5203110938919,
        "harmonic_mean_rank": 17.948165813815354,
        "hits_at_1": 0.034064772797911355,
        "hits_at_10": 0.09293218126437496,
        "hits_at_3": 0.06328091005159446,
        "hits_at_5": 0.07602411885373282,
        "inverse_arithmetic_mean_rank": 0.000308500970827836,
        "inverse_geometric_mean_rank": 0.0010666435576560547,
        "inverse_harmonic_mean_rank": 0.055715999638819014,
        "inverse_median_rank": 0.0004012841091492777,
        "median_absolute_deviation": 3312.133356141515,
        "median_rank": 2492.0,
        "standard_deviation": 3135.6120764007433,
        "variance": 9832063.093670182,
        "z_arithmetic_mean_rank": 75.23657508816063,
        "z_geometric_mean_rank": 93.31408112643688,
        "z_hits_at_k": 349.5755733296676,
        "z_inverse_harmonic_mean_rank": 514.4458859339379
      },
      "realistic": {
        "adjusted_arithmetic_mean_rank": 0.6422550841501621,
        "adjusted_arithmetic_mean_rank_index": 0.35781581216078495,
        "adjusted_geometric_mean_rank_index": 0.7338968773505564,
        "adjusted_hits_at_k": 0.09192305674908434,
        "adjusted_inverse_harmonic_mean_rank": 0.05470545894962335,
        "arithmetic_mean_rank": 3241.480712890625,
        "count": 16087.0,
        "geometric_mean_rank": 937.5202026367188,
        "harmonic_mean_rank": 17.94816586384246,
        "hits_at_1": 0.034064772797911355,
        "hits_at_10": 0.09293218126437496,
        "hits_at_3": 0.06328091005159446,
        "hits_at_5": 0.07602411885373282,
        "inverse_arithmetic_mean_rank": 0.0003085009811911732,
        "inverse_geometric_mean_rank": 0.0010666436282917857,