{
  "losses": [
    0.8327686236636473,
    0.7034135626094176,
    0.6400798331392874,
    0.5997922432304609,
    0.5661943738413329,
    0.5365618142751184,
    0.5037441951803642,
    0.46802316868659294,
    0.4313511284861234,
    0.3976508648678808,
    0.3648165829110854,
    0.3393322687928039,
    0.31588137076042666,
    0.29846932415915006,
    0.2828147481868763,
    0.26790690947287155,
    0.2535582707069888,
    0.2446741105011194,
    0.23436908934376027,
    0.2240190097601107,
    0.21567866126499555,
    0.20853824143362518,
    0.20246296566311675,
    0.19343762211870438
  ],
  "metrics": {
    "both": {
      "optimistic": {
        "adjusted_arithmetic_mean_rank": 0.23027653784411842,
        "adjusted_arithmetic_mean_rank_index": 0.7698576252556725,
        "adjusted_geometric_mean_rank_index": 0.980002293299548,
        "adjusted_hits_at_k": 0.3245002966174197,
        "adjusted_inverse_harmonic_mean_rank": 0.23636316439890104,
        "arithmetic_mean_rank": 1321.3778516814818,
        "count": 32174.0,
        "geometric_mean_rank": 82.60204121391897,
        "harmonic_mean_rank": 4.218173238012673,
        "hits_at_1": 0.17989681108969977,
        "hits_at_10": 0.3251383104369988,
        "hits_at_3": 0.2744762851992292,
        "hits_at_5": 0.29825324796419467,
        "inverse_arithmetic_mean_rank": 0.0007567858040964425,
        "inverse_geometric_mean_rank": 0.012106238360505474,
        "inverse_harmonic_mean_rank": 0.23706944773826658,
        "inverse_median_rank": 0.005988023952095809,
        "median_absolute_deviation": 246.11196827192992,
        "median_rank": 167.0,
        "standard_deviation": 2601.235915957283,
        "variance": 6766428.290466125,
        "z_arithmetic_mean_rank": 233.4111895415487,
        "z_geometric_mean_rank": 176.1655505568614,
        "z_hits_at_k": 1893.1496777618993,
        "z_inverse_harmonic_mean_rank": 3408.6300302483987
      },
      "pessimistic": {
        "adjusted_arithmetic_mean_rank": 0.23027675450355134,
        "adjusted_arithmetic_mean_rank_index": 0.7698574085584757,
        "adjusted_geometric_mean_rank_index": 0.9800022760134108,
        "adjusted_hits_at_k": 0.3245002966174197,
        "adjusted_inverse_harmonic_mean_rank": 0.23636316266687937,
        "arithmetic_mean_rank": 1321.379094921365,
        "count": 32174.0,
        "geometric_mean_rank": 82.60211175121125,
        "harmonic_mean_rank": 4.218173268802006,
        "hits_at_1": 0.17989681108969977,
        "hits_at_10": 0.3251383104369988,
        "hits_at_3": 0.2744762851992292,
        "hits_at_5": 0.29825324796419467,
        "inverse_arithmetic_mean_rank": 0.0007567850920628571,
        "inverse_geometric_mean_rank": 0.012106228022497697,
        "inverse_harmonic_mean_rank": 0.23706944600784685,
        "inverse_median_rank": 0.005988023952095809,
        "median_absolute_deviation": 246.11196827192992,
        "median_rank": 167.0,
        "standard_deviation": 2601.2372440366025,
        "variance": 6766435.19976314,
        "z_arithmetic_mean_rank": 233.41112384167275,
        "z_geometric_mean_rank": 176.1655474494994,
        "z_hits_at_k": 1893.1496777618993,
        "z_inverse_harmonic_mean_rank": 3408.6300052706442
      },
      "realistic": {
        "adjusted_arithmetic_mean_rank": 0.23027665780420423,
        "adjusted_arithmetic_mean_rank_index": 0.7698575052746776,
        "adjusted_geometric_mean_rank_index": 0.9800022834761877,
        "adjusted_hits_at_k": 0.3245002966174197,
        "adjusted_inverse_harmonic_mean_rank": 0.23636317201205326,
        "arithmetic_mean_rank": 1321.3785400390625,
        "count": 32174.0,
        "geometric_mean_rank": 82.60208129882812,
        "harmonic_mean_rank": 4.218173102677257,
        "hits_at_1": 0.17989681108969977,
        "hits_at_10": 0.3251383104369988,
        "hits_at_3": 0.2744762851992292,
        "hits_at_5": 0.29825324796419467,
        "inverse_arithmetic_mean_rank": 0.0007567853899672627,
        "inverse_geometric_mean_rank": 0.012106232345104218,
        "inverse_harmonic_mean_rank": 0.23706945534437743,
        "inverse_median_rank": 0.005988024175167084,
        "median_absolute_deviation": 246.11196827192992,
        "median_rank": 167.0,
        "standard_deviation": 2601.236572265625,
        "variance": 6766431.5,
        "z_arithmetic_mean_rank": 233.4111531648138,
        "z_geometric_mean_rank": 176.16554879101074,
        "z_hits_at_k": 1893.1496777618993,
        "z_inverse_harmonic_mean_rank": 3408.6301400388534
      }
    },
    "head": {
      "optimistic": {
        "adjusted_arithmetic_mean_rank": 0.34709922633903906,
        "adjusted_arithmetic_mean_rank_index": 0.6530301626591443,
        "adjusted_geometric_mean_rank_index": 0.86631301873736,
        "adjusted_hits_at_k": 0.036226177348757486,
        "adjusted_inverse_harmonic_mean_rank": 0.021657719485289835,
        "arithmetic_mean_rank": 1751.8202275128986,
        "count": 16087.0,
        "geometric_mean_rank": 471.4963907804805,
        "harmonic_mean_rank": 44.04589996311606,
        "hits_at_1": 0.010132405047553925,
        "hits_at_10": 0.03729719649406353,
        "hits_at_3": 0.01951886616522658,
        "hits_at_5": 0.02511344563933611,
        "inverse_arithmetic_mean_rank": 0.0005708348289936828,
        "inverse_geometric_mean_rank": 0.002120907009160077,
        "inverse_harmonic_mean_rank": 0.02270358877528664,
        "inverse_median_rank": 0.00202020202020202,
        "median_absolute_deviation": 584.1452740912072,
        "median_rank": 495.0,
        "standard_deviation": 2796.2917449233187,
        "variance": 7819247.522726298,
        "z_arithmetic_mean_rank": 137.31019112733696,
        "z_geometric_mean_rank": 110.15063451108041,
        "z_hits_at_k": 137.7650740096854,
        "z_inverse_harmonic_mean_rank": 203.66751088800416
      },
      "pessimistic": {
        "adjusted_arithmetic_mean_rank": 0.3470995342527699,
        "adjusted_arithmetic_mean_rank_index": 0.6530298546843925,
        "adjusted_geometric_mean_rank_index": 0.8663128561791013,
        "adjusted_hits_at_k": 0.036226177348757486,
        "adjusted_inverse_harmonic_mean_rank": 0.021657716818694096,
        "arithmetic_mean_rank": 1751.8217815627524,
        "count": 16087.0,
        "geometric_mean_rank": 471.49696288610613,
        "harmonic_mean_rank": 44.04590513089216,
        "hits_at_1": 0.010132405047553925,
        "hits_at_10": 0.03729719649406353,
        "hits_at_3": 0.01951886616522658,
        "hits_at_5": 0.02511344563933611,
        "inverse_arithmetic_mean_rank": 0.0005708343226032543,
        "inverse_geometric_mean_rank": 0.002120904435691048,
        "inverse_harmonic_mean_rank": 0.02270358611154155,
        "inverse_median_rank": 0.00202020202020202,
        "median_absolute_deviation": 584.1452740912072,
        "median_rank": 495.0,
        "standard_deviation": 2796.2927652199205,
        "variance": 7819253.228821268,
        "z_arithmetic_mean_rank": 137.3101263706466,
        "z_geometric_mean_rank": 110.1506138419978,
        "z_hits_at_k": 137.7650740096854,
        "z_inverse_harmonic_mean_rank": 203.66748581154508
      },
      "realistic": {
        "adjusted_arithmetic_mean_rank": 0.3470993641108883,
        "adjusted_arithmetic_mean_rank_index": 0.6530300248599921,
        "adjusted_geometric_mean_rank_index": 0.8663129643953108,
        "adjusted_hits_at_k": 0.036226177348757486,
        "adjusted_inverse_harmonic_mean_rank": 0.02165771776482269,
        "arithmetic_mean_rank": 1751.8209228515625,
        "count": 16087.0,
        "geometric_mean_rank": 471.49658203125,
        "harmonic_mean_rank": 44.045903297325474,
        "hits_at_1": 0.010132405047553925,
        "hits_at_10": 0.03729719649406353,
        "hits_at_3": 0.01951886616522658,
        "hits_at_5": 0.02511344563933611,
        "inverse_arithmetic_mean_rank": 0.0005708346143364906,
        "inverse_geometric_mean_rank": 0.0021209062542766333,