{
  "losses": [
    1.0038422547697732,
    1.0000770432815644,
    1.0000769494513815,
    1.0000782532123464,
    1.0000047059389796,
    0.996178959045387,
    0.9317494091326303,
    0.8687807992281995,
    0.8612821974458486,
    0.8583717379546804,
    0.8551890160480555,
    0.8120785325838121,
    0.6598842658845757,
    0.5440315290596653,
    0.40844922115767957,
    0.34608388298764425
  ],
  "metrics": {
    "both": {
      "optimistic": {
        "adjusted_arithmetic_mean_rank": 0.03171838303123583,
        "adjusted_arithmetic_mean_rank_index": 0.9682982825740564,
        "adjusted_geometric_mean_rank_index": 0.9999427685796166,
        "adjusted_hits_at_k": 0.8800110328668111,
        "adjusted_inverse_harmonic_mean_rank": 0.6226836602918538,
        "arithmetic_mean_rank": 1842.888708617432,
        "count": 48692.0,
        "geometric_mean_rank": 3.4466615523300694,
        "harmonic_mean_rank": 1.6058493888962242,
        "hits_at_1": 0.4272570442783209,
        "hits_at_10": 0.880021358744763,
        "hits_at_3": 0.8142610695802185,
        "hits_at_5": 0.8544114022837427,
        "inverse_arithmetic_mean_rank": 0.0005426263644266494,
        "inverse_geometric_mean_rank": 0.2901358270364444,
        "inverse_harmonic_mean_rank": 0.6227234053919259,
        "inverse_median_rank": 0.5,
        "median_absolute_deviation": 1.482602218505602,
        "median_rank": 2.0,
        "standard_deviation": 10735.504040535408,
        "variance": 115251047.00435208,
        "z_arithmetic_mean_rank": 370.07935445668625,
        "z_geometric_mean_rank": 220.72161924473735,
        "z_hits_at_k": 20931.74327662754,
        "z_inverse_harmonic_mean_rank": 36530.435801200896
      },
      "pessimistic": {
        "adjusted_arithmetic_mean_rank": 0.03171838479859298,
        "adjusted_arithmetic_mean_rank_index": 0.9682982808066688,
        "adjusted_geometric_mean_rank_index": 0.9999427685790443,
        "adjusted_hits_at_k": 0.8800110328668111,
        "adjusted_inverse_harmonic_mean_rank": 0.6226836602909198,
        "arithmetic_mean_rank": 1842.8888113037049,
        "count": 48692.0,
        "geometric_mean_rank": 3.446661576800554,
        "harmonic_mean_rank": 1.6058493888986327,
        "hits_at_1": 0.4272570442783209,
        "hits_at_10": 0.880021358744763,
        "hits_at_3": 0.8142610695802185,
        "hits_at_5": 0.8544114022837427,
        "inverse_arithmetic_mean_rank": 0.0005426263341913588,
        "inverse_geometric_mean_rank": 0.29013582497654844,
        "inverse_harmonic_mean_rank": 0.622723405390992,
        "inverse_median_rank": 0.5,
        "median_absolute_deviation": 1.482602218505602,
        "median_rank": 2.0,
        "standard_deviation": 10735.504340811085,
        "variance": 115251053.45157364,
        "z_arithmetic_mean_rank": 370.0793537811985,
        "z_geometric_mean_rank": 220.72161924461102,
        "z_hits_at_k": 20931.74327662754,
        "z_inverse_harmonic_mean_rank": 36530.4358011461
      },
      "realistic": {
        "adjusted_arithmetic_mean_rank": 0.03171838239885335,
        "adjusted_arithmetic_mean_rank_index": 0.9682982832064497,
        "adjusted_geometric_mean_rank_index": 0.9999427685814882,
        "adjusted_hits_at_k": 0.8800110328668111,
        "adjusted_inverse_harmonic_mean_rank": 0.6226836681411227,
        "arithmetic_mean_rank": 1842.888671875,
        "count": 48692.0,
        "geometric_mean_rank": 3.4466614723205566,
        "harmonic_mean_rank": 1.6058493686570368,
        "hits_at_1": 0.4272570442783209,
        "hits_at_10": 0.880021358744763,
        "hits_at_3": 0.8142610695802185,
        "hits_at_5": 0.8544114022837427,
        "inverse_arithmetic_mean_rank": 0.0005426263669505715,
        "inverse_geometric_mean_rank": 0.29013583064079285,
        "inverse_harmonic_mean_rank": 0.6227234132403681,
        "inverse_median_rank": 0.5,
        "median_absolute_deviation": 1.482602218505602,
        "median_rank": 2.0,
        "standard_deviation": 10735.50390625,
        "variance": 115251040.0,
        "z_arithmetic_mean_rank": 370.07935469838424,
        "z_geometric_mean_rank": 220.7216192451505,
        "z_hits_at_k": 20931.74327662754,
        "z_inverse_harmonic_mean_rank": 36530.436261687064
      }
    },
    "head": {
      "optimistic": {
        "adjusted_arithmetic_mean_rank": 0.03172172748561623,
        "adjusted_arithmetic_mean_rank_index": 0.9682949380715352,
        "adjusted_geometric_mean_rank_index": 0.9999438174682305,
        "adjusted_hits_at_k": 0.8806682815683412,
        "adjusted_inverse_harmonic_mean_rank": 0.6307857240516234,
        "arithmetic_mean_rank": 1843.0819847202827,
        "count": 24346.0,
        "geometric_mean_rank": 3.4018445168686613,
        "harmonic_mean_rank": 1.5852266621552138,
        "hits_at_1": 0.4413866754292286,
        "hits_at_10": 0.8806785508913169,
        "hits_at_3": 0.8162737205290397,
        "hits_at_5": 0.8553766532489937,
        "inverse_arithmetic_mean_rank": 0.0005425694615271095,
        "inverse_geometric_mean_rank": 0.2939581732913774,
        "inverse_harmonic_mean_rank": 0.6308246157306224,
        "inverse_median_rank": 0.5,
        "median_absolute_deviation": 1.482602218505602,
        "median_rank": 2.0,
        "standard_deviation": 10734.718359741617,
        "variance": 115234178.26297376,
        "z_arithmetic_mean_rank": 261.6847172447243,
        "z_geometric_mean_rank": 156.07734124643383,
        "z_hits_at_k": 14812.027744792606,
        "z_inverse_harmonic_mean_rank": 26167.011116685717
      },
      "pessimistic": {
        "adjusted_arithmetic_mean_rank": 0.03172173031338927,
        "adjusted_arithmetic_mean_rank_index": 0.9682949352437135,
        "adjusted_geometric_mean_rank_index": 0.9999438174671405,
        "adjusted_hits_at_k": 0.8806682815683412,
        "adjusted_inverse_harmonic_mean_rank": 0.6307857240497615,
        "arithmetic_mean_rank": 1843.0821490183193,
        "count": 24346.0,
        "geometric_mean_rank": 3.4018445634649126,
        "harmonic_mean_rank": 1.585226662159892,
        "hits_at_1": 0.4413866754292286,
        "hits_at_10": 0.8806785508913169,
        "hits_at_3": 0.8162737205290397,
        "hits_at_5": 0.8553766532489937,
        "inverse_arithmetic_mean_rank": 0.0005425694131607915,
        "inverse_geometric_mean_rank": 0.2939581692649298,
        "inverse_harmonic_mean_rank": 0.6308246157287608,
        "inverse_median_rank": 0.5,
        "median_absolute_deviation": 1.482602218505602,
        "median_rank": 2.0,
        "standard_deviation": 10734.718654420863,
        "variance": 115234184.58957127,
        "z_arithmetic_mean_rank": 261.6847164804967,
        "z_geometric_mean_rank": 156.07734124626373,
        "z_hits_at_k": 14812.027744792606,
        "z_inverse_harmonic_mean_rank": 26167.011116608483
      },
      "realistic": {
        "adjusted_arithmetic_mean_rank": 0.031721726185468875,
        "adjusted_arithmetic_mean_rank_index": 0.968294939371705,
        "adjusted_geometric_mean_rank_index": 0.9999438174685901,
        "adjusted_hits_at_k": 0.8806682815683412,
        "adjusted_inverse_harmonic_mean_rank": 0.6307857464826095,
        "arithmetic_mean_rank": 1843.0819091796875,
        "count": 24346.0,
        "geometric_mean_rank": 3.4018445014953613,
        "harmonic_mean_rank": 1.5852266057933508,
        "hits_at_1": 0.4413866754292286,
        "hits_at_10": 0.8806785508913169,
        "hits_at_3": 0.8162737205290397,
        "hits_at_5": 0.8553766532489937,
        "inverse_arithmetic_mean_rank": 0.0005425694980658591,
        "inverse_geometric_mean_rank": 0.2939581871032715,
        "inverse_harmonic_mean_rank": 0.6308246381592458,
        "inverse_median_rank": 0.5,
        "median_absolute_deviation": 1.482602218505602,
        "median_rank": 2.0,
        "standard_deviation": 10734.7177734375,
        "variance": 115234176.0,
        "z_arithmetic_mean_rank": 261.68471759609923,