{
  "losses": [
    0.6830816527404407,
    0.5179905261143599,
    0.39725817790125856,
    0.2919342642963523,
    0.23372396770680304,
    0.19929800145696885,
    0.18258054105952234,
    0.16984800208028,
    0.1595116673719765,
    0.153693223619225,
    0.15087604406151442,
    0.14716738789978595,
    0.1446222532208603,
    0.14113537503941223,
    0.13791013103310423,
    0.13683109554913964,
    0.1348542243242264,
    0.13340805988795687,
    0.13272561155038304,
    0.13192533288556751
  ],
  "metrics": {
    "both": {
      "optimistic": {
        "adjusted_arithmetic_mean_rank": 0.07219535914573916,
        "adjusted_arithmetic_mean_rank_index": 0.9279663575651803,
        "adjusted_geometric_mean_rank_index": 0.9913302476702086,
        "adjusted_hits_at_k": 0.3734680363643078,
        "adjusted_inverse_harmonic_mean_rank": 0.2786711207447745,
        "arithmetic_mean_rank": 414.2729843973395,
        "count": 32174.0,
        "geometric_mean_rank": 36.377530910287575,
        "harmonic_mean_rank": 3.5798889524290454,
        "hits_at_1": 0.21616833468017654,
        "hits_at_10": 0.37405979983837884,
        "hits_at_3": 0.3167464412258345,
        "hits_at_5": 0.3412693479206813,
        "inverse_arithmetic_mean_rank": 0.002413867275112671,
        "inverse_geometric_mean_rank": 0.027489496262573437,
        "inverse_harmonic_mean_rank": 0.2793382736974214,
        "inverse_median_rank": 0.015873015873015872,
        "median_absolute_deviation": 91.92133754734732,
        "median_rank": 63.0,
        "standard_deviation": 1117.7728813650942,
        "variance": 1249416.214315225,
        "z_arithmetic_mean_rank": 281.34777687224175,
        "z_geometric_mean_rank": 178.20186754513242,
        "z_hits_at_k": 2178.829727021902,
        "z_inverse_harmonic_mean_rank": 4018.7596622734695
      },
      "pessimistic": {
        "adjusted_arithmetic_mean_rank": 0.0721954187270832,
        "adjusted_arithmetic_mean_rank_index": 0.9279662979734512,
        "adjusted_geometric_mean_rank_index": 0.9913302238869298,
        "adjusted_hits_at_k": 0.3734680363643078,
        "adjusted_inverse_harmonic_mean_rank": 0.2786709209808755,
        "arithmetic_mean_rank": 414.2733262883073,
        "count": 32174.0,
        "geometric_mean_rank": 36.37762795962052,
        "harmonic_mean_rank": 3.5798915101582613,
        "hits_at_1": 0.21616833468017654,
        "hits_at_10": 0.37405979983837884,
        "hits_at_3": 0.3167464412258345,
        "hits_at_5": 0.3412693479206813,
        "inverse_arithmetic_mean_rank": 0.002413865282999333,
        "inverse_geometric_mean_rank": 0.027489422925266283,
        "inverse_harmonic_mean_rank": 0.2793380741182829,
        "inverse_median_rank": 0.015873015873015872,
        "median_absolute_deviation": 91.92133754734732,
        "median_rank": 63.0,
        "standard_deviation": 1117.7740548825834,
        "variance": 1249418.8377686525,
        "z_arithmetic_mean_rank": 281.3477588047759,
        "z_geometric_mean_rank": 178.201863269842,
        "z_hits_at_k": 2178.829727021902,
        "z_inverse_harmonic_mean_rank": 4018.756781447149
      },
      "realistic": {
        "adjusted_arithmetic_mean_rank": 0.0721953849249586,
        "adjusted_arithmetic_mean_rank_index": 0.9279663317814676,
        "adjusted_geometric_mean_rank_index": 0.9913302350151723,
        "adjusted_hits_at_k": 0.3734680363643078,
        "adjusted_inverse_harmonic_mean_rank": 0.2786710013862038,
        "arithmetic_mean_rank": 414.27313232421875,
        "count": 32174.0,
        "geometric_mean_rank": 36.37758255004883,
        "harmonic_mean_rank": 3.579890480667217,
        "hits_at_1": 0.21616833468017654,
        "hits_at_10": 0.37405979983837884,
        "hits_at_3": 0.3167464412258345,
        "hits_at_5": 0.3412693479206813,
        "inverse_arithmetic_mean_rank": 0.0024138663429766893,
        "inverse_geometric_mean_rank": 0.02748945727944374,
        "inverse_harmonic_mean_rank": 0.27933815444924476,
        "inverse_median_rank": 0.01587301678955555,
        "median_absolute_deviation": 91.92133754734732,
        "median_rank": 63.0,
        "standard_deviation": 1117.7734375,
        "variance": 1249417.5,
        "z_arithmetic_mean_rank": 281.347769054943,
        "z_geometric_mean_rank": 178.2018652702587,
        "z_hits_at_k": 2178.829727021902,
        "z_inverse_harmonic_mean_rank": 4018.7579409849195
      }
    },
    "head": {
      "optimistic": {
        "adjusted_arithmetic_mean_rank": 0.1275196018650827,
        "adjusted_arithmetic_mean_rank_index": 0.8726533024554562,
        "adjusted_geometric_mean_rank_index": 0.9369194115531255,
        "adjusted_hits_at_k": 0.05433544204763471,
        "adjusted_inverse_harmonic_mean_rank": 0.029841187927262435,
        "arithmetic_mean_rank": 643.5952632560452,
        "count": 16087.0,
        "geometric_mean_rank": 223.00508166353083,
        "harmonic_mean_rank": 32.385193207847266,
        "hits_at_1": 0.012308074843040966,
        "hits_at_10": 0.05538633679368434,
        "hits_at_3": 0.02585938956921738,
        "hits_at_5": 0.03605395661092808,
        "inverse_arithmetic_mean_rank": 0.001553771534832077,
        "inverse_geometric_mean_rank": 0.004484202747939152,
        "inverse_harmonic_mean_rank": 0.03087830891055761,
        "inverse_median_rank": 0.0035971223021582736,
        "median_absolute_deviation": 326.1724880712324,
        "median_rank": 278.0,
        "standard_deviation": 1277.6046440569014,
        "variance": 1632273.6265157615,
        "z_arithmetic_mean_rank": 183.4895210048727,
        "z_geometric_mean_rank": 119.12815049084777,
        "z_hits_at_k": 206.6330687606517,
        "z_inverse_harmonic_mean_rank": 280.6242121297549
      },
      "pessimistic": {
        "adjusted_arithmetic_mean_rank": 0.12751968808092737,
        "adjusted_arithmetic_mean_rank_index": 0.8726532162225258,
        "adjusted_geometric_mean_rank_index": 0.93691939202707,
        "adjusted_hits_at_k": 0.05433544204763471,
        "adjusted_inverse_harmonic_mean_rank": 0.029841187259539617,
        "arithmetic_mean_rank": 643.5956983900044,
        "count": 16087.0,
        "geometric_mean_rank": 223.0051503833012,
        "harmonic_mean_rank": 32.38519390740682,
        "hits_at_1": 0.012308074843040966,
        "hits_at_10": 0.05538633679368434,
        "hits_at_3": 0.02585938956921738,
        "hits_at_5": 0.03605395661092808,
        "inverse_arithmetic_mean_rank": 0.0015537704843297797,
        "inverse_geometric_mean_rank": 0.00448420136611733,
        "inverse_harmonic_mean_rank": 0.0308783082435486,
        "inverse_median_rank": 0.0035971223021582736,
        "median_absolute_deviation": 326.1724880712324,
        "median_rank": 278.0,
        "standard_deviation": 1277.6060563841268,
        "variance": 1632277.2353094006,
        "z_arithmetic_mean_rank": 183.4895028729994,
        "z_geometric_mean_rank": 119.12814800813383,
        "z_hits_at_k": 206.6330687606517,
        "z_inverse_harmonic_mean_rank": 280.6242058505414
      },
      "realistic": {
        "adjusted_arithmetic_mean_rank": 0.12751964064597518,
        "adjusted_arithmetic_mean_rank_index": 0.8726532636668785,
        "adjusted_geometric_mean_rank_index": 0.9369193813419799,
        "adjusted_hits_at_k": 0.05433544204763471,
        "adjusted_inverse_harmonic_mean_rank": 0.029841187548981133,
        "arithmetic_mean_rank": 643.595458984375,
        "count": 16087.0,
        "geometric_mean_rank": 223.00518798828125,
        "harmonic_mean_rank": 32.385193604164854,
        "hits_at_1": 0.012308074843040966,
        "hits_at_10": 0.05538633679368434,
        "hits_at_3": 0.02585938956921738,
        "hits_at_5": 0.03605395661092808,
        "inverse_arithmetic_mean_rank": 0.001553771086037159,
        "inverse_geometric_mean_rank": 0.00448420038446784,
        "inverse_harmonic_mean_rank": 0.0308783085326807,
        "inverse_median_rank": 0.003597122384235263,