{
  "losses": [
    0.9329124198197738,
    0.6819182883068883,
    0.5015075324950717,
    0.3570880259765616,
    0.24771153658555953,
    0.17227837082605874,
    0.12170206071976618,
    0.0883386141718014,
    0.06537571593829025,
    0.048832276700078135,
    0.037735763329949115,
    0.029391831573361754,
    0.023141737604726768,
    0.01906710727833701,
    0.01527200159990657,
    0.012957132994729817,
    0.010774292832143024,
    0.009310766111905268,
    0.008174742694089864,
    0.007213190780870997
  ],
  "metrics": {
    "both": {
      "optimistic": {
        "adjusted_arithmetic_mean_rank": 0.07344548032972203,
        "adjusted_arithmetic_mean_rank_index": 0.9265704670885041,
        "adjusted_geometric_mean_rank_index": 0.999766463835328,
        "adjusted_hits_at_k": 0.6663846639602219,
        "adjusted_inverse_harmonic_mean_rank": 0.4744216860873983,
        "arithmetic_mean_rank": 4267.299700156083,
        "count": 48692.0,
        "geometric_mean_rank": 10.983745840199791,
        "harmonic_mean_rank": 2.107583502828571,
        "hits_at_1": 0.371046578493387,
        "hits_at_10": 0.6664133738601824,
        "hits_at_3": 0.5373778033352501,
        "hits_at_5": 0.5995646102029081,
        "inverse_arithmetic_mean_rank": 0.0002343402315903482,
        "inverse_geometric_mean_rank": 0.09104362159765801,
        "inverse_harmonic_mean_rank": 0.474477048552481,
        "inverse_median_rank": 0.3333333333333333,
        "median_absolute_deviation": 2.965204437011204,
        "median_rank": 3.0,
        "standard_deviation": 17054.108702103775,
        "variance": 290842623.6231717,
        "z_arithmetic_mean_rank": 354.131166490547,
        "z_geometric_mean_rank": 220.68270274885109,
        "z_hits_at_k": 15850.474810590451,
        "z_inverse_harmonic_mean_rank": 27832.480682390436
      },
      "pessimistic": {
        "adjusted_arithmetic_mean_rank": 0.07344554112680798,
        "adjusted_arithmetic_mean_rank_index": 0.9265704062903718,
        "adjusted_geometric_mean_rank_index": 0.999766463666628,
        "adjusted_hits_at_k": 0.6663846639602219,
        "adjusted_inverse_harmonic_mean_rank": 0.47442168129284407,
        "arithmetic_mean_rank": 4267.303232563871,
        "count": 48692.0,
        "geometric_mean_rank": 10.983753052173252,
        "harmonic_mean_rank": 2.107583524123298,
        "hits_at_1": 0.371046578493387,
        "hits_at_10": 0.6664133738601824,
        "hits_at_3": 0.5373778033352501,
        "hits_at_5": 0.5995646102029081,
        "inverse_arithmetic_mean_rank": 0.0002343400376071195,
        "inverse_geometric_mean_rank": 0.0910435618180745,
        "inverse_harmonic_mean_rank": 0.4744770437584318,
        "inverse_median_rank": 0.3333333333333333,
        "median_absolute_deviation": 2.965204437011204,
        "median_rank": 3.0,
        "standard_deviation": 17054.11726566571,
        "variance": 290842915.7110773,
        "z_arithmetic_mean_rank": 354.1311432537676,
        "z_geometric_mean_rank": 220.68270271161325,
        "z_hits_at_k": 15850.474810590451,
        "z_inverse_harmonic_mean_rank": 27832.48040111253
      },
      "realistic": {
        "adjusted_arithmetic_mean_rank": 0.07344551574452167,
        "adjusted_arithmetic_mean_rank_index": 0.9265704316730949,
        "adjusted_geometric_mean_rank_index": 0.9997664637299926,
        "adjusted_hits_at_k": 0.6663846639602219,
        "adjusted_inverse_harmonic_mean_rank": 0.47442168362282405,
        "arithmetic_mean_rank": 4267.3017578125,
        "count": 48692.0,
        "geometric_mean_rank": 10.983750343322754,
        "harmonic_mean_rank": 2.1075835137748307,
        "hits_at_1": 0.371046578493387,
        "hits_at_10": 0.6664133738601824,
        "hits_at_3": 0.5373778033352501,
        "hits_at_5": 0.5995646102029081,
        "inverse_arithmetic_mean_rank": 0.00023434011382050812,
        "inverse_geometric_mean_rank": 0.09104358404874802,
        "inverse_harmonic_mean_rank": 0.4744770460881664,
        "inverse_median_rank": 0.3333333432674408,
        "median_absolute_deviation": 2.965204437011204,
        "median_rank": 3.0,
        "standard_deviation": 17054.111328125,
        "variance": 290842720.0,
        "z_arithmetic_mean_rank": 354.131152954933,
        "z_geometric_mean_rank": 220.68270272559997,
        "z_hits_at_k": 15850.474810590451,
        "z_inverse_harmonic_mean_rank": 27832.48053780342
      }
    },
    "head": {
      "optimistic": {
        "adjusted_arithmetic_mean_rank": 0.07365368165046078,
        "adjusted_arithmetic_mean_rank_index": 0.9263622621933171,
        "adjusted_geometric_mean_rank_index": 0.9997557867465228,
        "adjusted_hits_at_k": 0.6586825306545083,
        "adjusted_inverse_harmonic_mean_rank": 0.46819159840896596,
        "arithmetic_mean_rank": 4279.394109915386,
        "count": 24346.0,
        "geometric_mean_rank": 11.440296037512022,
        "harmonic_mean_rank": 2.1356221865488894,
        "hits_at_1": 0.3651934609381418,
        "hits_at_10": 0.6587119033927544,
        "hits_at_3": 0.5306826583422328,
        "hits_at_5": 0.59188367699006,
        "inverse_arithmetic_mean_rank": 0.00023367793998757745,
        "inverse_geometric_mean_rank": 0.0874103254602033,
        "inverse_harmonic_mean_rank": 0.4682476171574029,
        "inverse_median_rank": 0.3333333333333333,
        "median_absolute_deviation": 2.965204437011204,
        "median_rank": 3.0,
        "standard_deviation": 16992.465945857213,
        "variance": 288743898.92111707,
        "z_arithmetic_mean_rank": 250.35228122852413,
        "z_geometric_mean_rank": 156.04799226241684,
        "z_hits_at_k": 11078.43228064263,
        "z_inverse_harmonic_mean_rank": 19422.086285680798
      },
      "pessimistic": {
        "adjusted_arithmetic_mean_rank": 0.07365374032675134,
        "adjusted_arithmetic_mean_rank_index": 0.9263622035160166,
        "adjusted_geometric_mean_rank_index": 0.9997557866754232,
        "adjusted_hits_at_k": 0.6586825306545083,
        "adjusted_inverse_harmonic_mean_rank": 0.4681915981967755,
        "arithmetic_mean_rank": 4279.397519099647,
        "count": 24346.0,
        "geometric_mean_rank": 11.440299077070918,
        "harmonic_mean_rank": 2.135622187516563,
        "hits_at_1": 0.3651934609381418,
        "hits_at_10": 0.6587119033927544,
        "hits_at_3": 0.5306826583422328,
        "hits_at_5": 0.59188367699006,
        "inverse_arithmetic_mean_rank": 0.00023367775382792492,
        "inverse_geometric_mean_rank": 0.08741030223626216,
        "inverse_harmonic_mean_rank": 0.4682476169452348,
        "inverse_median_rank": 0.3333333333333333,
        "median_absolute_deviation": 2.965204437011204,
        "median_rank": 3.0,
        "standard_deviation": 16992.476033101048,
        "variance": 288744241.7355135,
        "z_arithmetic_mean_rank": 250.35226537080126,
        "z_geometric_mean_rank": 156.0479922513192,
        "z_hits_at_k": 11078.43228064263,
        "z_inverse_harmonic_mean_rank": 19422.08627687846
      },
      "realistic": {
        "adjusted_arithmetic_mean_rank": 0.07365370571000433,
        "adjusted_arithmetic_mean_rank_index": 0.9263622381333594,
        "adjusted_geometric_mean_rank_index": 0.9997557867656591,
        "adjusted_hits_at_k": 0.6586825306545083,
        "adjusted_inverse_harmonic_mean_rank": 0.4681915806371674,
        "arithmetic_mean_rank": 4279.3955078125,
        "count": 24346.0,
        "geometric_mean_rank": 11.440295219421387,
        "harmonic_mean_rank": 2.1356222675954326,
        "hits_at_1": 0.3651934609381418,
        "hits_at_10": 0.6587119033927544,
        "hits_at_3": 0.5306826583422328,
        "hits_at_5": 0.59188367699006,
        "inverse_arithmetic_mean_rank": 0.00023367787071038038,
        "inverse_geometric_mean_rank": 0.0874103307723999,
        "inverse_harmonic_mean_rank": 0.4682475993874764,
        "inverse_median_rank": 0.3333333432674408,