{
  "losses": [
    0.9075785607027022,
    0.6425206304466637,
    0.4422280287002995,
    0.29016828939427425,
    0.1890427786177092,
    0.12566606418531018,
    0.08503713715739929,
    0.057075132690642,
    0.040134775533891505,
    0.028277776792074424,
    0.02023672116886362,
    0.014906592533409306,
    0.011461663338040747,
    0.009323094510348682,
    0.0072544324622487244,
    0.006104901210357346,
    0.005144806899959697,
    0.004388709528226668,
    0.003999051910999555,
    0.003319699321040734
  ],
  "metrics": {
    "both": {
      "optimistic": {
        "adjusted_arithmetic_mean_rank": 0.06743586123004544,
        "adjusted_arithmetic_mean_rank_index": 0.9325801896229027,
        "adjusted_geometric_mean_rank_index": 0.9999013506214391,
        "adjusted_hits_at_k": 0.8170589301172009,
        "adjusted_inverse_harmonic_mean_rank": 0.6046733157812703,
        "arithmetic_mean_rank": 3918.131233056765,
        "count": 48692.0,
        "geometric_mean_rank": 5.217292530385084,
        "harmonic_mean_rank": 1.6536716790792827,
        "hits_at_1": 0.4848845806292615,
        "hits_at_10": 0.8170746734576522,
        "hits_at_3": 0.696254004764643,
        "hits_at_5": 0.7634313644951943,
        "inverse_arithmetic_mean_rank": 0.0002552237126625902,
        "inverse_geometric_mean_rank": 0.1916702953066331,
        "inverse_harmonic_mean_rank": 0.6047149580240568,
        "inverse_median_rank": 0.5,
        "median_absolute_deviation": 1.482602218505602,
        "median_rank": 2.0,
        "standard_deviation": 16768.829538411388,
        "variance": 281193644.08829826,
        "z_arithmetic_mean_rank": 356.42805607097847,
        "z_geometric_mean_rank": 220.71247688271222,
        "z_hits_at_k": 19434.378807018496,
        "z_inverse_harmonic_mean_rank": 35473.838726543414
      },
      "pessimistic": {
        "adjusted_arithmetic_mean_rank": 0.06743591990630282,
        "adjusted_arithmetic_mean_rank_index": 0.9325801309456354,
        "adjusted_geometric_mean_rank_index": 0.9999013505839441,
        "adjusted_hits_at_k": 0.8170589301172009,
        "adjusted_inverse_harmonic_mean_rank": 0.6046733151888162,
        "arithmetic_mean_rank": 3918.134642241025,
        "count": 48692.0,
        "geometric_mean_rank": 5.217294133305911,
        "harmonic_mean_rank": 1.6536716806992549,
        "hits_at_1": 0.4848845806292615,
        "hits_at_10": 0.8170746734576522,
        "hits_at_3": 0.696254004764643,
        "hits_at_5": 0.7634313644951943,
        "inverse_arithmetic_mean_rank": 0.00025522349059144063,
        "inverse_geometric_mean_rank": 0.19167023641934391,
        "inverse_harmonic_mean_rank": 0.6047149574316651,
        "inverse_median_rank": 0.5,
        "median_absolute_deviation": 1.482602218505602,
        "median_rank": 2.0,
        "standard_deviation": 16768.839577437346,
        "variance": 281193980.77382904,
        "z_arithmetic_mean_rank": 356.42803364478436,
        "z_geometric_mean_rank": 220.71247687443582,
        "z_hits_at_k": 19434.378807018496,
        "z_inverse_harmonic_mean_rank": 35473.83869178643
      },
      "realistic": {
        "adjusted_arithmetic_mean_rank": 0.06743588841420761,
        "adjusted_arithmetic_mean_rank_index": 0.9325801624382727,
        "adjusted_geometric_mean_rank_index": 0.9999013506043142,
        "adjusted_hits_at_k": 0.8170589301172009,
        "adjusted_inverse_harmonic_mean_rank": 0.6046732862202747,
        "arithmetic_mean_rank": 3918.1328125,
        "count": 48692.0,
        "geometric_mean_rank": 5.2172932624816895,
        "harmonic_mean_rank": 1.6536717599091573,
        "hits_at_1": 0.4848845806292615,
        "hits_at_10": 0.8170746734576522,
        "hits_at_3": 0.696254004764643,
        "hits_at_5": 0.7634313644951943,
        "inverse_arithmetic_mean_rank": 0.00025522359646856785,
        "inverse_geometric_mean_rank": 0.1916702687740326,
        "inverse_harmonic_mean_rank": 0.6047149284661751,
        "inverse_median_rank": 0.5,
        "median_absolute_deviation": 1.482602218505602,
        "median_rank": 2.0,
        "standard_deviation": 16768.833984375,
        "variance": 281193824.0,
        "z_arithmetic_mean_rank": 356.4280456811321,
        "z_geometric_mean_rank": 220.71247687893216,
        "z_hits_at_k": 19434.378807018496,
        "z_inverse_harmonic_mean_rank": 35473.836992314435
      }
    },
    "head": {
      "optimistic": {
        "adjusted_arithmetic_mean_rank": 0.06686188051738329,
        "adjusted_arithmetic_mean_rank_index": 0.93315418022373,
        "adjusted_geometric_mean_rank_index": 0.9999004864892869,
        "adjusted_hits_at_k": 0.8146969425661917,
        "adjusted_inverse_harmonic_mean_rank": 0.6044702721826343,
        "arithmetic_mean_rank": 3884.7798406309043,
        "count": 24346.0,
        "geometric_mean_rank": 5.254275706923098,
        "harmonic_mean_rank": 1.6542270561107566,
        "hits_at_1": 0.48632218844984804,
        "hits_at_10": 0.8147128891809743,
        "hits_at_3": 0.6932555655959911,
        "hits_at_5": 0.7609874312001972,
        "inverse_arithmetic_mean_rank": 0.00025741484486224985,
        "inverse_geometric_mean_rank": 0.1903211890237103,
        "inverse_harmonic_mean_rank": 0.6045119358349114,
        "inverse_median_rank": 0.5,
        "median_absolute_deviation": 1.482602218505602,
        "median_rank": 2.0,
        "standard_deviation": 16683.71793146708,
        "variance": 278346444.0167562,
        "z_arithmetic_mean_rank": 252.18781819092703,
        "z_geometric_mean_rank": 156.07057788246382,
        "z_hits_at_k": 13702.450706409027,
        "z_inverse_harmonic_mean_rank": 25075.361931644726
      },
      "pessimistic": {
        "adjusted_arithmetic_mean_rank": 0.06686194202144688,
        "adjusted_arithmetic_mean_rank_index": 0.9331541187186078,
        "adjusted_geometric_mean_rank_index": 0.9999004864501719,
        "adjusted_hits_at_k": 0.8146969425661917,
        "adjusted_inverse_harmonic_mean_rank": 0.6044702719970447,
        "arithmetic_mean_rank": 3884.783414113201,
        "count": 24346.0,
        "geometric_mean_rank": 5.254277379113769,
        "harmonic_mean_rank": 1.6542270566185628,
        "hits_at_1": 0.48632218844984804,
        "hits_at_10": 0.8147128891809743,
        "hits_at_3": 0.6932555655959911,
        "hits_at_5": 0.7609874312001972,
        "inverse_arithmetic_mean_rank": 0.0002574146080749459,
        "inverse_geometric_mean_rank": 0.19032112845337992,
        "inverse_harmonic_mean_rank": 0.6045119356493414,
        "inverse_median_rank": 0.5,
        "median_absolute_deviation": 1.482602218505602,
        "median_rank": 2.0,
        "standard_deviation": 16683.72836834339,
        "variance": 278346792.26866597,
        "z_arithmetic_mean_rank": 252.18780156897657,
        "z_geometric_mean_rank": 156.07057787635853,
        "z_hits_at_k": 13702.450706409027,
        "z_inverse_harmonic_mean_rank": 25075.361923945875
      },
      "realistic": {
        "adjusted_arithmetic_mean_rank": 0.06686191317829997,
        "adjusted_arithmetic_mean_rank_index": 0.9331541475622511,
        "adjusted_geometric_mean_rank_index": 0.9999004864536761,
        "adjusted_hits_at_k": 0.8146969425661917,
        "adjusted_inverse_harmonic_mean_rank": 0.6044702187483417,
        "arithmetic_mean_rank": 3884.78173828125,
        "count": 24346.0,
        "geometric_mean_rank": 5.254277229309082,
        "harmonic_mean_rank": 1.6542272023165534,
        "hits_at_1": 0.48632218844984804,
        "hits_at_10": 0.8147128891809743,
        "hits_at_3": 0.6932555655959911,
        "hits_at_5": 0.7609874312001972,
        "inverse_arithmetic_mean_rank": 0.0002574147074483335,
        "inverse_geometric_mean_rank": 0.19032113254070282,
        "inverse_harmonic_mean_rank": 0.6045118824062474,
        "inverse_median_rank": 0.5,
        "median_absolute_deviation": 1.482602218505602,
        "median_rank": 2.0,