{
  "losses": [
    1.6124140887506424,
    0.5828196388329305,
    0.3822841847404128,
    0.2960675370302938,
    0.24819590308008685,
    0.21782252759421392,
    0.2007392501562006,
    0.1841516843701284,
    0.17373230816086843,
    0.16497623339472783,
    0.15916161208842244,
    0.15229706233367324,
    0.1490520475698369,
    0.14564432719692824,
    0.1423270586611969,
    0.1391084604334855,
    0.13771785769079412,
    0.1369598218949423,
    0.13456659802856544,
    0.13289837051360381
  ],
  "metrics": {
    "both": {
      "optimistic": {
        "adjusted_arithmetic_mean_rank": 0.1593112355462667,
        "adjusted_arithmetic_mean_rank_index": 0.8408352968334045,
        "adjusted_geometric_mean_rank_index": 0.9849302426402804,
        "adjusted_hits_at_k": 0.3341756251188696,
        "adjusted_inverse_harmonic_mean_rank": 0.22966821252050637,
        "arithmetic_mean_rank": 914.1632063156586,
        "count": 32174.0,
        "geometric_mean_rank": 62.4931991738735,
        "harmonic_mean_rank": 4.340641608274617,
        "hits_at_1": 0.1680238702057562,
        "hits_at_10": 0.33480450052837696,
        "hits_at_3": 0.2630695592714614,
        "hits_at_5": 0.30561944427177223,
        "inverse_arithmetic_mean_rank": 0.0010938965745846286,
        "inverse_geometric_mean_rank": 0.016001741200954062,
        "inverse_harmonic_mean_rank": 0.23038068798255262,
        "inverse_median_rank": 0.00851063829787234,
        "median_absolute_deviation": 172.72315845590262,
        "median_rank": 117.5,
        "standard_deviation": 2138.6617176403256,
        "variance": 4573873.942500267,
        "z_arithmetic_mean_rank": 254.93073057141882,
        "z_geometric_mean_rank": 177.05140043156274,
        "z_hits_at_k": 1949.595989909206,
        "z_inverse_harmonic_mean_rank": 3312.0810858229866
      },
      "pessimistic": {
        "adjusted_arithmetic_mean_rank": 0.1593112409627525,
        "adjusted_arithmetic_mean_rank_index": 0.8408352914159747,
        "adjusted_geometric_mean_rank_index": 0.9849302424479184,
        "adjusted_hits_at_k": 0.3341756251188696,
        "adjusted_inverse_harmonic_mean_rank": 0.22966821251542563,
        "arithmetic_mean_rank": 914.1632373966556,
        "count": 32174.0,
        "geometric_mean_rank": 62.4931999588204,
        "harmonic_mean_rank": 4.340641608370255,
        "hits_at_1": 0.1680238702057562,
        "hits_at_10": 0.33480450052837696,
        "hits_at_3": 0.2630695592714614,
        "hits_at_5": 0.30561944427177223,
        "inverse_arithmetic_mean_rank": 0.0010938965373928067,
        "inverse_geometric_mean_rank": 0.01600174099996392,
        "inverse_harmonic_mean_rank": 0.2303806879774766,
        "inverse_median_rank": 0.00851063829787234,
        "median_absolute_deviation": 172.72315845590262,
        "median_rank": 117.5,
        "standard_deviation": 2138.6617403165733,
        "variance": 4573874.039493914,
        "z_arithmetic_mean_rank": 254.93072892892192,
        "z_geometric_mean_rank": 177.05140039698367,
        "z_hits_at_k": 1949.595989909206,
        "z_inverse_harmonic_mean_rank": 3312.0810857497167
      },
      "realistic": {
        "adjusted_arithmetic_mean_rank": 0.15931123584115836,
        "adjusted_arithmetic_mean_rank_index": 0.8408352965384616,
        "adjusted_geometric_mean_rank_index": 0.984930246570586,
        "adjusted_hits_at_k": 0.3341756251188696,
        "adjusted_inverse_harmonic_mean_rank": 0.229668221839029,
        "arithmetic_mean_rank": 914.1632080078125,
        "count": 32174.0,
        "geometric_mean_rank": 62.49318313598633,
        "harmonic_mean_rank": 4.340641432865144,
        "hits_at_1": 0.1680238702057562,
        "hits_at_10": 0.33480450052837696,
        "hits_at_3": 0.2630695592714614,
        "hits_at_5": 0.30561944427177223,
        "inverse_arithmetic_mean_rank": 0.001093896571546793,
        "inverse_geometric_mean_rank": 0.01600174605846405,
        "inverse_harmonic_mean_rank": 0.2303806972924566,
        "inverse_median_rank": 0.008510638028383255,
        "median_absolute_deviation": 172.72315845590262,
        "median_rank": 117.5,
        "standard_deviation": 2138.66162109375,
        "variance": 4573874.0,
        "z_arithmetic_mean_rank": 254.93073048199577,
        "z_geometric_mean_rank": 177.05140113807585,
        "z_hits_at_k": 1949.595989909206,
        "z_inverse_harmonic_mean_rank": 3312.0812202068537
      }
    },
    "head": {
      "optimistic": {
        "adjusted_arithmetic_mean_rank": 0.23466653512592087,
        "adjusted_arithmetic_mean_rank_index": 0.7654851352875494,
        "adjusted_geometric_mean_rank_index": 0.9071272565065067,
        "adjusted_hits_at_k": 0.03666179539993323,
        "adjusted_inverse_harmonic_mean_rank": 0.01907450484650147,
        "arithmetic_mean_rank": 1184.3690557593088,
        "count": 16087.0,
        "geometric_mean_rank": 327.85524202034816,
        "harmonic_mean_rank": 49.69404457740564,
        "hits_at_1": 0.00609187542736371,
        "hits_at_10": 0.03773233045316094,
        "hits_at_3": 0.013924286691117052,
        "hits_at_5": 0.023124261826319388,
        "inverse_arithmetic_mean_rank": 0.0008443314143823959,
        "inverse_geometric_mean_rank": 0.003050126616361789,
        "inverse_harmonic_mean_rank": 0.020123135649430905,
        "inverse_median_rank": 0.0029239766081871343,
        "median_absolute_deviation": 389.9243834669733,
        "median_rank": 342.0,
        "standard_deviation": 2267.104433020328,
        "variance": 5139762.510220423,
        "z_arithmetic_mean_rank": 160.95567439559673,
        "z_geometric_mean_rank": 115.34011462983709,
        "z_hits_at_k": 139.42169244012103,
        "z_inverse_harmonic_mean_rank": 179.37516118198707
      },
      "pessimistic": {
        "adjusted_arithmetic_mean_rank": 0.2346665474424701,
        "adjusted_arithmetic_mean_rank_index": 0.7654851229685593,
        "adjusted_geometric_mean_rank_index": 0.9071272541663096,
        "adjusted_hits_at_k": 0.03666179539993323,
        "adjusted_inverse_harmonic_mean_rank": 0.019074504836338643,
        "arithmetic_mean_rank": 1184.3691179213029,
        "count": 16087.0,
        "geometric_mean_rank": 327.8552502564104,
        "harmonic_mean_rank": 49.69404460247589,
        "hits_at_1": 0.00609187542736371,
        "hits_at_10": 0.03773233045316094,
        "hits_at_3": 0.013924286691117052,
        "hits_at_5": 0.023124261826319388,
        "inverse_arithmetic_mean_rank": 0.0008443313700673902,
        "inverse_geometric_mean_rank": 0.003050126539739461,
        "inverse_harmonic_mean_rank": 0.020123135639278943,
        "inverse_median_rank": 0.0029239766081871343,
        "median_absolute_deviation": 389.9243834669733,
        "median_rank": 342.0,
        "standard_deviation": 2267.1044683945743,
        "variance": 5139762.670614645,
        "z_arithmetic_mean_rank": 160.9556718053291,
        "z_geometric_mean_rank": 115.3401143322839,
        "z_hits_at_k": 139.42169244012103,
        "z_inverse_harmonic_mean_rank": 179.37516108641665
      },
      "realistic": {
        "adjusted_arithmetic_mean_rank": 0.23466655194089725,
        "adjusted_arithmetic_mean_rank_index": 0.7654851184692407,
        "adjusted_geometric_mean_rank_index": 0.9071272701249392,
        "adjusted_hits_at_k": 0.03666179539993323,
        "adjusted_inverse_harmonic_mean_rank": 0.019074505035556296,
        "arithmetic_mean_rank": 1184.369140625,
        "count": 16087.0,
        "geometric_mean_rank": 327.8551940917969,
        "harmonic_mean_rank": 49.69404411103421,
        "hits_at_1": 0.00609187542736371,
        "hits_at_10": 0.03773233045316094,
        "hits_at_3": 0.013924286691117052,
        "hits_at_5": 0.023124261826319388,
        "inverse_arithmetic_mean_rank": 0.0008443313417956233,
        "inverse_geometric_mean_rank": 0.0030501270666718483,
        "inverse_harmonic_mean_rank": 0.020123135838283627,