{
  "losses": [
    0.748336383847907,
    0.49042178758300176,
    0.35345873691067836,
    0.2684489435193562,
    0.22190086351762903,
    0.19977595674814563,
    0.17980332234413318,
    0.17149172485759942,
    0.1660139728743251,
    0.16182730708381918,
    0.1558477720264161,
    0.15467147890589025,
    0.1523676904858929,
    0.15011582510306104,
    0.15046690277533956,
    0.14978709920208053,
    0.14711825049454622,
    0.14736752508595438,
    0.14392543349525716,
    0.14465295922490629,
    0.14111218902439174,
    0.14117200914585945,
    0.143034639637364,
    0.14122968760162297
  ],
  "metrics": {
    "both": {
      "optimistic": {
        "adjusted_arithmetic_mean_rank": 0.13463162454192068,
        "adjusted_arithmetic_mean_rank_index": 0.8655192095035784,
        "adjusted_geometric_mean_rank_index": 0.9836536171105621,
        "adjusted_hits_at_k": 0.3295712887258967,
        "adjusted_inverse_harmonic_mean_rank": 0.13873736112853477,
        "arithmetic_mean_rank": 772.5461241996643,
        "count": 32174.0,
        "geometric_mean_rank": 67.70255895953655,
        "harmonic_mean_rank": 7.166715239519401,
        "hits_at_1": 0.012556722819668055,
        "hits_at_10": 0.3302045129607758,
        "hits_at_3": 0.23972773046559334,
        "hits_at_5": 0.2853857151737428,
        "inverse_arithmetic_mean_rank": 0.0012944210949682408,
        "inverse_geometric_mean_rank": 0.014770490441840834,
        "inverse_harmonic_mean_rank": 0.13953393801468522,
        "inverse_median_rank": 0.010309278350515464,
        "median_absolute_deviation": 140.8472107580322,
        "median_rank": 97.0,
        "standard_deviation": 1758.304600435768,
        "variance": 3091635.0679135853,
        "z_arithmetic_mean_rank": 262.4145837279964,
        "z_geometric_mean_rank": 176.82191378562788,
        "z_hits_at_k": 1922.7340793053431,
        "z_inverse_harmonic_mean_rank": 2000.7531066136764
      },
      "pessimistic": {
        "adjusted_arithmetic_mean_rank": 0.13463181953541029,
        "adjusted_arithmetic_mean_rank_index": 0.8655190144761014,
        "adjusted_geometric_mean_rank_index": 0.9836535691606603,
        "adjusted_hits_at_k": 0.3295712887258967,
        "adjusted_inverse_harmonic_mean_rank": 0.1387373116738037,
        "arithmetic_mean_rank": 772.5472431155591,
        "count": 32174.0,
        "geometric_mean_rank": 67.70275462246512,
        "harmonic_mean_rank": 7.166717777255357,
        "hits_at_1": 0.012556722819668055,
        "hits_at_10": 0.3302045129607758,
        "hits_at_3": 0.23972773046559334,
        "hits_at_5": 0.2853857151737428,
        "inverse_arithmetic_mean_rank": 0.0012944192201983149,
        "inverse_geometric_mean_rank": 0.014770447754694166,
        "inverse_harmonic_mean_rank": 0.13953388860569457,
        "inverse_median_rank": 0.010309278350515464,
        "median_absolute_deviation": 140.8472107580322,
        "median_rank": 97.0,
        "standard_deviation": 1758.3066788294889,
        "variance": 3091642.3768163873,
        "z_arithmetic_mean_rank": 262.414524598108,
        "z_geometric_mean_rank": 176.821905166137,
        "z_hits_at_k": 1922.7340793053431,
        "z_inverse_harmonic_mean_rank": 2000.7523934192927
      },
      "realistic": {
        "adjusted_arithmetic_mean_rank": 0.134631712837516,
        "adjusted_arithmetic_mean_rank_index": 0.8655191211925931,
        "adjusted_geometric_mean_rank_index": 0.9836535905758396,
        "adjusted_hits_at_k": 0.3295712887258967,
        "adjusted_inverse_harmonic_mean_rank": 0.13873734047562986,
        "arithmetic_mean_rank": 772.546630859375,
        "count": 32174.0,
        "geometric_mean_rank": 67.70266723632812,
        "harmonic_mean_rank": 7.166716299308979,
        "hits_at_1": 0.012556722819668055,
        "hits_at_10": 0.3302045129607758,
        "hits_at_3": 0.23972773046559334,
        "hits_at_5": 0.2853857151737428,
        "inverse_arithmetic_mean_rank": 0.0012944202171638608,
        "inverse_geometric_mean_rank": 0.014770466834306717,
        "inverse_harmonic_mean_rank": 0.13953391738088208,
        "inverse_median_rank": 0.010309278033673763,
        "median_absolute_deviation": 140.8472107580322,
        "median_rank": 97.0,
        "standard_deviation": 1758.3055419921875,
        "variance": 3091638.5,
        "z_arithmetic_mean_rank": 262.41455695321173,
        "z_geometric_mean_rank": 176.82190901573702,
        "z_hits_at_k": 1922.7340793053431,
        "z_inverse_harmonic_mean_rank": 2000.7528087749163
      }
    },
    "head": {
      "optimistic": {
        "adjusted_arithmetic_mean_rank": 0.2199550575276763,
        "adjusted_arithmetic_mean_rank_index": 0.7801995283415952,
        "adjusted_geometric_mean_rank_index": 0.9116625299741514,
        "adjusted_hits_at_k": 0.055082215849650264,
        "adjusted_inverse_harmonic_mean_rank": 0.026377284636099712,
        "arithmetic_mean_rank": 1110.1197861627402,
        "count": 16087.0,
        "geometric_mean_rank": 311.89385387637293,
        "harmonic_mean_rank": 36.4722459271754,
        "hits_at_1": 0.007770249269596569,
        "hits_at_10": 0.05613228072356561,
        "hits_at_3": 0.025299931621806427,
        "hits_at_5": 0.03568098464598744,
        "inverse_arithmetic_mean_rank": 0.0009008036902545606,
        "inverse_geometric_mean_rank": 0.003206218999096967,
        "inverse_harmonic_mean_rank": 0.027418108607753764,
        "inverse_median_rank": 0.0028011204481792717,
        "median_absolute_deviation": 452.1936766442086,
        "median_rank": 357.0,
        "standard_deviation": 1950.651837666804,
        "variance": 3805042.5917928796,
        "z_arithmetic_mean_rank": 164.04961436667946,
        "z_geometric_mean_rank": 115.91676907151967,
        "z_hits_at_k": 209.47298606996986,
        "z_inverse_harmonic_mean_rank": 248.04993478042223
      },
      "pessimistic": {
        "adjusted_arithmetic_mean_rank": 0.2199552792255625,
        "adjusted_arithmetic_mean_rank_index": 0.780199306599774,
        "adjusted_geometric_mean_rank_index": 0.9116624810693538,
        "adjusted_hits_at_k": 0.055082215849650264,
        "adjusted_inverse_harmonic_mean_rank": 0.026377283484205448,
        "arithmetic_mean_rank": 1110.120905078635,
        "count": 16087.0,
        "geometric_mean_rank": 311.89402599134314,
        "harmonic_mean_rank": 36.472247457815655,
        "hits_at_1": 0.007770249269596569,
        "hits_at_10": 0.05613228072356561,
        "hits_at_3": 0.025299931621806427,
        "hits_at_5": 0.03568098464598744,
        "inverse_arithmetic_mean_rank": 0.000900802782314207,
        "inverse_geometric_mean_rank": 0.003206217229783541,
        "inverse_harmonic_mean_rank": 0.0274181074570909,
        "inverse_median_rank": 0.0028011204481792717,
        "median_absolute_deviation": 452.1936766442086,
        "median_rank": 357.0,
        "standard_deviation": 1950.6542067383841,
        "variance": 3805051.8342661546,
        "z_arithmetic_mean_rank": 164.0495677418624,
        "z_geometric_mean_rank": 115.9167628533348,
        "z_hits_at_k": 209.47298606996986,
        "z_inverse_harmonic_mean_rank": 248.04992394809807
      },
      "realistic": {
        "adjusted_arithmetic_mean_rank": 0.21995517148883337,
        "adjusted_arithmetic_mean_rank_index": 0.7801994143578539,
        "adjusted_geometric_mean_rank_index": 0.9116624935879355,
        "adjusted_hits_at_k": 0.055082215849650264,
        "adjusted_inverse_harmonic_mean_rank": 0.0263772859493958,
        "arithmetic_mean_rank": 1110.120361328125,
        "count": 16087.0,
        "geometric_mean_rank": 311.89398193359375,
        "harmonic_mean_rank": 36.47224418206412,
        "hits_at_1": 0.007770249269596569,
        "hits_at_10": 0.05613228072356561,
        "hits_at_3": 0.025299931621806427,
        "hits_at_5": 0.03568098464598744,
        "inverse_arithmetic_mean_rank": 0.0009008032502606511,