{
  "losses": [
    0.41700824287992677,
    0.06832588822804776,
    0.04158840102468953,
    0.030351895258103837,
    0.023247062231454264,
    0.01910121343311147,
    0.01657092242617312,
    0.013799754002007383,
    0.012601989132085191,
    0.010193494607695013,
    0.009342597853063593,
    0.0077723137490458135,
    0.007773411335798838,
    0.0074131318769909155,
    0.006717568276165483,
    0.006094795923534955,
    0.005700919299164806,
    0.005234977681353026,
    0.004995895057918909,
    0.004728234534016377
  ],
  "metrics": {
    "both": {
      "optimistic": {
        "adjusted_arithmetic_mean_rank": 0.0489632456471178,
        "adjusted_arithmetic_mean_rank_index": 0.9510531231477541,
        "adjusted_geometric_mean_rank_index": 0.9980625872916679,
        "adjusted_hits_at_k": 0.27265161022122375,
        "adjusted_inverse_harmonic_mean_rank": 0.1707659461273894,
        "arithmetic_mean_rank": 2844.842766778937,
        "count": 48692.0,
        "geometric_mean_rank": 83.82501382479245,
        "harmonic_mean_rank": 5.852974638749488,
        "hits_at_1": 0.10907335907335908,
        "hits_at_10": 0.2727142035652674,
        "hits_at_3": 0.19736301651195268,
        "hits_at_5": 0.22747063172595086,
        "inverse_arithmetic_mean_rank": 0.00035151327576962943,
        "inverse_geometric_mean_rank": 0.011929613302422572,
        "inverse_harmonic_mean_rank": 0.1708532945588936,
        "inverse_median_rank": 0.00980392156862745,
        "median_absolute_deviation": 149.7428240690658,
        "median_rank": 102.0,
        "standard_deviation": 11870.670956351207,
        "variance": 140912828.95396006,
        "z_arithmetic_mean_rank": 363.4883302001701,
        "z_geometric_mean_rank": 220.30659883418008,
        "z_hits_at_k": 6485.229498223272,
        "z_inverse_harmonic_mean_rank": 10018.175889044667
      },
      "pessimistic": {
        "adjusted_arithmetic_mean_rank": 0.04896325519084641,
        "adjusted_arithmetic_mean_rank_index": 0.9510531136038612,
        "adjusted_geometric_mean_rank_index": 0.9980625865208866,
        "adjusted_hits_at_k": 0.27265161022122375,
        "adjusted_inverse_harmonic_mean_rank": 0.17076594457933586,
        "arithmetic_mean_rank": 2844.843321284811,
        "count": 48692.0,
        "geometric_mean_rank": 83.82504677593765,
        "harmonic_mean_rank": 5.852974691776056,
        "hits_at_1": 0.10907335907335908,
        "hits_at_10": 0.2727142035652674,
        "hits_at_3": 0.19736301651195268,
        "hits_at_5": 0.22747063172595086,
        "inverse_arithmetic_mean_rank": 0.0003515132072540192,
        "inverse_geometric_mean_rank": 0.011929608612959991,
        "inverse_harmonic_mean_rank": 0.1708532930110031,
        "inverse_median_rank": 0.00980392156862745,
        "median_absolute_deviation": 149.7428240690658,
        "median_rank": 102.0,
        "standard_deviation": 11870.671569411092,
        "variance": 140912843.5088248,
        "z_arithmetic_mean_rank": 363.4883265525361,
        "z_geometric_mean_rank": 220.30659866404224,
        "z_hits_at_k": 6485.229498223272,
        "z_inverse_harmonic_mean_rank": 10018.175798226368
      },
      "realistic": {
        "adjusted_arithmetic_mean_rank": 0.048963254165641186,
        "adjusted_arithmetic_mean_rank_index": 0.9510531146290842,
        "adjusted_geometric_mean_rank_index": 0.99806258732951,
        "adjusted_hits_at_k": 0.27265161022122375,
        "adjusted_inverse_harmonic_mean_rank": 0.1707659432087556,
        "arithmetic_mean_rank": 2844.84326171875,
        "count": 48692.0,
        "geometric_mean_rank": 83.82501220703125,
        "harmonic_mean_rank": 5.852974738723506,
        "hits_at_1": 0.10907335907335908,
        "hits_at_10": 0.2727142035652674,
        "hits_at_3": 0.19736301651195268,
        "hits_at_5": 0.22747063172595086,
        "inverse_arithmetic_mean_rank": 0.0003515132120810449,
        "inverse_geometric_mean_rank": 0.011929613538086414,
        "inverse_harmonic_mean_rank": 0.17085329164056723,
        "inverse_median_rank": 0.009803921915590763,
        "median_absolute_deviation": 149.7428240690658,
        "median_rank": 102.0,
        "standard_deviation": 11870.6708984375,
        "variance": 140912832.0,
        "z_arithmetic_mean_rank": 363.48832694437175,
        "z_geometric_mean_rank": 220.3065988425331,
        "z_hits_at_k": 6485.229498223272,
        "z_inverse_harmonic_mean_rank": 10018.175717819739
      }
    },
    "head": {
      "optimistic": {
        "adjusted_arithmetic_mean_rank": 0.04838113666099646,
        "adjusted_arithmetic_mean_rank_index": 0.9516352421621204,
        "adjusted_geometric_mean_rank_index": 0.9981282668923075,
        "adjusted_hits_at_k": 0.27780690473425357,
        "adjusted_inverse_harmonic_mean_rank": 0.17740947464608806,
        "arithmetic_mean_rank": 2811.0197157643966,
        "count": 24346.0,
        "geometric_mean_rank": 81.01796572989736,
        "harmonic_mean_rank": 5.633925864445187,
        "hits_at_1": 0.11669268052246776,
        "hits_at_10": 0.27786905446479915,
        "hits_at_3": 0.20352419288589502,
        "hits_at_5": 0.23383718064569128,
        "inverse_arithmetic_mean_rank": 0.00035574279126963416,
        "inverse_geometric_mean_rank": 0.012342941358634715,
        "inverse_harmonic_mean_rank": 0.1774961233179942,
        "inverse_median_rank": 0.01,
        "median_absolute_deviation": 146.77761963205458,
        "median_rank": 100.0,
        "standard_deviation": 11815.417684523232,
        "variance": 139604095.05974436,
        "z_arithmetic_mean_rank": 257.1823826336182,
        "z_geometric_mean_rank": 155.79395901851433,
        "z_hits_at_k": 4672.455755180275,
        "z_inverse_harmonic_mean_rank": 7359.5129348387645
      },
      "pessimistic": {
        "adjusted_arithmetic_mean_rank": 0.04838114231654254,
        "adjusted_arithmetic_mean_rank_index": 0.9516352365064769,
        "adjusted_geometric_mean_rank_index": 0.9981282665855904,
        "adjusted_hits_at_k": 0.27780690473425357,
        "adjusted_inverse_harmonic_mean_rank": 0.1774094743269778,
        "arithmetic_mean_rank": 2811.02004436047,
        "count": 24346.0,
        "geometric_mean_rank": 81.01797884227983,
        "harmonic_mean_rank": 5.633925874573038,
        "hits_at_1": 0.11669268052246776,
        "hits_at_10": 0.27786905446479915,
        "hits_at_3": 0.20352419288589502,
        "hits_at_5": 0.23383718064569128,
        "inverse_arithmetic_mean_rank": 0.00035574274968484197,
        "inverse_geometric_mean_rank": 0.012342939360987152,
        "inverse_harmonic_mean_rank": 0.17749612299891754,
        "inverse_median_rank": 0.01,
        "median_absolute_deviation": 146.77761963205458,
        "median_rank": 100.0,
        "standard_deviation": 11815.418050745559,
        "variance": 139604103.71388397,
        "z_arithmetic_mean_rank": 257.18238110516296,
        "z_geometric_mean_rank": 155.79395897064006,
        "z_hits_at_k": 4672.455755180275,
        "z_inverse_harmonic_mean_rank": 7359.512921601049
      },
      "realistic": {
        "adjusted_arithmetic_mean_rank": 0.04838113768723782,
        "adjusted_arithmetic_mean_rank_index": 0.9516352411358613,
        "adjusted_geometric_mean_rank_index": 0.9981282668573555,
        "adjusted_hits_at_k": 0.27780690473425357,
        "adjusted_inverse_harmonic_mean_rank": 0.1774094821422101,
        "arithmetic_mean_rank": 2811.019775390625,
        "count": 24346.0,
        "geometric_mean_rank": 81.0179672241211,
        "harmonic_mean_rank": 5.633925626534946,
        "hits_at_1": 0.11669268052246776,
        "hits_at_10": 0.27786905446479915,
        "hits_at_3": 0.20352419288589502,
        "hits_at_5": 0.23383718064569128,
        "inverse_arithmetic_mean_rank": 0.00035574278444983065,
        "inverse_geometric_mean_rank": 0.012342941015958786,
        "inverse_harmonic_mean_rank": 0.17749613081332663,
        "inverse_median_rank": 0.009999999776482582,