{
  "losses": [
    0.8088294287719349,
    0.6683961214405475,
    0.6087223860296873,
    0.5640649449117113,
    0.5186234527885324,
    0.4686769525013348,
    0.4189637763075309,
    0.37249949061044374,
    0.3357474435674082,
    0.30707588021708004,
    0.2826842818224784,
    0.2611711680594057,
    0.24634582049185685,
    0.23132021453711066,
    0.22048169271190568,
    0.20880369526324885,
    0.19882255530003273,
    0.19045774771435425,
    0.1828946298154274,
    0.17659925974831722,
    0.1703268934151914,
    0.16308156545504485,
    0.159141245410584,
    0.15423045236580443
  ],
  "metrics": {
    "both": {
      "optimistic": {
        "adjusted_arithmetic_mean_rank": 0.20177952846062278,
        "adjusted_arithmetic_mean_rank_index": 0.7983596016790229,
        "adjusted_geometric_mean_rank_index": 0.9849429864744379,
        "adjusted_hits_at_k": 0.3530285160252319,
        "adjusted_inverse_harmonic_mean_rank": 0.2712874986914569,
        "arithmetic_mean_rank": 1157.855690930565,
        "count": 32174.0,
        "geometric_mean_rank": 62.441197067045884,
        "harmonic_mean_rank": 3.6769913054416326,
        "hits_at_1": 0.2139926648846895,
        "hits_at_10": 0.35363958475787904,
        "hits_at_3": 0.31329645055013366,
        "hits_at_5": 0.33042207994032446,
        "inverse_arithmetic_mean_rank": 0.0008636654877053832,
        "inverse_geometric_mean_rank": 0.016015067727261148,
        "inverse_harmonic_mean_rank": 0.2719614807138884,
        "inverse_median_rank": 0.00819672131147541,
        "median_absolute_deviation": 179.39486843917783,
        "median_rank": 122.0,
        "standard_deviation": 2450.529647562502,
        "variance": 6005095.5535828,
        "z_arithmetic_mean_rank": 242.05263180699356,
        "z_geometric_mean_rank": 177.0536912675903,
        "z_hits_at_k": 2059.5846238682666,
        "z_inverse_harmonic_mean_rank": 3912.279297928424
      },
      "pessimistic": {
        "adjusted_arithmetic_mean_rank": 0.20177980470139975,
        "adjusted_arithmetic_mean_rank_index": 0.798359325390097,
        "adjusted_geometric_mean_rank_index": 0.9849429745212612,
        "adjusted_hits_at_k": 0.3530285160252319,
        "adjusted_inverse_harmonic_mean_rank": 0.27128749754020165,
        "arithmetic_mean_rank": 1157.857276061416,
        "count": 32174.0,
        "geometric_mean_rank": 62.44124584281967,
        "harmonic_mean_rank": 3.6769913209925122,
        "hits_at_1": 0.2139926648846895,
        "hits_at_10": 0.35363958475787904,
        "hits_at_3": 0.31329645055013366,
        "hits_at_5": 0.33042207994032446,
        "inverse_arithmetic_mean_rank": 0.0008636643053292495,
        "inverse_geometric_mean_rank": 0.016015055217143675,
        "inverse_harmonic_mean_rank": 0.271961479563698,
        "inverse_median_rank": 0.00819672131147541,
        "median_absolute_deviation": 179.39486843917783,
        "median_rank": 122.0,
        "standard_deviation": 2450.53184463761,
        "variance": 6005106.321583007,
        "z_arithmetic_mean_rank": 242.05254803965175,
        "z_geometric_mean_rank": 177.0536891188831,
        "z_hits_at_k": 2059.5846238682666,
        "z_inverse_harmonic_mean_rank": 3912.279281325993
      },
      "realistic": {
        "adjusted_arithmetic_mean_rank": 0.20177968119996897,
        "adjusted_arithmetic_mean_rank_index": 0.7983594489130542,
        "adjusted_geometric_mean_rank_index": 0.9849429791489459,
        "adjusted_hits_at_k": 0.3530285160252319,
        "adjusted_inverse_harmonic_mean_rank": 0.27128750449961536,
        "arithmetic_mean_rank": 1157.8565673828125,
        "count": 32174.0,
        "geometric_mean_rank": 62.441226959228516,
        "harmonic_mean_rank": 3.6769912269864222,
        "hits_at_1": 0.2139926648846895,
        "hits_at_10": 0.35363958475787904,
        "hits_at_3": 0.31329645055013366,
        "hits_at_5": 0.33042207994032446,
        "inverse_arithmetic_mean_rank": 0.0008636648417450488,
        "inverse_geometric_mean_rank": 0.016015060245990753,
        "inverse_harmonic_mean_rank": 0.27196148651667496,
        "inverse_median_rank": 0.008196720853447914,
        "median_absolute_deviation": 179.39486843917783,
        "median_rank": 122.0,
        "standard_deviation": 2450.53076171875,
        "variance": 6005101.0,
        "z_arithmetic_mean_rank": 242.05258549026524,
        "z_geometric_mean_rank": 177.0536899507573,
        "z_hits_at_k": 2059.5846238682666,
        "z_inverse_harmonic_mean_rank": 3912.2793816887825
      }
    },
    "head": {
      "optimistic": {
        "adjusted_arithmetic_mean_rank": 0.29509343472809324,
        "adjusted_arithmetic_mean_rank_index": 0.7050462605486973,
        "adjusted_geometric_mean_rank_index": 0.9002566232602324,
        "adjusted_hits_at_k": 0.05302858789410749,
        "adjusted_inverse_harmonic_mean_rank": 0.03252100972311122,
        "arithmetic_mean_rank": 1489.345434201529,
        "count": 16087.0,
        "geometric_mean_rank": 352.03566792433116,
        "harmonic_mean_rank": 29.801581737855297,
        "hits_at_1": 0.01752968235220986,
        "hits_at_10": 0.05408093491639212,
        "hits_at_3": 0.03021072916019146,
        "hits_at_5": 0.038602598371355754,
        "inverse_arithmetic_mean_rank": 0.0006714359053553765,
        "inverse_geometric_mean_rank": 0.002840621252659394,
        "inverse_harmonic_mean_rank": 0.033555265918310484,
        "inverse_median_rank": 0.0026595744680851063,
        "median_absolute_deviation": 458.124085518231,
        "median_rank": 376.0,
        "standard_deviation": 2609.5522609991344,
        "variance": 6809763.002885694,
        "z_arithmetic_mean_rank": 148.24741998952172,
        "z_geometric_mean_rank": 114.46652206548538,
        "z_hits_at_k": 201.66321346934484,
        "z_inverse_harmonic_mean_rank": 305.82504803284485
      },
      "pessimistic": {
        "adjusted_arithmetic_mean_rank": 0.2950938165411195,
        "adjusted_arithmetic_mean_rank_index": 0.7050458786600051,
        "adjusted_geometric_mean_rank_index": 0.9002565181970777,
        "adjusted_hits_at_k": 0.05302858789410749,
        "adjusted_inverse_harmonic_mean_rank": 0.03252100782463697,
        "arithmetic_mean_rank": 1489.3473612233481,
        "count": 16087.0,
        "geometric_mean_rank": 352.03603768236286,
        "harmonic_mean_rank": 29.801583422152962,
        "hits_at_1": 0.01752968235220986,
        "hits_at_10": 0.05408093491639212,
        "hits_at_3": 0.03021072916019146,
        "hits_at_5": 0.038602598371355754,
        "inverse_arithmetic_mean_rank": 0.0006714350366046248,
        "inverse_geometric_mean_rank": 0.002840618269037234,
        "inverse_harmonic_mean_rank": 0.03355526402186575,
        "inverse_median_rank": 0.0026595744680851063,
        "median_absolute_deviation": 458.124085518231,
        "median_rank": 376.0,
        "standard_deviation": 2609.554332747639,
        "variance": 6809773.815561974,
        "z_arithmetic_mean_rank": 148.24733969122568,
        "z_geometric_mean_rank": 114.46650870683453,
        "z_hits_at_k": 201.66321346934484,
        "z_inverse_harmonic_mean_rank": 305.82503017974057
      },
      "realistic": {
        "adjusted_arithmetic_mean_rank": 0.29509363313098264,
        "adjusted_arithmetic_mean_rank_index": 0.7050460621064893,
        "adjusted_geometric_mean_rank_index": 0.9002565431944141,
        "adjusted_hits_at_k": 0.05302858789410749,
        "adjusted_inverse_harmonic_mean_rank": 0.03252100754537262,
        "arithmetic_mean_rank": 1489.346435546875,
        "count": 16087.0,
        "geometric_mean_rank": 352.03594970703125,
        "harmonic_mean_rank": 29.80158366991209,
        "hits_at_1": 0.01752968235220986,
        "hits_at_10": 0.05408093491639212,
        "hits_at_3": 0.03021072916019146,
        "hits_at_5": 0.038602598371355754,
        "inverse_arithmetic_mean_rank": 0.0006714354385621846,
        "inverse_geometric_mean_rank": 0.002840619068592787,