{
  "losses": [
    0.6830816527404407,
    0.5179905261143599,
    0.39725817790125856,
    0.2919342642963523,
    0.23372396770680304,
    0.19929800145696885,
    0.18258054105952234,
    0.16984800208028,
    0.1595116673719765,
    0.153693223619225,
    0.15087604406151442,
    0.14716738789978595,
    0.1446222532208603,
    0.14113537503941223,
    0.13791013103310423,
    0.13683109554913964
  ],
  "metrics": {
    "both": {
      "optimistic": {
        "adjusted_arithmetic_mean_rank": 0.07293455238243764,
        "adjusted_arithmetic_mean_rank_index": 0.9272270354868123,
        "adjusted_geometric_mean_rank_index": 0.9910394224090089,
        "adjusted_hits_at_k": 0.3695481283540741,
        "adjusted_inverse_harmonic_mean_rank": 0.2769747386957625,
        "arithmetic_mean_rank": 418.5146391496239,
        "count": 32174.0,
        "geometric_mean_rank": 37.564263734503406,
        "harmonic_mean_rank": 3.6017415924656153,
        "hits_at_1": 0.21492509479704108,
        "hits_at_10": 0.37014359420650217,
        "hits_at_3": 0.316218064275502,
        "hits_at_5": 0.3378193572449804,
        "inverse_arithmetic_mean_rank": 0.002389402679036248,
        "inverse_geometric_mean_rank": 0.026621046190810422,
        "inverse_harmonic_mean_rank": 0.27764346062245904,
        "inverse_median_rank": 0.015384615384615385,
        "median_absolute_deviation": 94.88654198435853,
        "median_rank": 65.0,
        "standard_deviation": 1102.2399885000334,
        "variance": 1214932.9922485535,
        "z_arithmetic_mean_rank": 281.12362367806,
        "z_geometric_mean_rank": 178.14958869578138,
        "z_hits_at_k": 2155.9608031294238,
        "z_inverse_harmonic_mean_rank": 3994.295872368888
      },
      "pessimistic": {
        "adjusted_arithmetic_mean_rank": 0.07293461196378169,
        "adjusted_arithmetic_mean_rank_index": 0.9272269758950832,
        "adjusted_geometric_mean_rank_index": 0.991039420589623,
        "adjusted_hits_at_k": 0.3695481283540741,
        "adjusted_inverse_harmonic_mean_rank": 0.276974738240436,
        "arithmetic_mean_rank": 418.5149810405918,
        "count": 32174.0,
        "geometric_mean_rank": 37.564271158634654,
        "harmonic_mean_rank": 3.6017415983668952,
        "hits_at_1": 0.21492509479704108,
        "hits_at_10": 0.37014359420650217,
        "hits_at_3": 0.316218064275502,
        "hits_at_5": 0.3378193572449804,
        "inverse_arithmetic_mean_rank": 0.002389400727098488,
        "inverse_geometric_mean_rank": 0.026621040929477386,
        "inverse_harmonic_mean_rank": 0.27764346016755365,
        "inverse_median_rank": 0.015384615384615385,
        "median_absolute_deviation": 94.88654198435853,
        "median_rank": 65.0,
        "standard_deviation": 1102.2414354200412,
        "variance": 1214936.1819568328,
        "z_arithmetic_mean_rank": 281.12360561059415,
        "z_geometric_mean_rank": 178.14958836872793,
        "z_hits_at_k": 2155.9608031294238,
        "z_inverse_harmonic_mean_rank": 3994.295865802553
      },
      "realistic": {
        "adjusted_arithmetic_mean_rank": 0.07293458591082869,
        "adjusted_arithmetic_mean_rank_index": 0.9272270019525772,
        "adjusted_geometric_mean_rank_index": 0.991039420868776,
        "adjusted_hits_at_k": 0.3695481283540741,
        "adjusted_inverse_harmonic_mean_rank": 0.2769747290068735,
        "arithmetic_mean_rank": 418.51483154296875,
        "count": 32174.0,
        "geometric_mean_rank": 37.56427001953125,
        "harmonic_mean_rank": 3.6017417180388946,
        "hits_at_1": 0.21492509479704108,
        "hits_at_10": 0.37014359420650217,
        "hits_at_3": 0.316218064275502,
        "hits_at_5": 0.3378193572449804,
        "inverse_arithmetic_mean_rank": 0.002389401663094759,
        "inverse_geometric_mean_rank": 0.02662104181945324,
        "inverse_harmonic_mean_rank": 0.27764345094253123,
        "inverse_median_rank": 0.015384615398943424,
        "median_absolute_deviation": 94.88654198435853,
        "median_rank": 65.0,
        "standard_deviation": 1102.24072265625,
        "variance": 1214934.625,
        "z_arithmetic_mean_rank": 281.1236135109,
        "z_geometric_mean_rank": 178.14958841890856,
        "z_hits_at_k": 2155.9608031294238,
        "z_inverse_harmonic_mean_rank": 3994.2957326439096
      }
    },
    "head": {
      "optimistic": {
        "adjusted_arithmetic_mean_rank": 0.12872002201952673,
        "adjusted_arithmetic_mean_rank_index": 0.871452644407036,
        "adjusted_geometric_mean_rank_index": 0.9340039066469744,
        "adjusted_hits_at_k": 0.05134834683957249,
        "adjusted_inverse_harmonic_mean_rank": 0.028458616700429526,
        "arithmetic_mean_rank": 649.653819854541,
        "count": 16087.0,
        "geometric_mean_rank": 233.2658753675339,
        "harmonic_mean_rank": 33.90150483219967,
        "hits_at_1": 0.012308074843040966,
        "hits_at_10": 0.05240256107415926,
        "hits_at_3": 0.02411885373282775,
        "hits_at_5": 0.03263504693230559,
        "inverse_arithmetic_mean_rank": 0.0015392813363645,
        "inverse_geometric_mean_rank": 0.004286953667888195,
        "inverse_harmonic_mean_rank": 0.029497215682597056,
        "inverse_median_rank": 0.003484320557491289,
        "median_absolute_deviation": 339.5159080377828,
        "median_rank": 287.0,
        "standard_deviation": 1254.399722956954,
        "variance": 1573518.6649544833,
        "z_arithmetic_mean_rank": 183.23706316213563,
        "z_geometric_mean_rank": 118.75744762896447,
        "z_hits_at_k": 195.2733995233789,
        "z_inverse_harmonic_mean_rank": 267.622619760545
      },
      "pessimistic": {
        "adjusted_arithmetic_mean_rank": 0.12872010823537136,
        "adjusted_arithmetic_mean_rank_index": 0.8714525581741055,
        "adjusted_geometric_mean_rank_index": 0.9340038986441388,
        "adjusted_hits_at_k": 0.05134834683957249,
        "adjusted_inverse_harmonic_mean_rank": 0.028458616653271446,
        "arithmetic_mean_rank": 649.6542549885,
        "count": 16087.0,
        "geometric_mean_rank": 233.26590353261932,
        "harmonic_mean_rank": 33.90150488634108,
        "hits_at_1": 0.012308074843040966,
        "hits_at_10": 0.05240256107415926,
        "hits_at_3": 0.02411885373282775,
        "hits_at_5": 0.03263504693230559,
        "inverse_arithmetic_mean_rank": 0.0015392803053644306,
        "inverse_geometric_mean_rank": 0.004286953150271113,
        "inverse_harmonic_mean_rank": 0.029497215635489387,
        "inverse_median_rank": 0.003484320557491289,
        "median_absolute_deviation": 339.5159080377828,
        "median_rank": 287.0,
        "standard_deviation": 1254.4013169932841,
        "variance": 1573522.6640744854,
        "z_arithmetic_mean_rank": 183.23704503026232,
        "z_geometric_mean_rank": 118.75744661141377,
        "z_hits_at_k": 195.2733995233789,
        "z_inverse_harmonic_mean_rank": 267.62261931707405
      },
      "realistic": {
        "adjusted_arithmetic_mean_rank": 0.12872005606820008,
        "adjusted_arithmetic_mean_rank_index": 0.8714526103516149,
        "adjusted_geometric_mean_rank_index": 0.9340039040806534,
        "adjusted_hits_at_k": 0.05134834683957249,
        "adjusted_inverse_harmonic_mean_rank": 0.028458617934401506,
        "arithmetic_mean_rank": 649.6539916992188,
        "count": 16087.0,
        "geometric_mean_rank": 233.26588439941406,
        "harmonic_mean_rank": 33.901503415497,
        "hits_at_1": 0.012308074843040966,
        "hits_at_10": 0.05240256107415926,
        "hits_at_3": 0.02411885373282775,
        "hits_at_5": 0.03263504693230559,
        "inverse_arithmetic_mean_rank": 0.0015392809873446822,
        "inverse_geometric_mean_rank": 0.004286953713744879,
        "inverse_harmonic_mean_rank": 0.029497216915249893,
        "inverse_median_rank": 0.003484320593997836,
        "median_absolute_deviation": 339.5159080377828,
        "median_rank": 287.0,