{
  "losses": [
    1.0039774179458618,
    1.0003514761971954,
    0.999509608509517,
    0.9970893889370531,
    0.9921478348203224,
    0.983939766293705,
    0.9718196414484837,
    0.9571725257552496,
    0.9410120071751056,
    0.9247535707926986,
    0.9099241391266927,
    0.8960990490299641,
    0.8838260789908985,
    0.8743648938613363,
    0.8658784728239078,
    0.8564281788202796,
    0.8429866060171977,
    0.8289239552941653,
    0.8132799772932978,
    0.8023745030459791,
    0.7973149227623892,
    0.7950700664284206,
    0.7930055063549835,
    0.7914898599728499
  ],
  "metrics": {
    "both": {
      "optimistic": {
        "adjusted_arithmetic_mean_rank": 0.6472077553828989,
        "adjusted_arithmetic_mean_rank_index": 0.35285373644299334,
        "adjusted_geometric_mean_rank_index": 0.7965716192989742,
        "adjusted_hits_at_k": 0.11767848350603963,
        "adjusted_inverse_harmonic_mean_rank": 0.06886510454669086,
        "arithmetic_mean_rank": 3713.821657238764,
        "count": 32174.0,
        "geometric_mean_rank": 831.1037391287866,
        "harmonic_mean_rank": 14.341789477222187,
        "hits_at_1": 0.042612046994467585,
        "hits_at_10": 0.11851184185988686,
        "hits_at_3": 0.07997140548268789,
        "hits_at_5": 0.09523217504817555,
        "inverse_arithmetic_mean_rank": 0.00026926441070503705,
        "inverse_geometric_mean_rank": 0.0012032192287430455,
        "inverse_harmonic_mean_rank": 0.06972630588311261,
        "inverse_median_rank": 0.0003790750568612585,
        "median_absolute_deviation": 3820.665917088936,
        "median_rank": 2638.0,
        "standard_deviation": 3714.8287603686526,
        "variance": 13799952.7188621,
        "z_arithmetic_mean_rank": 106.9808334105766,
        "z_geometric_mean_rank": 143.1919892751532,
        "z_hits_at_k": 686.5416933397298,
        "z_inverse_harmonic_mean_rank": 993.1144050766371
      },
      "pessimistic": {
        "adjusted_arithmetic_mean_rank": 0.6472077878818138,
        "adjusted_arithmetic_mean_rank_index": 0.35285370393841387,
        "adjusted_geometric_mean_rank_index": 0.796571613690164,
        "adjusted_hits_at_k": 0.11767848350603963,
        "adjusted_inverse_harmonic_mean_rank": 0.06886510454219476,
        "arithmetic_mean_rank": 3713.8218437247465,
        "count": 32174.0,
        "geometric_mean_rank": 831.1037620159294,
        "harmonic_mean_rank": 14.341789478146119,
        "hits_at_1": 0.042612046994467585,
        "hits_at_10": 0.11851184185988686,
        "hits_at_3": 0.07997140548268789,
        "hits_at_5": 0.09523217504817555,
        "inverse_arithmetic_mean_rank": 0.0002692643971841844,
        "inverse_geometric_mean_rank": 0.0012032191956084942,
        "inverse_harmonic_mean_rank": 0.06972630587862068,
        "inverse_median_rank": 0.0003790750568612585,
        "median_absolute_deviation": 3820.665917088936,
        "median_rank": 2638.0,
        "standard_deviation": 3714.828951273079,
        "variance": 13799954.137216642,
        "z_arithmetic_mean_rank": 106.98082355559521,
        "z_geometric_mean_rank": 143.1919882669115,
        "z_hits_at_k": 686.5416933397298,
        "z_inverse_harmonic_mean_rank": 993.1144050117982
      },
      "realistic": {
        "adjusted_arithmetic_mean_rank": 0.6472077337672062,
        "adjusted_arithmetic_mean_rank_index": 0.35285375806245367,
        "adjusted_geometric_mean_rank_index": 0.7965716591141551,
        "adjusted_hits_at_k": 0.11767848350603963,
        "adjusted_inverse_harmonic_mean_rank": 0.06886510012767973,
        "arithmetic_mean_rank": 3713.821533203125,
        "count": 32174.0,
        "geometric_mean_rank": 831.1035766601562,
        "harmonic_mean_rank": 14.341790385314392,
        "hits_at_1": 0.042612046994467585,
        "hits_at_10": 0.11851184185988686,
        "hits_at_3": 0.07997140548268789,
        "hits_at_5": 0.09523217504817555,
        "inverse_arithmetic_mean_rank": 0.000269264419330284,
        "inverse_geometric_mean_rank": 0.0012032194063067436,
        "inverse_harmonic_mean_rank": 0.0697263014681886,
        "inverse_median_rank": 0.00037907506339251995,
        "median_absolute_deviation": 3820.665917088936,
        "median_rank": 2638.0,
        "standard_deviation": 3714.828857421875,
        "variance": 13799954.0,
        "z_arithmetic_mean_rank": 106.98083996532617,
        "z_geometric_mean_rank": 143.1919964323438,
        "z_hits_at_k": 686.5416933397298,
        "z_inverse_harmonic_mean_rank": 993.114341349389
      }
    },
    "head": {
      "optimistic": {
        "adjusted_arithmetic_mean_rank": 0.6143491678277324,
        "adjusted_arithmetic_mean_rank_index": 0.38572725875473834,
        "adjusted_geometric_mean_rank_index": 0.765633042344203,
        "adjusted_hits_at_k": 0.1005731866224312,
        "adjusted_inverse_harmonic_mean_rank": 0.05792305551573837,
        "arithmetic_mean_rank": 3100.638714489961,
        "count": 16087.0,
        "geometric_mean_rank": 825.8283165181307,
        "harmonic_mean_rank": 16.969240565831022,
        "hits_at_1": 0.034499906757008765,
        "hits_at_10": 0.10157269845216635,
        "hits_at_3": 0.06812954559582271,
        "hits_at_5": 0.08180518431031268,
        "inverse_arithmetic_mean_rank": 0.00032251419532587975,
        "inverse_geometric_mean_rank": 0.0012109054388159206,
        "inverse_harmonic_mean_rank": 0.058930156368552124,
        "inverse_median_rank": 0.00043725404459991256,
        "median_absolute_deviation": 3205.3859964091116,
        "median_rank": 2287.0,
        "standard_deviation": 3083.7924689913207,
        "variance": 9509775.991807586,
        "z_arithmetic_mean_rank": 81.10541694883719,
        "z_geometric_mean_rank": 97.34929937885498,
        "z_hits_at_k": 382.4712821626034,
        "z_inverse_harmonic_mean_rank": 544.7039125209282
      },
      "pessimistic": {
        "adjusted_arithmetic_mean_rank": 0.6143491924608308,
        "adjusted_arithmetic_mean_rank_index": 0.38572723411675824,
        "adjusted_geometric_mean_rank_index": 0.7656330372631764,
        "adjusted_hits_at_k": 0.1005731866224312,
        "adjusted_inverse_harmonic_mean_rank": 0.057923055511939416,
        "arithmetic_mean_rank": 3100.638838813949,
        "count": 16087.0,
        "geometric_mean_rank": 825.8283344002361,
        "harmonic_mean_rank": 16.96924056692378,
        "hits_at_1": 0.034499906757008765,
        "hits_at_10": 0.10157269845216635,
        "hits_at_3": 0.06812954559582271,
        "hits_at_5": 0.08180518431031268,
        "inverse_arithmetic_mean_rank": 0.0003225141823942702,
        "inverse_geometric_mean_rank": 0.0012109054125955332,
        "inverse_harmonic_mean_rank": 0.05893015636475723,
        "inverse_median_rank": 0.00043725404459991256,
        "median_absolute_deviation": 3205.3859964091116,
        "median_rank": 2287.0,
        "standard_deviation": 3083.7925769097556,
        "variance": 9509776.657403711,
        "z_arithmetic_mean_rank": 81.10541176830196,
        "z_geometric_mean_rank": 97.3492987328087,
        "z_hits_at_k": 382.4712821626034,
        "z_inverse_harmonic_mean_rank": 544.7039124852031
      },
      "realistic": {
        "adjusted_arithmetic_mean_rank": 0.6143491593841606,
        "adjusted_arithmetic_mean_rank_index": 0.3857272671999835,
        "adjusted_geometric_mean_rank_index": 0.7656330794196734,
        "adjusted_hits_at_k": 0.1005731866224312,
        "adjusted_inverse_harmonic_mean_rank": 0.057923053892393266,
        "arithmetic_mean_rank": 3100.638671875,
        "count": 16087.0,
        "geometric_mean_rank": 825.8281860351562,
        "harmonic_mean_rank": 16.969241032781863,
        "hits_at_1": 0.034499906757008765,
        "hits_at_10": 0.10157269845216635,
        "hits_at_3": 0.06812954559582271,
        "hits_at_5": 0.08180518431031268,
        "inverse_arithmetic_mean_rank": 0.00032251421362161636,
        "inverse_geometric_mean_rank": 0.0012109056115150452,