{
  "losses": [
    1.0039774179458618,
    1.0003514761971954,
    0.999509608509517,
    0.9970893889370531,
    0.9921478348203224,
    0.983939766293705,
    0.9718196414484837,
    0.9571725257552496,
    0.9410120071751056,
    0.9247535707926986,
    0.9099241391266927,
    0.8960990490299641,
    0.8838260789908985,
    0.8743648938613363,
    0.8658784728239078,
    0.8564281788202796,
    0.8429866060171977,
    0.8289239552941653,
    0.8132799772932978,
    0.8023745030459791
  ],
  "metrics": {
    "both": {
      "optimistic": {
        "adjusted_arithmetic_mean_rank": 0.6611980778614257,
        "adjusted_arithmetic_mean_rank_index": 0.3388609754457995,
        "adjusted_geometric_mean_rank_index": 0.7829195492051552,
        "adjusted_hits_at_k": 0.11298081596996586,
        "adjusted_inverse_harmonic_mean_rank": 0.06613691246033107,
        "arithmetic_mean_rank": 3794.101230807484,
        "count": 32174.0,
        "geometric_mean_rank": 886.811966233946,
        "harmonic_mean_rank": 14.925231214091403,
        "hits_at_1": 0.041275564120096975,
        "hits_at_10": 0.11381861130105053,
        "hits_at_3": 0.07645925281283024,
        "hits_at_5": 0.0914713744016908,
        "inverse_arithmetic_mean_rank": 0.0002635670318651919,
        "inverse_geometric_mean_rank": 0.0011276347614553887,
        "inverse_harmonic_mean_rank": 0.06700063708600153,
        "inverse_median_rank": 0.0003660992128866923,
        "median_absolute_deviation": 3913.3285557455365,
        "median_rank": 2731.5,
        "standard_deviation": 3759.629833445138,
        "variance": 14134816.484530715,
        "z_arithmetic_mean_rank": 102.73840353499938,
        "z_geometric_mean_rank": 140.7378884421632,
        "z_hits_at_k": 659.1352845479506,
        "z_inverse_harmonic_mean_rank": 953.7707218191318
      },
      "pessimistic": {
        "adjusted_arithmetic_mean_rank": 0.6611981049438549,
        "adjusted_arithmetic_mean_rank_index": 0.3388609483586499,
        "adjusted_geometric_mean_rank_index": 0.7829195338785323,
        "adjusted_hits_at_k": 0.11298081596996586,
        "adjusted_inverse_harmonic_mean_rank": 0.06613691238815952,
        "arithmetic_mean_rank": 3794.1013862124696,
        "count": 32174.0,
        "geometric_mean_rank": 886.8120287753028,
        "harmonic_mean_rank": 14.925231230153647,
        "hits_at_1": 0.041275564120096975,
        "hits_at_10": 0.11381861130105053,
        "hits_at_3": 0.07645925281283024,
        "hits_at_5": 0.0914713744016908,
        "inverse_arithmetic_mean_rank": 0.00026356702106958404,
        "inverse_geometric_mean_rank": 0.0011276346819302971,
        "inverse_harmonic_mean_rank": 0.06700063701389673,
        "inverse_median_rank": 0.0003660992128866923,
        "median_absolute_deviation": 3913.3285557455365,
        "median_rank": 2731.5,
        "standard_deviation": 3759.629858180057,
        "variance": 14134816.670518996,
        "z_arithmetic_mean_rank": 102.73839532251489,
        "z_geometric_mean_rank": 140.73788568704418,
        "z_hits_at_k": 659.1352845479506,
        "z_inverse_harmonic_mean_rank": 953.7707207783347
      },
      "realistic": {
        "adjusted_arithmetic_mean_rank": 0.661198093119095,
        "adjusted_arithmetic_mean_rank_index": 0.33886096018547085,
        "adjusted_geometric_mean_rank_index": 0.7829194483134303,
        "adjusted_hits_at_k": 0.11298081596996586,
        "adjusted_inverse_harmonic_mean_rank": 0.06613691150189696,
        "arithmetic_mean_rank": 3794.101318359375,
        "count": 32174.0,
        "geometric_mean_rank": 886.8123779296875,
        "harmonic_mean_rank": 14.92523142739714,
        "hits_at_1": 0.041275564120096975,
        "hits_at_10": 0.11381861130105053,
        "hits_at_3": 0.07645925281283024,
        "hits_at_5": 0.0914713744016908,
        "inverse_arithmetic_mean_rank": 0.00026356702437624335,
        "inverse_geometric_mean_rank": 0.001127634197473526,
        "inverse_harmonic_mean_rank": 0.06700063612845387,
        "inverse_median_rank": 0.0003660992078948766,
        "median_absolute_deviation": 3913.3285557455365,
        "median_rank": 2731.5,
        "standard_deviation": 3759.6298828125,
        "variance": 14134816.0,
        "z_arithmetic_mean_rank": 102.73839890825883,
        "z_geometric_mean_rank": 140.7378703058319,
        "z_hits_at_k": 659.1352845479506,
        "z_inverse_harmonic_mean_rank": 953.7707079974043
      }
    },
    "head": {
      "optimistic": {
        "adjusted_arithmetic_mean_rank": 0.6195354450118575,
        "adjusted_arithmetic_mean_rank_index": 0.3805399537770552,
        "adjusted_geometric_mean_rank_index": 0.7560524534794684,
        "adjusted_hits_at_k": 0.09596808151000193,
        "adjusted_inverse_harmonic_mean_rank": 0.055201036967451135,
        "arithmetic_mean_rank": 3126.8140113134828,
        "count": 16087.0,
        "geometric_mean_rank": 859.5461283786116,
        "harmonic_mean_rank": 17.79009715356514,
        "hits_at_1": 0.033070180891403,
        "hits_at_10": 0.09697271088456517,
        "hits_at_3": 0.06508360788214086,
        "hits_at_5": 0.07782681668427924,
        "inverse_arithmetic_mean_rank": 0.00031981435300653825,
        "inverse_geometric_mean_rank": 0.0011634046934587802,
        "inverse_harmonic_mean_rank": 0.05621104771761181,
        "inverse_median_rank": 0.00042517006802721087,
        "median_absolute_deviation": 3236.520642997729,
        "median_rank": 2352.0,
        "standard_deviation": 3104.9982233528604,
        "variance": 9641013.96702442,
        "z_arithmetic_mean_rank": 80.01470188137216,
        "z_geometric_mean_rank": 96.13113929166339,
        "z_hits_at_k": 364.9584587551412,
        "z_inverse_harmonic_mean_rank": 519.1062616372704
      },
      "pessimistic": {
        "adjusted_arithmetic_mean_rank": 0.6195354819615053,
        "adjusted_arithmetic_mean_rank_index": 0.3805399168200849,
        "adjusted_geometric_mean_rank_index": 0.7560524445375353,
        "adjusted_hits_at_k": 0.09596808151000193,
        "adjusted_inverse_harmonic_mean_rank": 0.055201036959552814,
        "arithmetic_mean_rank": 3126.8141977994655,
        "count": 16087.0,
        "geometric_mean_rank": 859.546159848746,
        "harmonic_mean_rank": 17.790097156062185,
        "hits_at_1": 0.033070180891403,
        "hits_at_10": 0.09697271088456517,
        "hits_at_3": 0.06508360788214086,
        "hits_at_5": 0.07782681668427924,
        "inverse_arithmetic_mean_rank": 0.0003198143339325255,
        "inverse_geometric_mean_rank": 0.001163404650863625,
        "inverse_harmonic_mean_rank": 0.056211047709721934,
        "inverse_median_rank": 0.00042517006802721087,
        "median_absolute_deviation": 3236.520642997729,
        "median_rank": 2352.0,
        "standard_deviation": 3104.9983683987484,
        "variance": 9641014.867758889,
        "z_arithmetic_mean_rank": 80.01469411056931,
        "z_geometric_mean_rank": 96.1311381547076,
        "z_hits_at_k": 364.9584587551412,
        "z_inverse_harmonic_mean_rank": 519.1062615629952
      },
      "realistic": {
        "adjusted_arithmetic_mean_rank": 0.6195354358045154,
        "adjusted_arithmetic_mean_rank_index": 0.38053996298622206,
        "adjusted_geometric_mean_rank_index": 0.7560524841299086,
        "adjusted_hits_at_k": 0.09596808151000193,
        "adjusted_inverse_harmonic_mean_rank": 0.05520103860068122,
        "arithmetic_mean_rank": 3126.81396484375,
        "count": 16087.0,
        "geometric_mean_rank": 859.5460205078125,
        "harmonic_mean_rank": 17.790096637220728,
        "hits_at_1": 0.033070180891403,
        "hits_at_10": 0.09697271088456517,
        "hits_at_3": 0.06508360788214086,
        "hits_at_5": 0.07782681668427924,
        "inverse_arithmetic_mean_rank": 0.000319814367685467,
        "inverse_geometric_mean_rank": 0.0011634047841653228,
        "inverse_harmonic_mean_rank": 0.05621104934909594,