{
  "losses": [
    1.0038422547697732,
    1.0000770432815644,
    1.0000769494513815,
    1.0000782532123464,
    1.0000047059389796,
    0.996178959045387,
    0.9317494091326303,
    0.8687807992281995,
    0.8612821974458486,
    0.8583717379546804,
    0.8551890160480555,
    0.8120785325838121,
    0.6598842658845757,
    0.5440315290596653,
    0.40844922115767957,
    0.34608388298764425,
    0.3292155989112645,
    0.31916023888727174,
    0.31253242706585393,
    0.30726362946114694
  ],
  "metrics": {
    "both": {
      "optimistic": {
        "adjusted_arithmetic_mean_rank": 0.02673485791307361,
        "adjusted_arithmetic_mean_rank_index": 0.9732818934662962,
        "adjusted_geometric_mean_rank_index": 0.9999623220363627,
        "adjusted_hits_at_k": 0.9282777348118632,
        "adjusted_inverse_harmonic_mean_rank": 0.6590663279422578,
        "arithmetic_mean_rank": 1553.3379405241108,
        "count": 48692.0,
        "geometric_mean_rank": 2.6107450135621377,
        "harmonic_mean_rank": 1.5172152943192412,
        "hits_at_1": 0.4473014047482133,
        "hits_at_10": 0.9282839070073112,
        "hits_at_3": 0.8722172020044361,
        "hits_at_5": 0.9095744680851063,
        "inverse_arithmetic_mean_rank": 0.0006437749145962344,
        "inverse_geometric_mean_rank": 0.3830324274508853,
        "inverse_harmonic_mean_rank": 0.6591022406274184,
        "inverse_median_rank": 0.5,
        "median_absolute_deviation": 1.482602218505602,
        "median_rank": 2.0,
        "standard_deviation": 10015.551191977895,
        "variance": 100311265.67912981,
        "z_arithmetic_mean_rank": 371.9840686703277,
        "z_geometric_mean_rank": 220.72593536238972,
        "z_hits_at_k": 22079.80412608309,
        "z_inverse_harmonic_mean_rank": 38664.86583306742
      },
      "pessimistic": {
        "adjusted_arithmetic_mean_rank": 0.02673485932695933,
        "adjusted_arithmetic_mean_rank_index": 0.9732818920523861,
        "adjusted_geometric_mean_rank_index": 0.9999623220360612,
        "adjusted_hits_at_k": 0.9282777348118632,
        "adjusted_inverse_harmonic_mean_rank": 0.6590663279413878,
        "arithmetic_mean_rank": 1553.338022673129,
        "count": 48692.0,
        "geometric_mean_rank": 2.610745026451267,
        "harmonic_mean_rank": 1.5172152943212438,
        "hits_at_1": 0.4473014047482133,
        "hits_at_10": 0.9282839070073112,
        "hits_at_3": 0.8722172020044361,
        "hits_at_5": 0.9095744680851063,
        "inverse_arithmetic_mean_rank": 0.0006437748805498926,
        "inverse_geometric_mean_rank": 0.3830324255598716,
        "inverse_harmonic_mean_rank": 0.6591022406265484,
        "inverse_median_rank": 0.5,
        "median_absolute_deviation": 1.482602218505602,
        "median_rank": 2.0,
        "standard_deviation": 10015.55171811615,
        "variance": 100311276.21825938,
        "z_arithmetic_mean_rank": 371.9840681299375,
        "z_geometric_mean_rank": 220.72593536232318,
        "z_hits_at_k": 22079.80412608309,
        "z_inverse_harmonic_mean_rank": 38664.86583301638
      },
      "realistic": {
        "adjusted_arithmetic_mean_rank": 0.026734859155228826,
        "adjusted_arithmetic_mean_rank_index": 0.9732818922241195,
        "adjusted_geometric_mean_rank_index": 0.9999623220266217,
        "adjusted_hits_at_k": 0.9282777348118632,
        "adjusted_inverse_harmonic_mean_rank": 0.6590662787630805,
        "arithmetic_mean_rank": 1553.3380126953125,
        "count": 48692.0,
        "geometric_mean_rank": 2.610745429992676,
        "harmonic_mean_rank": 1.5172154075149507,
        "hits_at_1": 0.4473014047482133,
        "hits_at_10": 0.9282839070073112,
        "hits_at_3": 0.8722172020044361,
        "hits_at_5": 0.9095744680851063,
        "inverse_arithmetic_mean_rank": 0.0006437748670578003,
        "inverse_geometric_mean_rank": 0.38303235173225403,
        "inverse_harmonic_mean_rank": 0.6591021914534215,
        "inverse_median_rank": 0.5,
        "median_absolute_deviation": 1.482602218505602,
        "median_rank": 2.0,
        "standard_deviation": 10015.55078125,
        "variance": 100311264.0,
        "z_arithmetic_mean_rank": 371.9840681955733,
        "z_geometric_mean_rank": 220.72593536023956,
        "z_hits_at_k": 22079.80412608309,
        "z_inverse_harmonic_mean_rank": 38664.8629479158
      }
    },
    "head": {
      "optimistic": {
        "adjusted_arithmetic_mean_rank": 0.026736803336941287,
        "adjusted_arithmetic_mean_rank_index": 0.9732799480184158,
        "adjusted_geometric_mean_rank_index": 0.9999630436781469,
        "adjusted_hits_at_k": 0.9283188128525837,
        "adjusted_inverse_harmonic_mean_rank": 0.6660143514341405,
        "arithmetic_mean_rank": 1553.4500944713711,
        "count": 24346.0,
        "geometric_mean_rank": 2.5799099152470593,
        "harmonic_mean_rank": 1.5013898389943219,
        "hits_at_1": 0.45880226731290563,
        "hits_at_10": 0.9283249815164709,
        "hits_at_3": 0.8745995235356937,
        "hits_at_5": 0.9110326131602727,
        "inverse_arithmetic_mean_rank": 0.0006437284361814619,
        "inverse_geometric_mean_rank": 0.38761043325198324,
        "inverse_harmonic_mean_rank": 0.6660495322586114,
        "inverse_median_rank": 0.5,
        "median_absolute_deviation": 1.482602218505602,
        "median_rank": 2.0,
        "standard_deviation": 10015.235033638182,
        "variance": 100304932.7790136,
        "z_arithmetic_mean_rank": 263.031931680245,
        "z_geometric_mean_rank": 156.0803421907605,
        "z_hits_at_k": 15613.465705268914,
        "z_inverse_harmonic_mean_rank": 27628.407355051535
      },
      "pessimistic": {
        "adjusted_arithmetic_mean_rank": 0.026736804750827806,
        "adjusted_arithmetic_mean_rank_index": 0.9732799466045049,
        "adjusted_geometric_mean_rank_index": 0.9999630436780839,
        "adjusted_hits_at_k": 0.9283188128525837,
        "adjusted_inverse_harmonic_mean_rank": 0.666014351434127,
        "arithmetic_mean_rank": 1553.4501766203894,
        "count": 24346.0,
        "geometric_mean_rank": 2.5799099179435467,
        "harmonic_mean_rank": 1.5013898389943523,
        "hits_at_1": 0.45880226731290563,
        "hits_at_10": 0.9283249815164709,
        "hits_at_3": 0.8745995235356937,
        "hits_at_5": 0.9110326131602727,
        "inverse_arithmetic_mean_rank": 0.000643728402140036,
        "inverse_geometric_mean_rank": 0.387610432846858,
        "inverse_harmonic_mean_rank": 0.666049532258598,
        "inverse_median_rank": 0.5,
        "median_absolute_deviation": 1.482602218505602,
        "median_rank": 2.0,
        "standard_deviation": 10015.235675509606,
        "variance": 100304945.63600035,
        "z_arithmetic_mean_rank": 263.03193129813116,
        "z_geometric_mean_rank": 156.08034219075066,
        "z_hits_at_k": 15613.465705268914,
        "z_inverse_harmonic_mean_rank": 27628.40735505098
      },
      "realistic": {
        "adjusted_arithmetic_mean_rank": 0.0267368029715607,
        "adjusted_arithmetic_mean_rank_index": 0.9732799483838026,
        "adjusted_geometric_mean_rank_index": 0.999963043675231,
        "adjusted_hits_at_k": 0.9283188128525837,
        "adjusted_inverse_harmonic_mean_rank": 0.6660143386666059,
        "arithmetic_mean_rank": 1553.4500732421875,
        "count": 24346.0,
        "geometric_mean_rank": 2.5799100399017334,
        "harmonic_mean_rank": 1.5013898677715027,
        "hits_at_1": 0.45880226731290563,
        "hits_at_10": 0.9283249815164709,
        "hits_at_3": 0.8745995235356937,
        "hits_at_5": 0.9110326131602727,
        "inverse_arithmetic_mean_rank": 0.0006437284173443913,
        "inverse_geometric_mean_rank": 0.38761040568351746,
        "inverse_harmonic_mean_rank": 0.6660495194924217,
        "inverse_median_rank": 0.5,
        "median_absolute_deviation": 1.482602218505602,
        "median_rank": 2.0,
        "standard_deviation": 10015.2353515625,