{
  "losses": [
    0.9329124198197738,
    0.6819182883068883,
    0.5015075324950717,
    0.3570880259765616,
    0.24771153658555953,
    0.17227837082605874,
    0.12170206071976618,
    0.0883386141718014,
    0.06537571593829025,
    0.048832276700078135,
    0.037735763329949115,
    0.029391831573361754,
    0.023141737604726768,
    0.01906710727833701,
    0.01527200159990657,
    0.012957132994729817
  ],
  "metrics": {
    "both": {
      "optimistic": {
        "adjusted_arithmetic_mean_rank": 0.07698451228327473,
        "adjusted_arithmetic_mean_rank_index": 0.923031374222807,
        "adjusted_geometric_mean_rank_index": 0.9996151568774685,
        "adjusted_hits_at_k": 0.5809628710285321,
        "adjusted_inverse_harmonic_mean_rank": 0.41425176331247504,
        "arithmetic_mean_rank": 4472.923108518853,
        "count": 48692.0,
        "geometric_mean_rank": 17.452166751552923,
        "harmonic_mean_rank": 2.4136314342748033,
        "hits_at_1": 0.32650127330978396,
        "hits_at_10": 0.5809989320627619,
        "hits_at_3": 0.46099975355294504,
        "hits_at_5": 0.5163681919001067,
        "inverse_arithmetic_mean_rank": 0.000223567447000254,
        "inverse_geometric_mean_rank": 0.05729947543109616,
        "inverse_harmonic_mean_rank": 0.41431346385346474,
        "inverse_median_rank": 0.2,
        "median_absolute_deviation": 5.930408874022408,
        "median_rank": 5.0,
        "standard_deviation": 17200.969465575432,
        "variance": 295873350.5556584,
        "z_arithmetic_mean_rank": 352.77854072773175,
        "z_geometric_mean_rank": 220.64930412065843,
        "z_hits_at_k": 13818.65137531997,
        "z_inverse_harmonic_mean_rank": 24302.544630973374
      },
      "pessimistic": {
        "adjusted_arithmetic_mean_rank": 0.07698457555466069,
        "adjusted_arithmetic_mean_rank_index": 0.9230313109503321,
        "adjusted_geometric_mean_rank_index": 0.9996151562015814,
        "adjusted_hits_at_k": 0.5809628710285321,
        "adjusted_inverse_harmonic_mean_rank": 0.41425172813733435,
        "arithmetic_mean_rank": 4472.926784687423,
        "count": 48692.0,
        "geometric_mean_rank": 17.45219564594376,
        "harmonic_mean_rank": 2.4136316391701227,
        "hits_at_1": 0.32650127330978396,
        "hits_at_10": 0.5809989320627619,
        "hits_at_3": 0.46099975355294504,
        "hits_at_5": 0.5163681919001067,
        "inverse_arithmetic_mean_rank": 0.00022356726325666474,
        "inverse_geometric_mean_rank": 0.05729938056432573,
        "inverse_harmonic_mean_rank": 0.41431342868202925,
        "inverse_median_rank": 0.2,
        "median_absolute_deviation": 5.930408874022408,
        "median_rank": 5.0,
        "standard_deviation": 17200.977803943926,
        "variance": 295873637.41177166,
        "z_arithmetic_mean_rank": 352.77851654526944,
        "z_geometric_mean_rank": 220.649303971467,
        "z_hits_at_k": 13818.65137531997,
        "z_inverse_harmonic_mean_rank": 24302.542567384266
      },
      "realistic": {
        "adjusted_arithmetic_mean_rank": 0.07698454988034623,
        "adjusted_arithmetic_mean_rank_index": 0.9230313366250884,
        "adjusted_geometric_mean_rank_index": 0.999615156413544,
        "adjusted_hits_at_k": 0.5809628710285321,
        "adjusted_inverse_harmonic_mean_rank": 0.41425173903585016,
        "arithmetic_mean_rank": 4472.92529296875,
        "count": 48692.0,
        "geometric_mean_rank": 17.452186584472656,
        "harmonic_mean_rank": 2.413631575686226,
        "hits_at_1": 0.32650127330978396,
        "hits_at_10": 0.5809989320627619,
        "hits_at_3": 0.46099975355294504,
        "hits_at_5": 0.5163681919001067,
        "inverse_arithmetic_mean_rank": 0.00022356733097694814,
        "inverse_geometric_mean_rank": 0.0572994090616703,
        "inverse_harmonic_mean_rank": 0.41431343957939704,
        "inverse_median_rank": 0.20000000298023224,
        "median_absolute_deviation": 5.930408874022408,
        "median_rank": 5.0,
        "standard_deviation": 17200.974609375,
        "variance": 295873504.0,
        "z_arithmetic_mean_rank": 352.7785263580487,
        "z_geometric_mean_rank": 220.6493040182544,
        "z_hits_at_k": 13818.65137531997,
        "z_inverse_harmonic_mean_rank": 24302.543206757928
      }
    },
    "head": {
      "optimistic": {
        "adjusted_arithmetic_mean_rank": 0.07699990001206618,
        "adjusted_arithmetic_mean_rank_index": 0.9230159862381511,
        "adjusted_geometric_mean_rank_index": 0.9995929474369342,
        "adjusted_hits_at_k": 0.5707344379997127,
        "adjusted_inverse_harmonic_mean_rank": 0.4023355343005984,
        "arithmetic_mean_rank": 4473.814630740163,
        "count": 24346.0,
        "geometric_mean_rank": 18.40179617905846,
        "harmonic_mean_rank": 2.4850987879886364,
        "hits_at_1": 0.31348065390618585,
        "hits_at_10": 0.5707713792820176,
        "hits_at_3": 0.44988909882526906,
        "hits_at_5": 0.50533968619075,
        "inverse_arithmetic_mean_rank": 0.000223522895456792,
        "inverse_geometric_mean_rank": 0.05434252125550744,
        "inverse_harmonic_mean_rank": 0.4023984900855268,
        "inverse_median_rank": 0.2,
        "median_absolute_deviation": 5.930408874022408,
        "median_rank": 5.0,
        "standard_deviation": 17114.359024304707,
        "variance": 292901284.8128,
        "z_arithmetic_mean_rank": 249.44793974875307,
        "z_geometric_mean_rank": 156.022575307937,
        "z_hits_at_k": 9599.226527729032,
        "z_inverse_harmonic_mean_rank": 16690.16592680503
      },
      "pessimistic": {
        "adjusted_arithmetic_mean_rank": 0.07699996293001629,
        "adjusted_arithmetic_mean_rank_index": 0.9230159233191181,
        "adjusted_geometric_mean_rank_index": 0.9995929468983522,
        "adjusted_hits_at_k": 0.5707344379997127,
        "adjusted_inverse_harmonic_mean_rank": 0.40233552754038404,
        "arithmetic_mean_rank": 4473.818286371478,
        "count": 24346.0,
        "geometric_mean_rank": 18.401819203833643,
        "harmonic_mean_rank": 2.485098829733403,
        "hits_at_1": 0.31348065390618585,
        "hits_at_10": 0.5707713792820176,
        "hits_at_3": 0.44988909882526906,
        "hits_at_5": 0.50533968619075,
        "inverse_arithmetic_mean_rank": 0.00022352271281251724,
        "inverse_geometric_mean_rank": 0.05434245326090751,
        "inverse_harmonic_mean_rank": 0.40239848332602457,
        "inverse_median_rank": 0.2,
        "median_absolute_deviation": 5.930408874022408,
        "median_rank": 5.0,
        "standard_deviation": 17114.367560315255,
        "variance": 292901576.98957115,
        "z_arithmetic_mean_rank": 249.4479227446888,
        "z_geometric_mean_rank": 156.02257522387183,
        "z_hits_at_k": 9599.226527729032,
        "z_inverse_harmonic_mean_rank": 16690.1656463697
      },
      "realistic": {
        "adjusted_arithmetic_mean_rank": 0.07699993057079317,
        "adjusted_arithmetic_mean_rank_index": 0.9230159556788982,
        "adjusted_geometric_mean_rank_index": 0.9995929470762229,
        "adjusted_hits_at_k": 0.5707344379997127,
        "adjusted_inverse_harmonic_mean_rank": 0.4023355067419476,
        "arithmetic_mean_rank": 4473.81640625,
        "count": 24346.0,
        "geometric_mean_rank": 18.401811599731445,
        "harmonic_mean_rank": 2.4850989581651204,
        "hits_at_1": 0.31348065390618585,
        "hits_at_10": 0.5707713792820176,
        "hits_at_3": 0.44988909882526906,
        "hits_at_5": 0.50533968619075,
        "inverse_arithmetic_mean_rank": 0.00022352280211634934,
        "inverse_geometric_mean_rank": 0.05434247478842735,
        "inverse_harmonic_mean_rank": 0.402398462529779,
        "inverse_median_rank": 0.20000000298023224,
        "median_absolute_deviation": 5.930408874022408,
        "median_rank": 5.0,
        "standard_deviation": 17114.36328125,
        "variance": 292901440.0,