{
  "losses": [
    1.3717655939833513,
    0.5748675229648749,
    0.40934439390779487,
    0.32235564077125184,
    0.27142280529415796,
    0.23484745623159503,
    0.21205711428312554,
    0.19514722745156005,
    0.18330975133363928,
    0.17486613455213726,
    0.1653624538494836,
    0.16021377621366392,
    0.15499765076304947,
    0.1508614365676684,
    0.14681020112235157,
    0.14562131562787625
  ],
  "metrics": {
    "both": {
      "optimistic": {
        "adjusted_arithmetic_mean_rank": 0.164584097830812,
        "adjusted_arithmetic_mean_rank_index": 0.8355615154869057,
        "adjusted_geometric_mean_rank_index": 0.9837181975414196,
        "adjusted_hits_at_k": 0.3218870246105972,
        "adjusted_inverse_harmonic_mean_rank": 0.23156937412674228,
        "arithmetic_mean_rank": 944.4200596755144,
        "count": 32174.0,
        "geometric_mean_rank": 67.4390339934296,
        "harmonic_mean_rank": 4.305147267542225,
        "hits_at_1": 0.17206439982594643,
        "hits_at_10": 0.32252750668241437,
        "hits_at_3": 0.2713681854913906,
        "hits_at_5": 0.29607757816870767,
        "inverse_arithmetic_mean_rank": 0.0010588508680592636,
        "inverse_geometric_mean_rank": 0.014828207653410742,
        "inverse_harmonic_mean_rank": 0.23228009121529825,
        "inverse_median_rank": 0.007246376811594203,
        "median_absolute_deviation": 203.11650393526747,
        "median_rank": 138.0,
        "standard_deviation": 2137.1881715023233,
        "variance": 4567573.280409444,
        "z_arithmetic_mean_rank": 253.33178612106082,
        "z_geometric_mean_rank": 176.8335227861731,
        "z_hits_at_k": 1877.9037285002473,
        "z_inverse_harmonic_mean_rank": 3339.4980336365397
      },
      "pessimistic": {
        "adjusted_arithmetic_mean_rank": 0.16458411408026946,
        "adjusted_arithmetic_mean_rank_index": 0.8355614992346159,
        "adjusted_geometric_mean_rank_index": 0.983718196800225,
        "adjusted_hits_at_k": 0.3218870246105972,
        "adjusted_inverse_harmonic_mean_rank": 0.2315693741002983,
        "arithmetic_mean_rank": 944.4201529185057,
        "count": 32174.0,
        "geometric_mean_rank": 67.43903701792607,
        "harmonic_mean_rank": 4.305147268031892,
        "hits_at_1": 0.17206439982594643,
        "hits_at_10": 0.32252750668241437,
        "hits_at_3": 0.2713681854913906,
        "hits_at_5": 0.29607757816870767,
        "inverse_arithmetic_mean_rank": 0.0010588507635184807,
        "inverse_geometric_mean_rank": 0.014828206988397366,
        "inverse_harmonic_mean_rank": 0.23228009118887874,
        "inverse_median_rank": 0.007246376811594203,
        "median_absolute_deviation": 203.11650393526747,
        "median_rank": 138.0,
        "standard_deviation": 2137.1882548659337,
        "variance": 4567573.636736895,
        "z_arithmetic_mean_rank": 253.33178119357012,
        "z_geometric_mean_rank": 176.8335226529357,
        "z_hits_at_k": 1877.9037285002473,
        "z_inverse_harmonic_mean_rank": 3339.4980332551872
      },
      "realistic": {
        "adjusted_arithmetic_mean_rank": 0.16458410572610704,
        "adjusted_arithmetic_mean_rank_index": 0.8355615075902345,
        "adjusted_geometric_mean_rank_index": 0.9837181957906187,
        "adjusted_hits_at_k": 0.3218870246105972,
        "adjusted_inverse_harmonic_mean_rank": 0.23156936603105435,
        "arithmetic_mean_rank": 944.4201049804688,
        "count": 32174.0,
        "geometric_mean_rank": 67.43904113769531,
        "harmonic_mean_rank": 4.305147417451304,
        "hits_at_1": 0.17206439982594643,
        "hits_at_10": 0.32252750668241437,
        "hits_at_3": 0.2713681854913906,
        "hits_at_5": 0.29607757816870767,
        "inverse_arithmetic_mean_rank": 0.0010588507866486907,
        "inverse_geometric_mean_rank": 0.014828206039965153,
        "inverse_harmonic_mean_rank": 0.232280083127098,
        "inverse_median_rank": 0.007246376946568489,
        "median_absolute_deviation": 203.11650393526747,
        "median_rank": 138.0,
        "standard_deviation": 2137.188232421875,
        "variance": 4567573.5,
        "z_arithmetic_mean_rank": 253.331783726889,
        "z_geometric_mean_rank": 176.83352247144853,
        "z_hits_at_k": 1877.9037285002473,
        "z_inverse_harmonic_mean_rank": 3339.497916887363
      }
    },
    "head": {
      "optimistic": {
        "adjusted_arithmetic_mean_rank": 0.2444263904360271,
        "adjusted_arithmetic_mean_rank_index": 0.7557233458123266,
        "adjusted_geometric_mean_rank_index": 0.8964257996088343,
        "adjusted_hits_at_k": 0.027140429424234894,
        "adjusted_inverse_harmonic_mean_rank": 0.015559325569877509,
        "arithmetic_mean_rank": 1233.6273388450302,
        "count": 16087.0,
        "geometric_mean_rank": 365.51782366362784,
        "harmonic_mean_rank": 60.19848339467416,
        "hits_at_1": 0.004537825573444396,
        "hits_at_10": 0.028221545347174738,
        "hits_at_3": 0.011499968919002922,
        "hits_at_5": 0.016348604463231182,
        "inverse_arithmetic_mean_rank": 0.0008106175734855543,
        "inverse_geometric_mean_rank": 0.0027358446982882617,
        "inverse_harmonic_mean_rank": 0.016611714176315465,
        "inverse_median_rank": 0.002638522427440633,
        "median_absolute_deviation": 418.09382561857973,
        "median_rank": 379.0,
        "standard_deviation": 2268.3979570740307,
        "variance": 5145629.291657636,
        "z_arithmetic_mean_rank": 158.90309971339587,
        "z_geometric_mean_rank": 113.97943755125682,
        "z_hits_at_k": 103.21274674631402,
        "z_inverse_harmonic_mean_rank": 146.3186884503422
      },
      "pessimistic": {
        "adjusted_arithmetic_mean_rank": 0.24442641506912555,
        "adjusted_arithmetic_mean_rank_index": 0.7557233211743465,
        "adjusted_geometric_mean_rank_index": 0.8964257935513442,
        "adjusted_hits_at_k": 0.027140429424234894,
        "adjusted_inverse_harmonic_mean_rank": 0.015559325532830976,
        "arithmetic_mean_rank": 1233.6274631690185,
        "count": 16087.0,
        "geometric_mean_rank": 365.51784498228704,
        "harmonic_mean_rank": 60.198483528782006,
        "hits_at_1": 0.004537825573444396,
        "hits_at_10": 0.028221545347174738,
        "hits_at_3": 0.011499968919002922,
        "hits_at_5": 0.016348604463231182,
        "inverse_arithmetic_mean_rank": 0.0008106174917921641,
        "inverse_geometric_mean_rank": 0.0027358445387213855,
        "inverse_harmonic_mean_rank": 0.016611714139308537,
        "inverse_median_rank": 0.002638522427440633,
        "median_absolute_deviation": 418.09382561857973,
        "median_rank": 379.0,
        "standard_deviation": 2268.3980698871655,
        "variance": 5145629.803467818,
        "z_arithmetic_mean_rank": 158.90309453286062,
        "z_geometric_mean_rank": 113.97943678105442,
        "z_hits_at_k": 103.21274674631402,
        "z_inverse_harmonic_mean_rank": 146.31868810195948
      },
      "realistic": {
        "adjusted_arithmetic_mean_rank": 0.24442641075713054,
        "adjusted_arithmetic_mean_rank_index": 0.755723325487196,
        "adjusted_geometric_mean_rank_index": 0.8964258346911572,
        "adjusted_hits_at_k": 0.027140429424234894,
        "adjusted_inverse_harmonic_mean_rank": 0.015559326818258622,
        "arithmetic_mean_rank": 1233.62744140625,
        "count": 16087.0,
        "geometric_mean_rank": 365.5177001953125,
        "harmonic_mean_rank": 60.19847887555557,
        "hits_at_1": 0.004537825573444396,
        "hits_at_10": 0.028221545347174738,
        "hits_at_3": 0.011499968919002922,
        "hits_at_5": 0.016348604463231182,
        "inverse_arithmetic_mean_rank": 0.0008106175228022039,
        "inverse_geometric_mean_rank": 0.002735845511779189,
        "inverse_harmonic_mean_rank": 0.016611715423362032,
        "inverse_median_rank": 0.0026385225355625153,
        "median_absolute_deviation": 418.09382561857973,