{
  "losses": [
    0.8327686236636473,
    0.7034135626094176,
    0.6400798331392874,
    0.5997922432304609,
    0.5661943738413329,
    0.5365618142751184,
    0.5037441951803642,
    0.46802316868659294,
    0.4313511284861234,
    0.3976508648678808,
    0.3648165829110854,
    0.3393322687928039,
    0.31588137076042666,
    0.29846932415915006,
    0.2828147481868763,
    0.26790690947287155
  ],
  "metrics": {
    "both": {
      "optimistic": {
        "adjusted_arithmetic_mean_rank": 0.2790421996704247,
        "adjusted_arithmetic_mean_rank_index": 0.7210834635554821,
        "adjusted_geometric_mean_rank_index": 0.9684191600819019,
        "adjusted_hits_at_k": 0.27055489590515536,
        "adjusted_inverse_harmonic_mean_rank": 0.18451101311763787,
        "arithmetic_mean_rank": 1601.2060359296327,
        "count": 32174.0,
        "geometric_mean_rank": 129.86782665477253,
        "harmonic_mean_rank": 5.3976661961637635,
        "hits_at_1": 0.13277801951886617,
        "hits_at_10": 0.271243861503077,
        "hits_at_3": 0.2155777957356872,
        "hits_at_5": 0.2420588052464723,
        "inverse_arithmetic_mean_rank": 0.0006245292470555904,
        "inverse_geometric_mean_rank": 0.007700136560060396,
        "inverse_harmonic_mean_rank": 0.18526525421500153,
        "inverse_median_rank": 0.003676470588235294,
        "median_absolute_deviation": 401.7852012150181,
        "median_rank": 272.0,
        "standard_deviation": 2812.5873116673365,
        "variance": 7910647.385752094,
        "z_arithmetic_mean_rank": 218.62347460847587,
        "z_geometric_mean_rank": 174.0833625309642,
        "z_hits_at_k": 1578.4297251463695,
        "z_inverse_harmonic_mean_rank": 2660.8620756274695
      },
      "pessimistic": {
        "adjusted_arithmetic_mean_rank": 0.27904237841445684,
        "adjusted_arithmetic_mean_rank_index": 0.7210832847802948,
        "adjusted_geometric_mean_rank_index": 0.9684191095605833,
        "adjusted_hits_at_k": 0.27055489590515536,
        "adjusted_inverse_harmonic_mean_rank": 0.18451096840985182,
        "arithmetic_mean_rank": 1601.2070616025362,
        "count": 32174.0,
        "geometric_mean_rank": 129.86803281054742,
        "harmonic_mean_rank": 5.397667497511775,
        "hits_at_1": 0.13277801951886617,
        "hits_at_10": 0.271243861503077,
        "hits_at_3": 0.2155777957356872,
        "hits_at_5": 0.2420588052464723,
        "inverse_arithmetic_mean_rank": 0.0006245288470056895,
        "inverse_geometric_mean_rank": 0.007700124336670352,
        "inverse_harmonic_mean_rank": 0.18526520954856546,
        "inverse_median_rank": 0.003676470588235294,
        "median_absolute_deviation": 401.7852012150181,
        "median_rank": 272.0,
        "standard_deviation": 2812.5880967702115,
        "variance": 7910651.802093481,
        "z_arithmetic_mean_rank": 218.62342040607825,
        "z_geometric_mean_rank": 174.08335344923452,
        "z_hits_at_k": 1578.4297251463695,
        "z_inverse_harmonic_mean_rank": 2660.8614308895194
      },
      "realistic": {
        "adjusted_arithmetic_mean_rank": 0.27904226675894406,
        "adjusted_arithmetic_mean_rank_index": 0.7210833964552692,
        "adjusted_geometric_mean_rank_index": 0.968419133486134,
        "adjusted_hits_at_k": 0.27055489590515536,
        "adjusted_inverse_harmonic_mean_rank": 0.18451099270026575,
        "arithmetic_mean_rank": 1601.2064208984375,
        "count": 32174.0,
        "geometric_mean_rank": 129.86793518066406,
        "harmonic_mean_rank": 5.39766679046971,
        "hits_at_1": 0.13277801951886617,
        "hits_at_10": 0.271243861503077,
        "hits_at_3": 0.2155777957356872,
        "hits_at_5": 0.2420588052464723,
        "inverse_arithmetic_mean_rank": 0.0006245290860533714,
        "inverse_geometric_mean_rank": 0.007700130343437195,
        "inverse_harmonic_mean_rank": 0.18526523381651333,
        "inverse_median_rank": 0.0036764706019312143,
        "median_absolute_deviation": 401.7852012150181,
        "median_rank": 272.0,
        "standard_deviation": 2812.587890625,
        "variance": 7910650.0,
        "z_arithmetic_mean_rank": 218.62345426453174,
        "z_geometric_mean_rank": 174.0833577500998,
        "z_hits_at_k": 1578.4297251463695,
        "z_inverse_harmonic_mean_rank": 2660.861781185364
      }
    },
    "head": {
      "optimistic": {
        "adjusted_arithmetic_mean_rank": 0.43180538226427384,
        "adjusted_arithmetic_mean_rank_index": 0.5683072200412033,
        "adjusted_geometric_mean_rank_index": 0.7969032549110637,
        "adjusted_hits_at_k": 0.019983847154919153,
        "adjusted_inverse_harmonic_mean_rank": 0.012642831306640725,
        "arithmetic_mean_rank": 2179.3347423385344,
        "count": 16087.0,
        "geometric_mean_rank": 715.7762978945498,
        "harmonic_mean_rank": 73.00155838084846,
        "hits_at_1": 0.005781065456579847,
        "hits_at_10": 0.021072916019145894,
        "hits_at_3": 0.010381053024181016,
        "hits_at_5": 0.014359420650214458,
        "inverse_arithmetic_mean_rank": 0.0004588556225772597,
        "inverse_geometric_mean_rank": 0.0013970845401579963,
        "inverse_harmonic_mean_rank": 0.013698337709217235,
        "inverse_median_rank": 0.0013531799729364006,
        "median_absolute_deviation": 892.5265355403724,
        "median_rank": 739.0,
        "standard_deviation": 3012.861525203428,
        "variance": 9077334.570051126,
        "z_arithmetic_mean_rank": 119.49581729141964,
        "z_geometric_mean_rank": 101.32526843511629,
        "z_hits_at_k": 75.99687253201463,
        "z_inverse_harmonic_mean_rank": 118.89220305717663
      },
      "pessimistic": {
        "adjusted_arithmetic_mean_rank": 0.43180569017800463,
        "adjusted_arithmetic_mean_rank_index": 0.5683069120664515,
        "adjusted_geometric_mean_rank_index": 0.7969026527324912,
        "adjusted_hits_at_k": 0.019983847154919153,
        "adjusted_inverse_harmonic_mean_rank": 0.01264274205299684,
        "arithmetic_mean_rank": 2179.3362963883883,
        "count": 16087.0,
        "geometric_mean_rank": 715.778417194741,
        "harmonic_mean_rank": 73.00203352843342,
        "hits_at_1": 0.005781065456579847,
        "hits_at_10": 0.021072916019145894,
        "hits_at_3": 0.010381053024181016,
        "hits_at_5": 0.014359420650214458,
        "inverse_arithmetic_mean_rank": 0.00045885529537465473,
        "inverse_geometric_mean_rank": 0.0013970804036243121,
        "inverse_harmonic_mean_rank": 0.013698248550987446,
        "inverse_median_rank": 0.0013531799729364006,
        "median_absolute_deviation": 892.5265355403724,
        "median_rank": 739.0,
        "standard_deviation": 3012.8623669998233,
        "variance": 9077339.642483778,
        "z_arithmetic_mean_rank": 119.49575253472929,
        "z_geometric_mean_rank": 101.32519186885165,
        "z_hits_at_k": 75.99687253201463,
        "z_inverse_harmonic_mean_rank": 118.89136372284597
      },
      "realistic": {
        "adjusted_arithmetic_mean_rank": 0.43180552232292374,
        "adjusted_arithmetic_mean_rank_index": 0.5683070799547971,
        "adjusted_geometric_mean_rank_index": 0.796902975083939,
        "adjusted_hits_at_k": 0.019983847154919153,
        "adjusted_inverse_harmonic_mean_rank": 0.01264278663837536,
        "arithmetic_mean_rank": 2179.33544921875,
        "count": 16087.0,
        "geometric_mean_rank": 715.7772827148438,
        "harmonic_mean_rank": 73.00179617449454,
        "hits_at_1": 0.005781065456579847,
        "hits_at_10": 0.021072916019145894,
        "hits_at_3": 0.010381053024181016,
        "hits_at_5": 0.014359420650214458,
        "inverse_arithmetic_mean_rank": 0.0004588554729707539,
        "inverse_geometric_mean_rank": 0.001397082582116127,
        "inverse_harmonic_mean_rank": 0.013698293088703224,
        "inverse_median_rank": 0.0013531799195334315,
        "median_absolute_deviation": 892.5265355403724,