{
  "losses": [
    1.0020801990571684,
    1.0000782604635197,
    1.000078157061788,
    0.9999086655984539,
    0.9905315936336843,
    0.8993155735832641,
    0.857785163424601,
    0.8109770697833848,
    0.5154184546421334,
    0.3433209283871082,
    0.31421411392752563,
    0.30415840454200177,
    0.2978043126943918,
    0.2929210477936877,
    0.2893687086021233,
    0.28627040326015213,
    0.2836349266071389,
    0.28120704593449614,
    0.27935271498060577,
    0.2777455375142341
  ],
  "metrics": {
    "both": {
      "optimistic": {
        "adjusted_arithmetic_mean_rank": 0.025270419062611855,
        "adjusted_arithmetic_mean_rank_index": 0.9747463575219869,
        "adjusted_geometric_mean_rank_index": 0.9999708689021782,
        "adjusted_hits_at_k": 0.9485086715845764,
        "adjusted_inverse_harmonic_mean_rank": 0.6893521374603994,
        "arithmetic_mean_rank": 1468.2517045921302,
        "count": 48692.0,
        "geometric_mean_rank": 2.2453637624276443,
        "harmonic_mean_rank": 1.4505685547997986,
        "hits_at_1": 0.4911895177852625,
        "hits_at_10": 0.9485131027684219,
        "hits_at_3": 0.8898176291793313,
        "hits_at_5": 0.9294339932637805,
        "inverse_arithmetic_mean_rank": 0.0006810821311307743,
        "inverse_geometric_mean_rank": 0.4453621354068791,
        "inverse_harmonic_mean_rank": 0.6893848599510113,
        "inverse_median_rank": 0.5,
        "median_absolute_deviation": 1.482602218505602,
        "median_rank": 2.0,
        "standard_deviation": 10286.246160236828,
        "variance": 105806860.06898688,
        "z_arithmetic_mean_rank": 372.54378040596595,
        "z_geometric_mean_rank": 220.727821948424,
        "z_hits_at_k": 22561.012609791054,
        "z_inverse_harmonic_mean_rank": 40441.616839784576
      },
      "pessimistic": {
        "adjusted_arithmetic_mean_rank": 0.025270419062611855,
        "adjusted_arithmetic_mean_rank_index": 0.9747463575219869,
        "adjusted_geometric_mean_rank_index": 0.9999708689021782,
        "adjusted_hits_at_k": 0.9485086715845764,
        "adjusted_inverse_harmonic_mean_rank": 0.6893521374603994,
        "arithmetic_mean_rank": 1468.2517045921302,
        "count": 48692.0,
        "geometric_mean_rank": 2.2453637624276443,
        "harmonic_mean_rank": 1.4505685547997986,
        "hits_at_1": 0.4911895177852625,
        "hits_at_10": 0.9485131027684219,
        "hits_at_3": 0.8898176291793313,
        "hits_at_5": 0.9294339932637805,
        "inverse_arithmetic_mean_rank": 0.0006810821311307743,
        "inverse_geometric_mean_rank": 0.4453621354068791,
        "inverse_harmonic_mean_rank": 0.6893848599510113,
        "inverse_median_rank": 0.5,
        "median_absolute_deviation": 1.482602218505602,
        "median_rank": 2.0,
        "standard_deviation": 10286.246160236828,
        "variance": 105806860.06898688,
        "z_arithmetic_mean_rank": 372.54378040596595,
        "z_geometric_mean_rank": 220.727821948424,
        "z_hits_at_k": 22561.012609791054,
        "z_inverse_harmonic_mean_rank": 40441.616839784576
      },
      "realistic": {
        "adjusted_arithmetic_mean_rank": 0.025270419138207795,
        "adjusted_arithmetic_mean_rank_index": 0.9747463574463897,
        "adjusted_geometric_mean_rank_index": 0.9999708688977736,
        "adjusted_hits_at_k": 0.9485086715845764,
        "adjusted_inverse_harmonic_mean_rank": 0.6893521321820844,
        "arithmetic_mean_rank": 1468.251708984375,
        "count": 48692.0,
        "geometric_mean_rank": 2.24536395072937,
        "harmonic_mean_rank": 1.4505685659049907,
        "hits_at_1": 0.4911895177852625,
        "hits_at_10": 0.9485131027684219,
        "hits_at_3": 0.8898176291793313,
        "hits_at_5": 0.9294339932637805,
        "inverse_arithmetic_mean_rank": 0.0006810821359977126,
        "inverse_geometric_mean_rank": 0.4453620910644531,
        "inverse_harmonic_mean_rank": 0.6893848546732523,
        "inverse_median_rank": 0.5,
        "median_absolute_deviation": 1.482602218505602,
        "median_rank": 2.0,
        "standard_deviation": 10286.24609375,
        "variance": 105806856.0,
        "z_arithmetic_mean_rank": 372.543780377073,
        "z_geometric_mean_rank": 220.72782194745173,
        "z_hits_at_k": 22561.012609791054,
        "z_inverse_harmonic_mean_rank": 40441.6165301263
      }
    },
    "head": {
      "optimistic": {
        "adjusted_arithmetic_mean_rank": 0.02526543667498807,
        "adjusted_arithmetic_mean_rank_index": 0.9747513400048504,
        "adjusted_geometric_mean_rank_index": 0.9999716330608983,
        "adjusted_hits_at_k": 0.9492686153999661,
        "adjusted_inverse_harmonic_mean_rank": 0.6981147997016094,
        "arithmetic_mean_rank": 1467.96138996139,
        "count": 24346.0,
        "geometric_mean_rank": 2.2127074910237376,
        "harmonic_mean_rank": 1.4323639206593408,
        "hits_at_1": 0.5063254744105808,
        "hits_at_10": 0.9492729811878748,
        "hits_at_3": 0.8925490840384458,
        "hits_at_5": 0.9309948246118459,
        "inverse_arithmetic_mean_rank": 0.0006812168268446773,
        "inverse_geometric_mean_rank": 0.4519350180973704,
        "inverse_harmonic_mean_rank": 0.6981465991824783,
        "inverse_median_rank": 1.0,
        "median_absolute_deviation": 0.0,
        "median_rank": 1.0,
        "standard_deviation": 10284.642344954384,
        "variance": 105773868.16362879,
        "z_arithmetic_mean_rank": 263.4295799388357,
        "z_geometric_mean_rank": 156.08168287410626,
        "z_hits_at_k": 15965.822049961085,
        "z_inverse_harmonic_mean_rank": 28960.036709739834
      },
      "pessimistic": {
        "adjusted_arithmetic_mean_rank": 0.02526543667498807,
        "adjusted_arithmetic_mean_rank_index": 0.9747513400048504,
        "adjusted_geometric_mean_rank_index": 0.9999716330608983,
        "adjusted_hits_at_k": 0.9492686153999661,
        "adjusted_inverse_harmonic_mean_rank": 0.6981147997016094,
        "arithmetic_mean_rank": 1467.96138996139,
        "count": 24346.0,
        "geometric_mean_rank": 2.2127074910237376,
        "harmonic_mean_rank": 1.4323639206593408,
        "hits_at_1": 0.5063254744105808,
        "hits_at_10": 0.9492729811878748,
        "hits_at_3": 0.8925490840384458,
        "hits_at_5": 0.9309948246118459,
        "inverse_arithmetic_mean_rank": 0.0006812168268446773,
        "inverse_geometric_mean_rank": 0.4519350180973704,
        "inverse_harmonic_mean_rank": 0.6981465991824783,
        "inverse_median_rank": 1.0,
        "median_absolute_deviation": 0.0,
        "median_rank": 1.0,
        "standard_deviation": 10284.642344954384,
        "variance": 105773868.16362879,
        "z_arithmetic_mean_rank": 263.4295799388357,
        "z_geometric_mean_rank": 156.08168287410626,
        "z_hits_at_k": 15965.822049961085,
        "z_inverse_harmonic_mean_rank": 28960.036709739834
      },
      "realistic": {
        "adjusted_arithmetic_mean_rank": 0.025265437291492297,
        "adjusted_arithmetic_mean_rank_index": 0.9747513393883356,
        "adjusted_geometric_mean_rank_index": 0.9999716330602315,
        "adjusted_hits_at_k": 0.9492686153999661,
        "adjusted_inverse_harmonic_mean_rank": 0.6981148416555638,
        "arithmetic_mean_rank": 1467.96142578125,
        "count": 24346.0,
        "geometric_mean_rank": 2.21270751953125,
        "harmonic_mean_rank": 1.4323638345928942,
        "hits_at_1": 0.5063254744105808,
        "hits_at_10": 0.9492729811878748,
        "hits_at_3": 0.8925490840384458,
        "hits_at_5": 0.9309948246118459,
        "inverse_arithmetic_mean_rank": 0.0006812168285250664,
        "inverse_geometric_mean_rank": 0.4519350230693817,
        "inverse_harmonic_mean_rank": 0.6981466411320135,
        "inverse_median_rank": 1.0,
        "median_absolute_deviation": 0.0,
        "median_rank": 1.0,
        "standard_deviation": 10284.6435546875,
        "variance": 105773888.0,