{
    "hits@3": {
        "local_kg_hit_rewriting": 0.5866666666666667,
        "online_kg_hit_rewriting": 0.06666666666666667,
        "local_kg_hit_original": 0.5866666666666667,
        "online_kg_hit_original": 0.0
    },
    "mrr": {
        "local_kg_hit_rewriting": 0.6697142857142857,
        "online_kg_hit_rewriting": 0.12195245162719073,
        "local_kg_hit_original": 0.6697142857142857,
        "online_kg_hit_original": 0.004287785470566335
    },
    "query_structure": "2u",
    "number_of_queries": 25,
    "model": {
        "selected_model_name": "TransE",
        "dim": 192,
        "epoch": 24
    },
    "dataset": "dbpedia15k",
    "cutoff_value": 100
}