{
    "hits@3": {
        "local_kg_hit_rewriting": 0.07999999999999999,
        "online_kg_hit_rewriting": 0.04,
        "local_kg_hit_original": 0.07999999999999999,
        "online_kg_hit_original": 0.0
    },
    "mrr": {
        "local_kg_hit_rewriting": 0.14688509826437288,
        "online_kg_hit_rewriting": 0.06262067990902581,
        "local_kg_hit_original": 0.14688509826437288,
        "online_kg_hit_original": 3.314001657000828e-05
    },
    "query_structure": "up",
    "number_of_queries": 25,
    "model": {
        "selected_model_name": "DistMult",
        "dim": 192,
        "epoch": 24
    },
    "dataset": "dbpedia15k",
    "cutoff_value": 100
}