{
    "hits@3": {
        "local_kg_hit_rewriting": 0.013333333333333332,
        "online_kg_hit_rewriting": 0.026666666666666665,
        "local_kg_hit_original": 0.013333333333333332,
        "online_kg_hit_original": 0.026666666666666665
    },
    "mrr": {
        "local_kg_hit_rewriting": 0.05359783913565426,
        "online_kg_hit_rewriting": 0.0628657616892911,
        "local_kg_hit_original": 0.05359783913565426,
        "online_kg_hit_original": 0.0628657616892911
    },
    "query_structure": "2p",
    "number_of_queries": 25,
    "model": {
        "selected_model_name": "BoxE",
        "dim": 192,
        "epoch": 24
    },
    "dataset": "dbpedia15k",
    "cutoff_value": 100
}