{
    "hits@3": {
        "local_kg_hit_rewriting": 0.09333333333333334,
        "online_kg_hit_rewriting": 0.013333333333333332,
        "local_kg_hit_original": 0.09333333333333334,
        "online_kg_hit_original": 0.026666666666666665
    },
    "mrr": {
        "local_kg_hit_rewriting": 0.10363636363636364,
        "online_kg_hit_rewriting": 0.019047619047619046,
        "local_kg_hit_original": 0.10363636363636364,
        "online_kg_hit_original": 0.03385964912280702
    },
    "query_structure": "2i",
    "number_of_queries": 25,
    "model": {
        "selected_model_name": "RotatE",
        "dim": 192,
        "epoch": 24
    },
    "dataset": "dbpedia15k",
    "cutoff_value": 100
}