{
    "hits@3": {
        "local_kg_hit_rewriting": 0.04,
        "online_kg_hit_rewriting": 0.013333333333333332,
        "local_kg_hit_original": 0.04,
        "online_kg_hit_original": 0.013333333333333332
    },
    "mrr": {
        "local_kg_hit_rewriting": 0.1282539547822405,
        "online_kg_hit_rewriting": 0.04694139194139194,
        "local_kg_hit_original": 0.1282539547822405,
        "online_kg_hit_original": 0.04267621145374449
    },
    "query_structure": "up",
    "number_of_queries": 25,
    "model": {
        "selected_model_name": "RotatE",
        "dim": 192,
        "epoch": 24
    },
    "dataset": "dbpedia15k",
    "cutoff_value": 100
}