{
    "hits@3": {
        "local_kg_hit_rewriting": 0.07999999999999999,
        "online_kg_hit_rewriting": 0.0,
        "local_kg_hit_original": 0.07999999999999999,
        "online_kg_hit_original": 0.0
    },
    "mrr": {
        "local_kg_hit_rewriting": 0.10239298245614036,
        "online_kg_hit_rewriting": 0.0013008989952406136,
        "local_kg_hit_original": 0.10239298245614036,
        "online_kg_hit_original": 0.0004878048780487805
    },
    "query_structure": "2i",
    "number_of_queries": 25,
    "model": {
        "selected_model_name": "BoxE",
        "dim": 192,
        "epoch": 24
    },
    "dataset": "dbpedia15k",
    "cutoff_value": 100
}