{
    "hits@3": {
        "local_kg_hit_rewriting": 0.31999999999999995,
        "online_kg_hit_rewriting": 0.04,
        "local_kg_hit_original": 0.31999999999999995,
        "online_kg_hit_original": 0.026666666666666665
    },
    "mrr": {
        "local_kg_hit_rewriting": 0.4836203404438698,
        "online_kg_hit_rewriting": 0.10049458693717365,
        "local_kg_hit_original": 0.4836203404438698,
        "online_kg_hit_original": 0.02506151669662886
    },
    "query_structure": "2u",
    "number_of_queries": 25,
    "model": {
        "selected_model_name": "BoxE",
        "dim": 192,
        "epoch": 24
    },
    "dataset": "dbpedia15k",
    "cutoff_value": 100
}