{
  "losses": [
    0.41729958321189486,
    0.069023481152988,
    0.04192160809147883,
    0.03013295087508735,
    0.023125110652521073,
    0.019619788587795103,
    0.016486553808564248,
    0.013859306461683957,
    0.011682420804341592,
    0.009907299901681316,
    0.008671050013665946,
    0.008327735339393993,
    0.007682707222497144,
    0.007094618989062868,
    0.00653807159297268,
    0.005999319843734754,
    0.005258435534502647,
    0.005344906567618006,
    0.005233892355832978,
    0.004677745878664699,
    0.004281581342911855,
    0.004382828753741999,
    0.004163965577179168,
    0.00380477804562493
  ],
  "metrics": {
    "both": {
      "optimistic": {
        "adjusted_arithmetic_mean_rank": 0.04591697760999011,
        "adjusted_arithmetic_mean_rank_index": 0.9540994436158067,
        "adjusted_geometric_mean_rank_index": 0.9984212492385047,
        "adjusted_hits_at_k": 0.29549100280118024,
        "adjusted_inverse_harmonic_mean_rank": 0.18810370137903618,
        "arithmetic_mean_rank": 2667.8497289082397,
        "count": 48692.0,
        "geometric_mean_rank": 68.49210071989087,
        "harmonic_mean_rank": 5.313800553067436,
        "hits_at_1": 0.12240203729565431,
        "hits_at_10": 0.29555163065801365,
        "hits_at_3": 0.21734576521810564,
        "hits_at_5": 0.2489115255072702,
        "inverse_arithmetic_mean_rank": 0.0003748337056484919,
        "inverse_geometric_mean_rank": 0.014600223813979015,
        "inverse_harmonic_mean_rank": 0.18818922351587727,
        "inverse_median_rank": 0.012987012987012988,
        "median_absolute_deviation": 112.67776860642574,
        "median_rank": 77.0,
        "standard_deviation": 11723.936072897708,
        "variance": 137450677.04139215,
        "z_arithmetic_mean_rank": 364.6526205150182,
        "z_geometric_mean_rank": 220.38576781080036,
        "z_hits_at_k": 7028.482121455005,
        "z_inverse_harmonic_mean_rank": 11035.314759944797
      },
      "pessimistic": {
        "adjusted_arithmetic_mean_rank": 0.045916981498175836,
        "adjusted_arithmetic_mean_rank_index": 0.9540994397275541,
        "adjusted_geometric_mean_rank_index": 0.9984212490432758,
        "adjusted_hits_at_k": 0.29549100280118024,
        "adjusted_inverse_harmonic_mean_rank": 0.18810370109936111,
        "arithmetic_mean_rank": 2667.84995481804,
        "count": 48692.0,
        "geometric_mean_rank": 68.49210906599028,
        "harmonic_mean_rank": 5.313800560963642,
        "hits_at_1": 0.12240203729565431,
        "hits_at_10": 0.29555163065801365,
        "hits_at_3": 0.21734576521810564,
        "hits_at_5": 0.2489115255072702,
        "inverse_arithmetic_mean_rank": 0.0003748336739080983,
        "inverse_geometric_mean_rank": 0.014600222034870138,
        "inverse_harmonic_mean_rank": 0.1881892232362317,
        "inverse_median_rank": 0.012987012987012988,
        "median_absolute_deviation": 112.67776860642574,
        "median_rank": 77.0,
        "standard_deviation": 11723.936373003831,
        "variance": 137450684.0782422,
        "z_arithmetic_mean_rank": 364.65261902894514,
        "z_geometric_mean_rank": 220.38576776770665,
        "z_hits_at_k": 7028.482121455005,
        "z_inverse_harmonic_mean_rank": 11035.314743537345
      },
      "realistic": {
        "adjusted_arithmetic_mean_rank": 0.045916979754636586,
        "adjusted_arithmetic_mean_rank_index": 0.9540994414711232,
        "adjusted_geometric_mean_rank_index": 0.9984212491716803,
        "adjusted_hits_at_k": 0.29549100280118024,
        "adjusted_inverse_harmonic_mean_rank": 0.18810369930203688,
        "arithmetic_mean_rank": 2667.849853515625,
        "count": 48692.0,
        "geometric_mean_rank": 68.49210357666016,
        "harmonic_mean_rank": 5.3138006117084,
        "hits_at_1": 0.12240203729565431,
        "hits_at_10": 0.29555163065801365,
        "hits_at_3": 0.21734576521810564,
        "hits_at_5": 0.2489115255072702,
        "inverse_arithmetic_mean_rank": 0.0003748336748685688,
        "inverse_geometric_mean_rank": 0.014600222930312157,
        "inverse_harmonic_mean_rank": 0.18818922143909678,
        "inverse_median_rank": 0.012987012974917889,
        "median_absolute_deviation": 112.67776860642574,
        "median_rank": 77.0,
        "standard_deviation": 11723.935546875,
        "variance": 137450672.0,
        "z_arithmetic_mean_rank": 364.65261969532963,
        "z_geometric_mean_rank": 220.3857677960499,
        "z_hits_at_k": 7028.482121455005,
        "z_inverse_harmonic_mean_rank": 11035.314638095302
      }
    },
    "head": {
      "optimistic": {
        "adjusted_arithmetic_mean_rank": 0.04575507574249821,
        "adjusted_arithmetic_mean_rank_index": 0.9542613482791628,
        "adjusted_geometric_mean_rank_index": 0.9984439284426836,
        "adjusted_hits_at_k": 0.2977708342205827,
        "adjusted_inverse_harmonic_mean_rank": 0.19099933542193512,
        "arithmetic_mean_rank": 2658.4414688244474,
        "count": 24346.0,
        "geometric_mean_rank": 67.52320249873223,
        "harmonic_mean_rank": 5.23328540406757,
        "hits_at_1": 0.12593444508338125,
        "hits_at_10": 0.2978312659163723,
        "hits_at_3": 0.21995399654974124,
        "hits_at_5": 0.2510473999835702,
        "inverse_arithmetic_mean_rank": 0.0003761602471700068,
        "inverse_geometric_mean_rank": 0.014809724109557382,
        "inverse_harmonic_mean_rank": 0.19108455258770143,
        "inverse_median_rank": 0.013333333333333334,
        "median_absolute_deviation": 109.71256416941455,
        "median_rank": 75.0,
        "standard_deviation": 11704.115106539992,
        "variance": 136986310.42713764,
        "z_arithmetic_mean_rank": 257.89209597577565,
        "z_geometric_mean_rank": 155.84322940216566,
        "z_hits_at_k": 5008.230624828109,
        "z_inverse_harmonic_mean_rank": 7923.263863936677
      },
      "pessimistic": {
        "adjusted_arithmetic_mean_rank": 0.04575507927721451,
        "adjusted_arithmetic_mean_rank_index": 0.9542613447443856,
        "adjusted_geometric_mean_rank_index": 0.9984439281979951,
        "adjusted_hits_at_k": 0.2977708342205827,
        "adjusted_inverse_harmonic_mean_rank": 0.1909993349399902,
        "arithmetic_mean_rank": 2658.4416741969935,
        "count": 24346.0,
        "geometric_mean_rank": 67.5232129593449,
        "harmonic_mean_rank": 5.233285417265339,
        "hits_at_1": 0.12593444508338125,
        "hits_at_10": 0.2978312659163723,
        "hits_at_3": 0.21995399654974124,
        "hits_at_5": 0.2510473999835702,
        "inverse_arithmetic_mean_rank": 0.00037616021811050606,
        "inverse_geometric_mean_rank": 0.014809721815253233,
        "inverse_harmonic_mean_rank": 0.19108455210580727,
        "inverse_median_rank": 0.013333333333333334,
        "median_absolute_deviation": 109.71256416941455,
        "median_rank": 75.0,
        "standard_deviation": 11704.115270963777,
        "variance": 136986314.27600747,
        "z_arithmetic_mean_rank": 257.8920950204911,
        "z_geometric_mean_rank": 155.8432293639732,
        "z_hits_at_k": 5008.230624828109,
        "z_inverse_harmonic_mean_rank": 7923.263843944058
      },
      "realistic": {
        "adjusted_arithmetic_mean_rank": 0.04575507886747737,
        "adjusted_arithmetic_mean_rank_index": 0.9542613451541299,
        "adjusted_geometric_mean_rank_index": 0.9984439281210792,
        "adjusted_hits_at_k": 0.2977708342205827,
        "adjusted_inverse_harmonic_mean_rank": 0.19099933599497754,
        "arithmetic_mean_rank": 2658.441650390625,
        "count": 24346.0,
        "geometric_mean_rank": 67.5232162475586,
        "harmonic_mean_rank": 5.233285388375153,
        "hits_at_1": 0.12593444508338125,
        "hits_at_10": 0.2978312659163723,
        "hits_at_3": 0.21995399654974124,
        "hits_at_5": 0.2510473999835702,
        "inverse_arithmetic_mean_rank": 0.0003761602274607867,