{
  "losses": [
    0.9441760997412558,
    0.24385327807743185,
    0.07260327672454417,
    0.03561458511418525,
    0.022378936693199215,
    0.015707030221638597,
    0.011748614160733755,
    0.009971344724542251,
    0.008264616095526665,
    0.007093837613595645,
    0.00622623570211268,
    0.005219435165217033,
    0.004924264597681571,
    0.00415289955476521,
    0.0037881922579558517,
    0.0036138871411618453
  ],
  "metrics": {
    "both": {
      "optimistic": {
        "adjusted_arithmetic_mean_rank": 0.05635388469324674,
        "adjusted_arithmetic_mean_rank_index": 0.9436623568974409,
        "adjusted_geometric_mean_rank_index": 0.9994633815924164,
        "adjusted_hits_at_k": 0.5537897447845731,
        "adjusted_inverse_harmonic_mean_rank": 0.2128611209284928,
        "arithmetic_mean_rank": 3274.2506982666555,
        "count": 48692.0,
        "geometric_mean_rank": 23.940608800390788,
        "harmonic_mean_rank": 4.696069551842331,
        "hits_at_1": 0.0,
        "hits_at_10": 0.5538281442536762,
        "hits_at_3": 0.3765710999753553,
        "hits_at_5": 0.46656534954407297,
        "inverse_arithmetic_mean_rank": 0.0003054133883301565,
        "inverse_geometric_mean_rank": 0.041770032179953454,
        "inverse_harmonic_mean_rank": 0.21294403521082572,
        "inverse_median_rank": 0.14285714285714285,
        "median_absolute_deviation": 7.41301109252801,
        "median_rank": 7.0,
        "standard_deviation": 13545.100597983572,
        "variance": 183469750.20949492,
        "z_arithmetic_mean_rank": 360.6636117718928,
        "z_geometric_mean_rank": 220.61580211661314,
        "z_hits_at_k": 13172.317543903082,
        "z_inverse_harmonic_mean_rank": 12487.736564350145
      },
      "pessimistic": {
        "adjusted_arithmetic_mean_rank": 0.05635396245696134,
        "adjusted_arithmetic_mean_rank_index": 0.9436622791323879,
        "adjusted_geometric_mean_rank_index": 0.9994633796273892,
        "adjusted_hits_at_k": 0.5537897447845731,
        "adjusted_inverse_harmonic_mean_rank": 0.21286102828396675,
        "arithmetic_mean_rank": 3274.255216462663,
        "count": 48692.0,
        "geometric_mean_rank": 23.940692805936045,
        "harmonic_mean_rank": 4.696071594724155,
        "hits_at_1": 0.0,
        "hits_at_10": 0.5538281442536762,
        "hits_at_3": 0.3765710999753553,
        "hits_at_5": 0.46656534954407297,
        "inverse_arithmetic_mean_rank": 0.0003054129668854429,
        "inverse_geometric_mean_rank": 0.041769885613003314,
        "inverse_harmonic_mean_rank": 0.2129439425760585,
        "inverse_median_rank": 0.14285714285714285,
        "median_absolute_deviation": 7.41301109252801,
        "median_rank": 7.0,
        "standard_deviation": 13545.111426980655,
        "variance": 183470043.56932193,
        "z_arithmetic_mean_rank": 360.66358205043076,
        "z_geometric_mean_rank": 220.61580168286432,
        "z_hits_at_k": 13172.317543903082,
        "z_inverse_harmonic_mean_rank": 12487.731129255044
      },
      "realistic": {
        "adjusted_arithmetic_mean_rank": 0.05635391469482474,
        "adjusted_arithmetic_mean_rank_index": 0.9436623268953466,
        "adjusted_geometric_mean_rank_index": 0.9994633805620874,
        "adjusted_hits_at_k": 0.5537897447845731,
        "adjusted_inverse_harmonic_mean_rank": 0.2128610794969326,
        "arithmetic_mean_rank": 3274.25244140625,
        "count": 48692.0,
        "geometric_mean_rank": 23.94065284729004,
        "harmonic_mean_rank": 4.69607046543933,
        "hits_at_1": 0.0,
        "hits_at_10": 0.5538281442536762,
        "hits_at_3": 0.3765710999753553,
        "hits_at_5": 0.46656534954407297,
        "inverse_arithmetic_mean_rank": 0.0003054132394026965,
        "inverse_geometric_mean_rank": 0.041769955307245255,
        "inverse_harmonic_mean_rank": 0.21294399378362974,
        "inverse_median_rank": 0.1428571492433548,
        "median_absolute_deviation": 7.41301109252801,
        "median_rank": 7.0,
        "standard_deviation": 13545.10546875,
        "variance": 183469872.0,
        "z_arithmetic_mean_rank": 360.663600305224,
        "z_geometric_mean_rank": 220.6158018891842,
        "z_hits_at_k": 13172.317543903082,
        "z_inverse_harmonic_mean_rank": 12487.734133721164
      }
    },
    "head": {
      "optimistic": {
        "adjusted_arithmetic_mean_rank": 0.056628451960371716,
        "adjusted_arithmetic_mean_rank_index": 0.9433877849137741,
        "adjusted_geometric_mean_rank_index": 0.9994621445267355,
        "adjusted_hits_at_k": 0.5535227374754906,
        "adjusted_inverse_harmonic_mean_rank": 0.21337922239097804,
        "arithmetic_mean_rank": 3290.2016347654644,
        "count": 24346.0,
        "geometric_mean_rank": 23.99371670588619,
        "harmonic_mean_rank": 4.68467275296856,
        "hits_at_1": 0.0,
        "hits_at_10": 0.5535611599441387,
        "hits_at_3": 0.3778444097593034,
        "hits_at_5": 0.4678797338371806,
        "inverse_arithmetic_mean_rank": 0.0003039327406058149,
        "inverse_geometric_mean_rank": 0.04167757802002713,
        "inverse_harmonic_mean_rank": 0.21346208214145265,
        "inverse_median_rank": 0.14285714285714285,
        "median_absolute_deviation": 7.41301109252801,
        "median_rank": 7.0,
        "standard_deviation": 13582.219000400064,
        "variance": 184476672.9748285,
        "z_arithmetic_mean_rank": 254.9534816725951,
        "z_geometric_mean_rank": 156.00215879043424,
        "z_hits_at_k": 9309.741609246641,
        "z_inverse_harmonic_mean_rank": 8851.653218324142
      },
      "pessimistic": {
        "adjusted_arithmetic_mean_rank": 0.05662853608661963,
        "adjusted_arithmetic_mean_rank_index": 0.9433877007860781,
        "adjusted_geometric_mean_rank_index": 0.9994621423006452,
        "adjusted_hits_at_k": 0.5535227374754906,
        "adjusted_inverse_harmonic_mean_rank": 0.21337910555636275,
        "arithmetic_mean_rank": 3290.2065226320547,
        "count": 24346.0,
        "geometric_mean_rank": 23.993811872880997,
        "harmonic_mean_rank": 4.684675316770895,
        "hits_at_1": 0.0,
        "hits_at_10": 0.5535611599441387,
        "hits_at_3": 0.3778444097593034,
        "hits_at_5": 0.4678797338371806,
        "inverse_arithmetic_mean_rank": 0.00030393228908926775,
        "inverse_geometric_mean_rank": 0.04167741271366097,
        "inverse_harmonic_mean_rank": 0.21346196531914427,
        "inverse_median_rank": 0.14285714285714285,
        "median_absolute_deviation": 7.41301109252801,
        "median_rank": 7.0,
        "standard_deviation": 13582.230003427225,
        "variance": 184476971.86599872,
        "z_arithmetic_mean_rank": 254.95345893682375,
        "z_geometric_mean_rank": 156.00215844297247,
        "z_hits_at_k": 9309.741609246641,
        "z_inverse_harmonic_mean_rank": 8851.648371650286
      },
      "realistic": {
        "adjusted_arithmetic_mean_rank": 0.05662849021504597,
        "adjusted_arithmetic_mean_rank_index": 0.9433877466584414,
        "adjusted_geometric_mean_rank_index": 0.9994621432660911,
        "adjusted_hits_at_k": 0.5535227374754906,
        "adjusted_inverse_harmonic_mean_rank": 0.21337915819489087,
        "arithmetic_mean_rank": 3290.203857421875,
        "count": 24346.0,
        "geometric_mean_rank": 23.993770599365234,
        "harmonic_mean_rank": 4.684674161678104,
        "hits_at_1": 0.0,
        "hits_at_10": 0.5535611599441387,
        "hits_at_3": 0.3778444097593034,
        "hits_at_5": 0.4678797338371806,
        "inverse_arithmetic_mean_rank": 0.00030393252382054925,
        "inverse_geometric_mean_rank": 0.04167748615145683,
        "inverse_harmonic_mean_rank": 0.21346201795212766,
        "inverse_median_rank": 0.1428571492433548,
        "median_absolute_deviation": 7.41301109252801,
        "median_rank": 7.0,
        "standard_deviation": 13582.224609375,
        "variance": 184476832.0,