{
    "hits@3": {
        "local_kg_hit_rewriting": 0.0,
        "online_kg_hit_rewriting": 0.3333333333333333,
        "local_kg_hit_original": 0.0,
        "online_kg_hit_original": 0.3333333333333333
    },
    "mrr": {
        "local_kg_hit_rewriting": 0.047619047619047616,
        "online_kg_hit_rewriting": 0.3333333333333333,
        "local_kg_hit_original": 0,
        "online_kg_hit_original": 0.3333333333333333
    }
}