{
    "hits@3": {
        "local_kg_hit_rewriting": 0.0,
        "online_kg_hit_rewriting": 0.3333333333333333,
        "local_kg_hit_original": 0.0,
        "online_kg_hit_original": 0.3333333333333333
    },
    "mrr": {
        "local_kg_hit_rewriting": 0.016129032258064516,
        "online_kg_hit_rewriting": 0.3333333333333333,
        "local_kg_hit_original": 0.012658227848101266,
        "online_kg_hit_original": 0.3333333333333333
    }
}