{
    "hits@3": {
        "local_kg_hit_rewriting": 0.3333333333333333,
        "online_kg_hit_rewriting": 0.3333333333333333,
        "local_kg_hit_original": 0.0,
        "online_kg_hit_original": 0.0
    },
    "mrr": {
        "local_kg_hit_rewriting": 1.0,
        "online_kg_hit_rewriting": 1.0,
        "local_kg_hit_original": 0.006172839506172839,
        "online_kg_hit_original": 0.009009009009009009
    }
}