{
    "hits@3": {
        "local_kg_hit_rewriting": 0.0,
        "online_kg_hit_rewriting": 0.0,
        "local_kg_hit_original": 0.0,
        "online_kg_hit_original": 0.0
    },
    "mrr": {
        "local_kg_hit_rewriting": 0.010416666666666666,
        "online_kg_hit_rewriting": 0.07692307692307693,
        "local_kg_hit_original": 0.010416666666666666,
        "online_kg_hit_original": 0.07692307692307693
    }
}