{
    "hits@3": {
        "local_kg_hit_rewriting": 0.0,
        "online_kg_hit_rewriting": 0.3333333333333333,
        "local_kg_hit_original": 0.0,
        "online_kg_hit_original": 0.0
    },
    "mrr": {
        "local_kg_hit_rewriting": 0.041666666666666664,
        "online_kg_hit_rewriting": 0.3333333333333333,
        "local_kg_hit_original": 0.041666666666666664,
        "online_kg_hit_original": 0.008771929824561403
    }
}