{
  "losses": [
    0.668324621006994,
    0.4870964237959078,
    0.3455984730236601,
    0.2546310913739818,
    0.21038261501505823,
    0.18540270810965265,
    0.17063854479848747,
    0.16175214963974338,
    0.15462108849003764,
    0.14935089574739485,
    0.1475755929061682,
    0.1441834724480563,
    0.1400319065345396,
    0.13931480919075484,
    0.13566423288666377,
    0.13428594780587913
  ],
  "metrics": {
    "both": {
      "optimistic": {
        "adjusted_arithmetic_mean_rank": 0.07125191022866975,
        "adjusted_arithmetic_mean_rank_index": 0.9289099709257641,
        "adjusted_geometric_mean_rank_index": 0.9912974469915885,
        "adjusted_hits_at_k": 0.3712903096919557,
        "adjusted_inverse_harmonic_mean_rank": 0.280148043226148,
        "arithmetic_mean_rank": 408.85926524522904,
        "count": 32174.0,
        "geometric_mean_rank": 36.51137637410474,
        "harmonic_mean_rank": 3.5610781682410484,
        "hits_at_1": 0.2187480574376826,
        "hits_at_10": 0.3718841300428918,
        "hits_at_3": 0.31867346304469446,
        "hits_at_5": 0.3415490768943868,
        "inverse_arithmetic_mean_rank": 0.0024458293721195522,
        "inverse_geometric_mean_rank": 0.027388723715965912,
        "inverse_harmonic_mean_rank": 0.2808138301816435,
        "inverse_median_rank": 0.016129032258064516,
        "median_absolute_deviation": 90.43873532884172,
        "median_rank": 62.0,
        "standard_deviation": 1086.3876873424751,
        "variance": 1180238.2072093314,
        "z_arithmetic_mean_rank": 281.63386862445117,
        "z_geometric_mean_rank": 178.1959712838203,
        "z_hits_at_k": 2166.124769303858,
        "z_inverse_harmonic_mean_rank": 4040.0585915510555
      },
      "pessimistic": {
        "adjusted_arithmetic_mean_rank": 0.07125195897704216,
        "adjusted_arithmetic_mean_rank_index": 0.9289099221688948,
        "adjusted_geometric_mean_rank_index": 0.9912974448682262,
        "adjusted_hits_at_k": 0.3712903096919557,
        "adjusted_inverse_harmonic_mean_rank": 0.28014804222705336,
        "arithmetic_mean_rank": 408.8595449742028,
        "count": 32174.0,
        "geometric_mean_rank": 36.51138503863323,
        "harmonic_mean_rank": 3.5610781808991274,
        "hits_at_1": 0.2187480574376826,
        "hits_at_10": 0.3718841300428918,
        "hits_at_3": 0.31867346304469446,
        "hits_at_5": 0.3415490768943868,
        "inverse_arithmetic_mean_rank": 0.002445827698759229,
        "inverse_geometric_mean_rank": 0.027388717216339106,
        "inverse_harmonic_mean_rank": 0.2808138291834729,
        "inverse_median_rank": 0.016129032258064516,
        "median_absolute_deviation": 90.43873532884172,
        "median_rank": 62.0,
        "standard_deviation": 1086.388942748043,
        "variance": 1180240.934925211,
        "z_arithmetic_mean_rank": 281.6338538419791,
        "z_geometric_mean_rank": 178.19597090212397,
        "z_hits_at_k": 2166.124769303858,
        "z_inverse_harmonic_mean_rank": 4040.0585771429555
      },
      "realistic": {
        "adjusted_arithmetic_mean_rank": 0.07125192935563532,
        "adjusted_arithmetic_mean_rank_index": 0.9289099517954647,
        "adjusted_geometric_mean_rank_index": 0.9912974453539408,
        "adjusted_hits_at_k": 0.3712903096919557,
        "adjusted_inverse_harmonic_mean_rank": 0.2801480471027614,
        "arithmetic_mean_rank": 408.859375,
        "count": 32174.0,
        "geometric_mean_rank": 36.511383056640625,
        "harmonic_mean_rank": 3.561078119126106,
        "hits_at_1": 0.2187480574376826,
        "hits_at_10": 0.3718841300428918,
        "hits_at_3": 0.31867346304469446,
        "hits_at_5": 0.3415490768943868,
        "inverse_arithmetic_mean_rank": 0.0024458286352455616,
        "inverse_geometric_mean_rank": 0.027388717979192734,
        "inverse_harmonic_mean_rank": 0.2808138340546715,
        "inverse_median_rank": 0.016129031777381897,
        "median_absolute_deviation": 90.43873532884172,
        "median_rank": 62.0,
        "standard_deviation": 1086.3883056640625,
        "variance": 1180239.625,
        "z_arithmetic_mean_rank": 281.633862824384,
        "z_geometric_mean_rank": 178.1959709894362,
        "z_hits_at_k": 2166.124769303858,
        "z_inverse_harmonic_mean_rank": 4040.0586474563015
      }
    },
    "head": {
      "optimistic": {
        "adjusted_arithmetic_mean_rank": 0.1258689625699761,
        "adjusted_arithmetic_mean_rank_index": 0.8743042688669845,
        "adjusted_geometric_mean_rank_index": 0.9369116791670707,
        "adjusted_hits_at_k": 0.05228181409209193,
        "adjusted_inverse_harmonic_mean_rank": 0.030656867180196355,
        "arithmetic_mean_rank": 635.2644371231429,
        "count": 16087.0,
        "geometric_mean_rank": 223.03229493214178,
        "harmonic_mean_rank": 31.55259313023844,
        "hits_at_1": 0.013862124696960278,
        "hits_at_10": 0.053334990986510844,
        "hits_at_3": 0.026916143469882515,
        "hits_at_5": 0.035183688692733264,
        "inverse_arithmetic_mean_rank": 0.0015741476172168518,
        "inverse_geometric_mean_rank": 0.0044836556082797465,
        "inverse_harmonic_mean_rank": 0.031693116184534756,
        "inverse_median_rank": 0.0035842293906810036,
        "median_absolute_deviation": 330.62029472674925,
        "median_rank": 279.0,
        "standard_deviation": 1243.3630999388636,
        "variance": 1545951.7982895805,
        "z_arithmetic_mean_rank": 183.83666348997423,
        "z_geometric_mean_rank": 119.12716732747404,
        "z_hits_at_k": 198.82329616002664,
        "z_inverse_harmonic_mean_rank": 288.2947964330041
      },
      "pessimistic": {
        "adjusted_arithmetic_mean_rank": 0.1258690487858207,
        "adjusted_arithmetic_mean_rank_index": 0.8743041826340541,
        "adjusted_geometric_mean_rank_index": 0.9369116728813591,
        "adjusted_hits_at_k": 0.05228181409209193,
        "adjusted_inverse_harmonic_mean_rank": 0.030656867146685307,
        "arithmetic_mean_rank": 635.264872257102,
        "count": 16087.0,
        "geometric_mean_rank": 223.03231705400117,
        "harmonic_mean_rank": 31.552593163565234,
        "hits_at_1": 0.013862124696960278,
        "hits_at_10": 0.053334990986510844,
        "hits_at_3": 0.026916143469882515,
        "hits_at_5": 0.035183688692733264,
        "inverse_arithmetic_mean_rank": 0.0015741465389814344,
        "inverse_geometric_mean_rank": 0.004483655163560344,
        "inverse_harmonic_mean_rank": 0.03169311615105953,
        "inverse_median_rank": 0.0035842293906810036,
        "median_absolute_deviation": 330.62029472674925,
        "median_rank": 279.0,
        "standard_deviation": 1243.3651321681605,
        "variance": 1545956.851891547,
        "z_arithmetic_mean_rank": 183.83664535810092,
        "z_geometric_mean_rank": 119.12716652825355,
        "z_hits_at_k": 198.82329616002664,
        "z_inverse_harmonic_mean_rank": 288.2947961178688
      },
      "realistic": {
        "adjusted_arithmetic_mean_rank": 0.12586900443902677,
        "adjusted_arithmetic_mean_rank_index": 0.8743042269896364,
        "adjusted_geometric_mean_rank_index": 0.9369116725798201,
        "adjusted_hits_at_k": 0.05228181409209193,
        "adjusted_inverse_harmonic_mean_rank": 0.030656867672308144,
        "arithmetic_mean_rank": 635.2646484375,
        "count": 16087.0,
        "geometric_mean_rank": 223.03231811523438,
        "harmonic_mean_rank": 31.55259264083236,
        "hits_at_1": 0.013862124696960278,
        "hits_at_10": 0.053334990986510844,
        "hits_at_3": 0.026916143469882515,
        "hits_at_5": 0.035183688692733264,
        "inverse_arithmetic_mean_rank": 0.0015741471434012055,
        "inverse_geometric_mean_rank": 0.004483655095100403,
        "inverse_harmonic_mean_rank": 0.031693116676120466,
        "inverse_median_rank": 0.00358422938734293,
        "median_absolute_deviation": 330.62029472674925,
        "median_rank": 279.0,