{
  "losses": [
    1.6132722290617132,
    0.5812021661549807,
    0.38221010840719655,
    0.2954087144443913,
    0.2467136544338058,
    0.21799507502850796,
    0.19973795229036892,
    0.1839625790922178,
    0.1727952809619998,
    0.1655947421751325,
    0.15852168539450281,
    0.152719931218714,
    0.14864502952153247,
    0.14601144877572855,
    0.14235737253098735,
    0.13910036887382232,
    0.13779714655515457,
    0.13645414435230788,
    0.1351897978253426,
    0.13210868626271213,
    0.13199222044250558,
    0.13029621415475887,
    0.12966709126097462,
    0.12884419698578617
  ],
  "metrics": {
    "both": {
      "optimistic": {
        "adjusted_arithmetic_mean_rank": 0.14922992047160735,
        "adjusted_arithmetic_mean_rank_index": 0.8509183690852151,
        "adjusted_geometric_mean_rank_index": 0.9862334969825505,
        "adjusted_hits_at_k": 0.3375666566515321,
        "adjusted_inverse_harmonic_mean_rank": 0.2487847864193274,
        "arithmetic_mean_rank": 856.3143842854479,
        "count": 32174.0,
        "geometric_mean_rank": 57.17517865566398,
        "harmonic_mean_rank": 4.008344072507998,
        "hits_at_1": 0.18956300118107788,
        "hits_at_10": 0.33819232920992104,
        "hits_at_3": 0.2880275999254056,
        "hits_at_5": 0.31146267172250885,
        "inverse_arithmetic_mean_rank": 0.0011677954012584417,
        "inverse_geometric_mean_rank": 0.017490107132370744,
        "inverse_harmonic_mean_rank": 0.24947958107156848,
        "inverse_median_rank": 0.00909090909090909,
        "median_absolute_deviation": 161.6036418171106,
        "median_rank": 110.0,
        "standard_deviation": 2039.6811593563461,
        "variance": 4160299.2318332484,
        "z_arithmetic_mean_rank": 257.987791788091,
        "z_geometric_mean_rank": 177.28567388203462,
        "z_hits_at_k": 1969.379424070159,
        "z_inverse_harmonic_mean_rank": 3587.7641772754846
      },
      "pessimistic": {
        "adjusted_arithmetic_mean_rank": 0.1492299367210648,
        "adjusted_arithmetic_mean_rank_index": 0.8509183528329253,
        "adjusted_geometric_mean_rank_index": 0.9862334945501915,
        "adjusted_hits_at_k": 0.3375666566515321,
        "adjusted_inverse_harmonic_mean_rank": 0.2487847855769156,
        "arithmetic_mean_rank": 856.314477528439,
        "count": 32174.0,
        "geometric_mean_rank": 57.17518858107481,
        "harmonic_mean_rank": 4.00834408603036,
        "hits_at_1": 0.18956300118107788,
        "hits_at_10": 0.33819232920992104,
        "hits_at_3": 0.2880275999254056,
        "hits_at_5": 0.31146267172250885,
        "inverse_arithmetic_mean_rank": 0.00116779527409869,
        "inverse_geometric_mean_rank": 0.017490104096149907,
        "inverse_harmonic_mean_rank": 0.24947958022993583,
        "inverse_median_rank": 0.00909090909090909,
        "median_absolute_deviation": 161.6036418171106,
        "median_rank": 110.0,
        "standard_deviation": 2039.6813215903228,
        "variance": 4160299.8936444456,
        "z_arithmetic_mean_rank": 257.9877868606003,
        "z_geometric_mean_rank": 177.28567344479293,
        "z_hits_at_k": 1969.379424070159,
        "z_inverse_harmonic_mean_rank": 3587.7641651269328
      },
      "realistic": {
        "adjusted_arithmetic_mean_rank": 0.14922991119508194,
        "adjusted_arithmetic_mean_rank_index": 0.8509183783633574,
        "adjusted_geometric_mean_rank_index": 0.9862334998184101,
        "adjusted_hits_at_k": 0.3375666566515321,
        "adjusted_inverse_harmonic_mean_rank": 0.24878479594699338,
        "arithmetic_mean_rank": 856.3143310546875,
        "count": 32174.0,
        "geometric_mean_rank": 57.175167083740234,
        "harmonic_mean_rank": 4.008343919570271,
        "hits_at_1": 0.18956300118107788,
        "hits_at_10": 0.33819232920992104,
        "hits_at_3": 0.2880275999254056,
        "hits_at_5": 0.31146267172250885,
        "inverse_arithmetic_mean_rank": 0.0011677955044433475,
        "inverse_geometric_mean_rank": 0.01749011129140854,
        "inverse_harmonic_mean_rank": 0.24947959059042238,
        "inverse_median_rank": 0.00909090880304575,
        "median_absolute_deviation": 161.6036418171106,
        "median_rank": 110.0,
        "standard_deviation": 2039.68115234375,
        "variance": 4160299.25,
        "z_arithmetic_mean_rank": 257.9877946011075,
        "z_geometric_mean_rank": 177.28567439180972,
        "z_hits_at_k": 1969.379424070159,
        "z_inverse_harmonic_mean_rank": 3587.764314675441
      }
    },
    "head": {
      "optimistic": {
        "adjusted_arithmetic_mean_rank": 0.2181605363044299,
        "adjusted_arithmetic_mean_rank_index": 0.7819944051951497,
        "adjusted_geometric_mean_rank_index": 0.9128030440924227,
        "adjusted_hits_at_k": 0.036599564249765265,
        "adjusted_inverse_harmonic_mean_rank": 0.019993689802879355,
        "arithmetic_mean_rank": 1101.0627836140984,
        "count": 16087.0,
        "geometric_mean_rank": 307.8799418917301,
        "harmonic_mean_rank": 47.5254948660335,
        "hits_at_1": 0.0062783614098340275,
        "hits_at_10": 0.037670168459004165,
        "hits_at_3": 0.015540498539193138,
        "hits_at_5": 0.022129669919811027,
        "inverse_arithmetic_mean_rank": 0.0009082134233232617,
        "inverse_geometric_mean_rank": 0.003248019321608365,
        "inverse_harmonic_mean_rank": 0.02104133797699181,
        "inverse_median_rank": 0.0030581039755351682,
        "median_absolute_deviation": 376.5809635004229,
        "median_rank": 327.0,
        "standard_deviation": 2145.6903525127,
        "variance": 4603987.088866075,
        "z_arithmetic_mean_rank": 164.4270163580485,
        "z_geometric_mean_rank": 116.06178403848799,
        "z_hits_at_k": 139.1850326643445,
        "z_inverse_harmonic_mean_rank": 188.01910507637245
      },
      "pessimistic": {
        "adjusted_arithmetic_mean_rank": 0.21816054862097908,
        "adjusted_arithmetic_mean_rank_index": 0.7819943928761597,
        "adjusted_geometric_mean_rank_index": 0.9128030158430073,
        "adjusted_hits_at_k": 0.036599564249765265,
        "adjusted_inverse_harmonic_mean_rank": 0.019993688123569185,
        "arithmetic_mean_rank": 1101.0628457760924,
        "count": 16087.0,
        "geometric_mean_rank": 307.88004131239114,
        "harmonic_mean_rank": 47.52549865499096,
        "hits_at_1": 0.0062783614098340275,
        "hits_at_10": 0.037670168459004165,
        "hits_at_3": 0.015540498539193138,
        "hits_at_5": 0.022129669919811027,
        "inverse_arithmetic_mean_rank": 0.000908213372048843,
        "inverse_geometric_mean_rank": 0.0032480182727575636,
        "inverse_harmonic_mean_rank": 0.02104133629947686,
        "inverse_median_rank": 0.0030581039755351682,
        "median_absolute_deviation": 376.5809635004229,
        "median_rank": 327.0,
        "standard_deviation": 2145.690326191066,
        "variance": 4603986.975909923,
        "z_arithmetic_mean_rank": 164.4270137677809,
        "z_geometric_mean_rank": 116.06178044660956,
        "z_hits_at_k": 139.1850326643445,
        "z_inverse_harmonic_mean_rank": 188.01908928427014
      },
      "realistic": {
        "adjusted_arithmetic_mean_rank": 0.21816052848330084,
        "adjusted_arithmetic_mean_rank_index": 0.7819944130178288,
        "adjusted_geometric_mean_rank_index": 0.9128030261941182,
        "adjusted_hits_at_k": 0.036599564249765265,
        "adjusted_inverse_harmonic_mean_rank": 0.019993689825198484,
        "arithmetic_mean_rank": 1101.062744140625,
        "count": 16087.0,
        "geometric_mean_rank": 307.8800048828125,
        "harmonic_mean_rank": 47.525494815675785,
        "hits_at_1": 0.0062783614098340275,
        "hits_at_10": 0.037670168459004165,
        "hits_at_3": 0.015540498539193138,
        "hits_at_5": 0.022129669919811027,
        "inverse_arithmetic_mean_rank": 0.000908213434740901,
        "inverse_geometric_mean_rank": 0.003248018678277731,