{
  "losses": [
    1.0020801990571684,
    1.0000782604635197,
    1.000078157061788,
    0.9999086655984539,
    0.9905315936336843,
    0.8993155735832641,
    0.857785163424601,
    0.8109770697833848,
    0.5154184546421334,
    0.3433209283871082,
    0.31421411392752563,
    0.30415840454200177,
    0.2978043126943918,
    0.2929210477936877,
    0.2893687086021233,
    0.28627040326015213
  ],
  "metrics": {
    "both": {
      "optimistic": {
        "adjusted_arithmetic_mean_rank": 0.02572849258595346,
        "adjusted_arithmetic_mean_rank_index": 0.9742882761145004,
        "adjusted_geometric_mean_rank_index": 0.9999703398140253,
        "adjusted_hits_at_k": 0.9470298619930685,
        "adjusted_inverse_harmonic_mean_rank": 0.6877932597189538,
        "arithmetic_mean_rank": 1494.8665078452314,
        "count": 48692.0,
        "geometric_mean_rank": 2.2679824504348987,
        "harmonic_mean_rank": 1.4538557529554408,
        "hits_at_1": 0.4875133492154769,
        "hits_at_10": 0.9470344204386758,
        "hits_at_3": 0.8912963115090775,
        "hits_at_5": 0.9293929187546209,
        "inverse_arithmetic_mean_rank": 0.0006689560537692731,
        "inverse_geometric_mean_rank": 0.4409205193841973,
        "inverse_harmonic_mean_rank": 0.6878261464159499,
        "inverse_median_rank": 0.5,
        "median_absolute_deviation": 1.482602218505602,
        "median_rank": 2.0,
        "standard_deviation": 10357.390381797635,
        "variance": 107275535.52095418,
        "z_arithmetic_mean_rank": 372.36870370220424,
        "z_geometric_mean_rank": 220.7277051605462,
        "z_hits_at_k": 22525.837979509866,
        "z_inverse_harmonic_mean_rank": 40350.1635274733
      },
      "pessimistic": {
        "adjusted_arithmetic_mean_rank": 0.025728492939424887,
        "adjusted_arithmetic_mean_rank_index": 0.974288275761023,
        "adjusted_geometric_mean_rank_index": 0.9999703398140146,
        "adjusted_hits_at_k": 0.9470298619930685,
        "adjusted_inverse_harmonic_mean_rank": 0.6877932597189519,
        "arithmetic_mean_rank": 1494.8665283824857,
        "count": 48692.0,
        "geometric_mean_rank": 2.267982450889765,
        "harmonic_mean_rank": 1.4538557529554448,
        "hits_at_1": 0.4875133492154769,
        "hits_at_10": 0.9470344204386758,
        "hits_at_3": 0.8912963115090775,
        "hits_at_5": 0.9293929187546209,
        "inverse_arithmetic_mean_rank": 0.0006689560445788066,
        "inverse_geometric_mean_rank": 0.4409205192957663,
        "inverse_harmonic_mean_rank": 0.687826146415948,
        "inverse_median_rank": 0.5,
        "median_absolute_deviation": 1.482602218505602,
        "median_rank": 2.0,
        "standard_deviation": 10357.390581877391,
        "variance": 107275539.66556248,
        "z_arithmetic_mean_rank": 372.3687035671067,
        "z_geometric_mean_rank": 220.72770516054385,
        "z_hits_at_k": 22525.837979509866,
        "z_inverse_harmonic_mean_rank": 40350.16352747319
      },
      "realistic": {
        "adjusted_arithmetic_mean_rank": 0.02572849167776661,
        "adjusted_arithmetic_mean_rank_index": 0.9742882770227029,
        "adjusted_geometric_mean_rank_index": 0.9999703398132656,
        "adjusted_hits_at_k": 0.9470298619930685,
        "adjusted_inverse_harmonic_mean_rank": 0.6877932224391821,
        "arithmetic_mean_rank": 1494.866455078125,
        "count": 48692.0,
        "geometric_mean_rank": 2.2679824829101562,
        "harmonic_mean_rank": 1.4538558317452694,
        "hits_at_1": 0.4875133492154769,
        "hits_at_10": 0.9470344204386758,
        "hits_at_3": 0.8912963115090775,
        "hits_at_5": 0.9293929187546209,
        "inverse_arithmetic_mean_rank": 0.0006689560832455754,
        "inverse_geometric_mean_rank": 0.44092050194740295,
        "inverse_harmonic_mean_rank": 0.6878261091401051,
        "inverse_median_rank": 0.5,
        "median_absolute_deviation": 1.482602218505602,
        "median_rank": 2.0,
        "standard_deviation": 10357.390625,
        "variance": 107275536.0,
        "z_arithmetic_mean_rank": 372.3687040493152,
        "z_geometric_mean_rank": 220.72770516037852,
        "z_hits_at_k": 22525.837979509866,
        "z_inverse_harmonic_mean_rank": 40350.16134041365
      }
    },
    "head": {
      "optimistic": {
        "adjusted_arithmetic_mean_rank": 0.025722977422096494,
        "adjusted_arithmetic_mean_rank_index": 0.9742937913827626,
        "adjusted_geometric_mean_rank_index": 0.9999710329452124,
        "adjusted_hits_at_k": 0.9479130399410177,
        "adjusted_inverse_harmonic_mean_rank": 0.6957850328756713,
        "arithmetic_mean_rank": 1494.5452230345848,
        "count": 24346.0,
        "geometric_mean_rank": 2.238362877571344,
        "harmonic_mean_rank": 1.437159322405724,
        "hits_at_1": 0.5018072784030231,
        "hits_at_10": 0.9479175223856074,
        "hits_at_3": 0.8933294997124784,
        "hits_at_5": 0.9306251540294094,
        "inverse_arithmetic_mean_rank": 0.0006690998603371531,
        "inverse_geometric_mean_rank": 0.4467550860587066,
        "inverse_harmonic_mean_rank": 0.6958170777656413,
        "inverse_median_rank": 1.0,
        "median_absolute_deviation": 0.0,
        "median_rank": 1.0,
        "standard_deviation": 10354.310231474505,
        "variance": 107211740.3696176,
        "z_arithmetic_mean_rank": 263.30592600129137,
        "z_geometric_mean_rank": 156.08158920438296,
        "z_hits_at_k": 15943.02252177512,
        "z_inverse_harmonic_mean_rank": 28863.39052370691
      },
      "pessimistic": {
        "adjusted_arithmetic_mean_rank": 0.025722978129039755,
        "adjusted_arithmetic_mean_rank_index": 0.9742937906758071,
        "adjusted_geometric_mean_rank_index": 0.9999710329451914,
        "adjusted_hits_at_k": 0.9479130399410177,
        "adjusted_inverse_harmonic_mean_rank": 0.6957850328756674,
        "arithmetic_mean_rank": 1494.545264109094,
        "count": 24346.0,
        "geometric_mean_rank": 2.2383628784691965,
        "harmonic_mean_rank": 1.437159322405732,
        "hits_at_1": 0.5018072784030231,
        "hits_at_10": 0.9479175223856074,
        "hits_at_3": 0.8933294997124784,
        "hits_at_5": 0.9306251540294094,
        "inverse_arithmetic_mean_rank": 0.0006690998419483167,
        "inverse_geometric_mean_rank": 0.4467550858795042,
        "inverse_harmonic_mean_rank": 0.6958170777656374,
        "inverse_median_rank": 1.0,
        "median_absolute_deviation": 0.0,
        "median_rank": 1.0,
        "standard_deviation": 10354.310631754319,
        "variance": 107211748.65886053,
        "z_arithmetic_mean_rank": 263.30592581023444,
        "z_geometric_mean_rank": 156.0815892043797,
        "z_hits_at_k": 15943.02252177512,
        "z_inverse_harmonic_mean_rank": 28863.39052370675
      },
      "realistic": {
        "adjusted_arithmetic_mean_rank": 0.02572297854171098,
        "adjusted_arithmetic_mean_rank_index": 0.9742937902631288,
        "adjusted_geometric_mean_rank_index": 0.9999710329472806,
        "adjusted_hits_at_k": 0.9479130399410177,
        "adjusted_inverse_harmonic_mean_rank": 0.6957850618760026,
        "arithmetic_mean_rank": 1494.5452880859375,
        "count": 24346.0,
        "geometric_mean_rank": 2.2383627891540527,
        "harmonic_mean_rank": 1.4371592625139709,
        "hits_at_1": 0.5018072784030231,
        "hits_at_10": 0.9479175223856074,
        "hits_at_3": 0.8933294997124784,
        "hits_at_5": 0.9306251540294094,
        "inverse_arithmetic_mean_rank": 0.0006690998561680317,
        "inverse_geometric_mean_rank": 0.4467551112174988,
        "inverse_harmonic_mean_rank": 0.6958171067629179,
        "inverse_median_rank": 1.0,
        "median_absolute_deviation": 0.0,
        "median_rank": 1.0,
        "standard_deviation": 10354.3095703125,
        "variance": 107211728.0,
        "z_arithmetic_mean_rank": 263.30592569870686,
        "z_geometric_mean_rank": 156.08158920470578,