{
  "losses": [
    1.0103496428763512,
    1.0014304943604044,
    1.0002628959051454,
    0.9993297408122828,
    0.9975694992754719,
    0.9943382322198093,
    0.9894633905722363,
    0.9839453955688099,
    0.9785853342254563,
    0.9735944326561277,
    0.9683642891373965,
    0.9620832203638435,
    0.9547027147642456,
    0.946114193448926,
    0.9362478278651096,
    0.9261343605447524,
    0.9186922258669787,
    0.9119105359115223,
    0.9055756722346391,
    0.8997393530194122,
    0.8942986753907534,
    0.8888613046986041,
    0.882783560705657,
    0.8774372268431258
  ],
  "metrics": {
    "both": {
      "optimistic": {
        "adjusted_arithmetic_mean_rank": 0.790723326643531,
        "adjusted_arithmetic_mean_rank_index": 0.20931315036229237,
        "adjusted_geometric_mean_rank_index": 0.6202121586907676,
        "adjusted_hits_at_k": 0.07782608540199662,
        "adjusted_inverse_harmonic_mean_rank": 0.04474561088908653,
        "arithmetic_mean_rank": 4537.345838254491,
        "count": 32174.0,
        "geometric_mean_rank": 1550.7508560999645,
        "harmonic_mean_rank": 21.915829090276382,
        "hits_at_1": 0.02735127742897992,
        "hits_at_10": 0.07869708460247404,
        "hits_at_3": 0.05268229004786473,
        "hits_at_5": 0.06349847703114316,
        "inverse_arithmetic_mean_rank": 0.00022039316279772454,
        "inverse_geometric_mean_rank": 0.0006448489104916141,
        "inverse_harmonic_mean_rank": 0.04562912020716935,
        "inverse_median_rank": 0.000255656397801355,
        "median_absolute_deviation": 4598.290780695124,
        "median_rank": 3911.5,
        "standard_deviation": 3784.069115369953,
        "variance": 14319179.06989674,
        "z_arithmetic_mean_rank": 63.46112555100879,
        "z_geometric_mean_rank": 111.4895517539591,
        "z_hits_at_k": 454.04096709953745,
        "z_inverse_harmonic_mean_rank": 645.2834280934989
      },
      "pessimistic": {
        "adjusted_arithmetic_mean_rank": 0.7907233428929884,
        "adjusted_arithmetic_mean_rank_index": 0.20931313411000263,
        "adjusted_geometric_mean_rank_index": 0.6202121501578497,
        "adjusted_hits_at_k": 0.07782608540199662,
        "adjusted_inverse_harmonic_mean_rank": 0.04474561088266551,
        "arithmetic_mean_rank": 4537.3459314974825,
        "count": 32174.0,
        "geometric_mean_rank": 1550.7508909191329,
        "harmonic_mean_rank": 21.915829093357573,
        "hits_at_1": 0.02735127742897992,
        "hits_at_10": 0.07869708460247404,
        "hits_at_3": 0.05268229004786473,
        "hits_at_5": 0.06349847703114316,
        "inverse_arithmetic_mean_rank": 0.00022039315826861917,
        "inverse_geometric_mean_rank": 0.0006448488960127556,
        "inverse_harmonic_mean_rank": 0.04562912020075426,
        "inverse_median_rank": 0.000255656397801355,
        "median_absolute_deviation": 4598.290780695124,
        "median_rank": 3911.5,
        "standard_deviation": 3784.0691297640556,
        "variance": 14319179.178833297,
        "z_arithmetic_mean_rank": 63.4611206235181,
        "z_geometric_mean_rank": 111.48955022007884,
        "z_hits_at_k": 454.04096709953745,
        "z_inverse_harmonic_mean_rank": 645.2834280009002
      },
      "realistic": {
        "adjusted_arithmetic_mean_rank": 0.7907233881872933,
        "adjusted_arithmetic_mean_rank_index": 0.20931308880780297,
        "adjusted_geometric_mean_rank_index": 0.6202123086598518,
        "adjusted_hits_at_k": 0.07782608540199662,
        "adjusted_inverse_harmonic_mean_rank": 0.04474561392500644,
        "arithmetic_mean_rank": 4537.34619140625,
        "count": 32174.0,
        "geometric_mean_rank": 1550.750244140625,
        "harmonic_mean_rank": 21.91582763346197,
        "hits_at_1": 0.02735127742897992,
        "hits_at_10": 0.07869708460247404,
        "hits_at_3": 0.05268229004786473,
        "hits_at_5": 0.06349847703114316,
        "inverse_arithmetic_mean_rank": 0.00022039315081201494,
        "inverse_geometric_mean_rank": 0.0006448491476476192,
        "inverse_harmonic_mean_rank": 0.04562912324028136,
        "inverse_median_rank": 0.00025565639953128994,
        "median_absolute_deviation": 4598.290780695124,
        "median_rank": 3911.5,
        "standard_deviation": 3784.0693359375,
        "variance": 14319180.0,
        "z_arithmetic_mean_rank": 63.4611068884586,
        "z_geometric_mean_rank": 111.48957871245344,
        "z_hits_at_k": 454.04096709953745,
        "z_inverse_harmonic_mean_rank": 645.283471874973
      }
    },
    "head": {
      "optimistic": {
        "adjusted_arithmetic_mean_rank": 0.769038941818746,
        "adjusted_arithmetic_mean_rank_index": 0.23100682902598724,
        "adjusted_geometric_mean_rank_index": 0.598878541308282,
        "adjusted_hits_at_k": 0.06989322958962546,
        "adjusted_inverse_harmonic_mean_rank": 0.039880395519626,
        "arithmetic_mean_rank": 3881.3626530739107,
        "count": 16087.0,
        "geometric_mean_rank": 1412.7021477827045,
        "harmonic_mean_rank": 24.445822750159202,
        "hits_at_1": 0.023497233791260022,
        "hits_at_10": 0.07092683533287748,
        "hits_at_3": 0.047616087524087775,
        "hits_at_5": 0.056878224653446885,
        "inverse_arithmetic_mean_rank": 0.0002576414752710709,
        "inverse_geometric_mean_rank": 0.000707863296994021,
        "inverse_harmonic_mean_rank": 0.040906784370490765,
        "inverse_median_rank": 0.000302571860816944,
        "median_absolute_deviation": 3619.0320153721746,
        "median_rank": 3305.0,
        "standard_deviation": 3328.5291808106545,
        "variance": 11079106.507508047,
        "z_arithmetic_mean_rank": 48.57293530840275,
        "z_geometric_mean_rank": 76.14666972952038,
        "z_hits_at_k": 265.79801270478083,
        "z_inverse_harmonic_mean_rank": 375.0321401211299
      },
      "pessimistic": {
        "adjusted_arithmetic_mean_rank": 0.7690389541352953,
        "adjusted_arithmetic_mean_rank_index": 0.2310068167069972,
        "adjusted_geometric_mean_rank_index": 0.5988785319716408,
        "adjusted_hits_at_k": 0.06989322958962546,
        "adjusted_inverse_harmonic_mean_rank": 0.03988039551091327,
        "arithmetic_mean_rank": 3881.362715235905,
        "count": 16087.0,
        "geometric_mean_rank": 1412.70218064197,
        "harmonic_mean_rank": 24.44582275536035,
        "hits_at_1": 0.023497233791260022,
        "hits_at_10": 0.07092683533287748,
        "hits_at_3": 0.047616087524087775,
        "hits_at_5": 0.056878224653446885,
        "inverse_arithmetic_mean_rank": 0.0002576414711448119,
        "inverse_geometric_mean_rank": 0.0007078632805292145,
        "inverse_harmonic_mean_rank": 0.040906784361787345,
        "inverse_median_rank": 0.000302571860816944,
        "median_absolute_deviation": 3619.0320153721746,
        "median_rank": 3305.0,
        "standard_deviation": 3328.5291582345226,
        "variance": 11079106.357217418,
        "z_arithmetic_mean_rank": 48.57293271813515,
        "z_geometric_mean_rank": 76.14666854237794,
        "z_hits_at_k": 265.79801270478083,
        "z_inverse_harmonic_mean_rank": 375.032140039196
      },
      "realistic": {
        "adjusted_arithmetic_mean_rank": 0.769038921163869,
        "adjusted_arithmetic_mean_rank_index": 0.23100684968495766,
        "adjusted_geometric_mean_rank_index": 0.5988785064371343,
        "adjusted_hits_at_k": 0.06989322958962546,
        "adjusted_inverse_harmonic_mean_rank": 0.03988039574860027,
        "arithmetic_mean_rank": 3881.362548828125,
        "count": 16087.0,
        "geometric_mean_rank": 1412.7022705078125,
        "harmonic_mean_rank": 24.44582261347086,
        "hits_at_1": 0.023497233791260022,
        "hits_at_10": 0.07092683533287748,
        "hits_at_3": 0.047616087524087775,
        "hits_at_5": 0.056878224653446885,
        "inverse_arithmetic_mean_rank": 0.00025764148449525237,