{
  "losses": [
    0.9642597775534701,
    0.7357415391580902,
    0.47803933450775427,
    0.2811899884556332,
    0.16923701830226429,
    0.10791044617003769,
    0.07295559844287643,
    0.051697179632048396,
    0.037951071862212936,
    0.028789131802454626,
    0.022460454467620582,
    0.017455965705406275,
    0.01402595515449026,
    0.011318675599824591,
    0.009372302788477437,
    0.007735292839085787
  ],
  "metrics": {
    "both": {
      "optimistic": {
        "adjusted_arithmetic_mean_rank": 0.04512941498622786,
        "adjusted_arithmetic_mean_rank_index": 0.9548870197947243,
        "adjusted_geometric_mean_rank_index": 0.9999379840040726,
        "adjusted_hits_at_k": 0.8499829825503576,
        "adjusted_inverse_harmonic_mean_rank": 0.7379230246732057,
        "arithmetic_mean_rank": 2622.0910827240614,
        "count": 48692.0,
        "geometric_mean_rank": 3.651203689312866,
        "harmonic_mean_rank": 1.355104200937907,
        "hits_at_1": 0.656309044606917,
        "hits_at_10": 0.849995892549084,
        "hits_at_3": 0.8146923519263944,
        "hits_at_5": 0.8352912182699417,
        "inverse_arithmetic_mean_rank": 0.0003813750050822457,
        "inverse_geometric_mean_rank": 0.27388228241744406,
        "inverse_harmonic_mean_rank": 0.7379506308871826,
        "inverse_median_rank": 1.0,
        "median_absolute_deviation": 0.0,
        "median_rank": 1.0,
        "standard_deviation": 12478.370858352819,
        "variance": 155709739.27858886,
        "z_arithmetic_mean_rank": 364.95362867451274,
        "z_geometric_mean_rank": 220.72056312503267,
        "z_hits_at_k": 20217.502867306684,
        "z_inverse_harmonic_mean_rank": 43291.08245175063
      },
      "pessimistic": {
        "adjusted_arithmetic_mean_rank": 0.04512945528197088,
        "adjusted_arithmetic_mean_rank_index": 0.9548869794982878,
        "adjusted_geometric_mean_rank_index": 0.9999379839689503,
        "adjusted_hits_at_k": 0.8499829825503576,
        "adjusted_inverse_harmonic_mean_rank": 0.7379230231796945,
        "arithmetic_mean_rank": 2622.0934239710837,
        "count": 48692.0,
        "geometric_mean_rank": 3.6512051908040504,
        "harmonic_mean_rank": 1.355104203680164,
        "hits_at_1": 0.656309044606917,
        "hits_at_10": 0.849995892549084,
        "hits_at_3": 0.8146923519263944,
        "hits_at_5": 0.8352912182699417,
        "inverse_arithmetic_mean_rank": 0.0003813746645554411,
        "inverse_geometric_mean_rank": 0.2738821697883774,
        "inverse_harmonic_mean_rank": 0.7379506293938287,
        "inverse_median_rank": 1.0,
        "median_absolute_deviation": 0.0,
        "median_rank": 1.0,
        "standard_deviation": 12478.378925305487,
        "variance": 155709940.6035081,
        "z_arithmetic_mean_rank": 364.9536132733915,
        "z_geometric_mean_rank": 220.72056311727997,
        "z_hits_at_k": 20217.502867306684,
        "z_inverse_harmonic_mean_rank": 43291.08236413212
      },
      "realistic": {
        "adjusted_arithmetic_mean_rank": 0.04512943988352653,
        "adjusted_arithmetic_mean_rank_index": 0.9548869948969971,
        "adjusted_geometric_mean_rank_index": 0.99993798397752,
        "adjusted_hits_at_k": 0.8499829825503576,
        "adjusted_inverse_harmonic_mean_rank": 0.7379230421233167,
        "arithmetic_mean_rank": 2622.092529296875,
        "count": 48692.0,
        "geometric_mean_rank": 3.651204824447632,
        "harmonic_mean_rank": 1.3551041688975152,
        "hits_at_1": 0.656309044606917,
        "hits_at_10": 0.849995892549084,
        "hits_at_3": 0.8146923519263944,
        "hits_at_5": 0.8352912182699417,
        "inverse_arithmetic_mean_rank": 0.00038137478986755013,
        "inverse_geometric_mean_rank": 0.2738822102546692,
        "inverse_harmonic_mean_rank": 0.7379506483354555,
        "inverse_median_rank": 1.0,
        "median_absolute_deviation": 0.0,
        "median_rank": 1.0,
        "standard_deviation": 12478.3740234375,
        "variance": 155709808.0,
        "z_arithmetic_mean_rank": 364.9536191587107,
        "z_geometric_mean_rank": 220.72056311917157,
        "z_hits_at_k": 20217.502867306684,
        "z_inverse_harmonic_mean_rank": 43291.083475480984
      }
    },
    "head": {
      "optimistic": {
        "adjusted_arithmetic_mean_rank": 0.04567362032622942,
        "adjusted_arithmetic_mean_rank_index": 0.9543428050974045,
        "adjusted_geometric_mean_rank_index": 0.9999390727921339,
        "adjusted_hits_at_k": 0.8517904164883219,
        "adjusted_inverse_harmonic_mean_rank": 0.7438560249484732,
        "arithmetic_mean_rank": 2653.7087817300585,
        "count": 24346.0,
        "geometric_mean_rank": 3.604682906449179,
        "harmonic_mean_rank": 1.3442974118826199,
        "hits_at_1": 0.6667214326788795,
        "hits_at_10": 0.8518031709521071,
        "hits_at_3": 0.8153290068183685,
        "hits_at_5": 0.837714614310359,
        "inverse_arithmetic_mean_rank": 0.00037683110026415944,
        "inverse_geometric_mean_rank": 0.27741691182070094,
        "inverse_harmonic_mean_rank": 0.743883006216274,
        "inverse_median_rank": 1.0,
        "median_absolute_deviation": 0.0,
        "median_rank": 1.0,
        "standard_deviation": 12594.34928921951,
        "variance": 158617634.01886398,
        "z_arithmetic_mean_rank": 257.9141099341381,
        "z_geometric_mean_rank": 156.07660066839608,
        "z_hits_at_k": 14326.328704952222,
        "z_inverse_harmonic_mean_rank": 30857.52916064311
      },
      "pessimistic": {
        "adjusted_arithmetic_mean_rank": 0.04567365850116544,
        "adjusted_arithmetic_mean_rank_index": 0.9543427669218114,
        "adjusted_geometric_mean_rank_index": 0.9999390727825115,
        "adjusted_hits_at_k": 0.8517904164883219,
        "adjusted_inverse_harmonic_mean_rank": 0.7438560249232953,
        "arithmetic_mean_rank": 2653.710999753553,
        "count": 24346.0,
        "geometric_mean_rank": 3.604683317814403,
        "harmonic_mean_rank": 1.344297411928115,
        "hits_at_1": 0.6667214326788795,
        "hits_at_10": 0.8518031709521071,
        "hits_at_3": 0.8153290068183685,
        "hits_at_5": 0.837714614310359,
        "inverse_arithmetic_mean_rank": 0.0003768307853013643,
        "inverse_geometric_mean_rank": 0.27741688016197813,
        "inverse_harmonic_mean_rank": 0.7438830061910987,
        "inverse_median_rank": 1.0,
        "median_absolute_deviation": 0.0,
        "median_rank": 1.0,
        "standard_deviation": 12594.35678766963,
        "variance": 158617822.89512008,
        "z_arithmetic_mean_rank": 257.91409961706535,
        "z_geometric_mean_rank": 156.07660066689417,
        "z_hits_at_k": 14326.328704952222,
        "z_inverse_harmonic_mean_rank": 30857.529159598645
      },
      "realistic": {
        "adjusted_arithmetic_mean_rank": 0.04567364062185241,
        "adjusted_arithmetic_mean_rank_index": 0.9543427848014322,
        "adjusted_geometric_mean_rank_index": 0.9999390727861848,
        "adjusted_hits_at_k": 0.8517904164883219,
        "adjusted_inverse_harmonic_mean_rank": 0.7438560455919684,
        "arithmetic_mean_rank": 2653.7099609375,
        "count": 24346.0,
        "geometric_mean_rank": 3.6046831607818604,
        "harmonic_mean_rank": 1.344297374580957,
        "hits_at_1": 0.6667214326788795,
        "hits_at_10": 0.8518031709521071,
        "hits_at_3": 0.8153290068183685,
        "hits_at_5": 0.837714614310359,
        "inverse_arithmetic_mean_rank": 0.00037683092523366213,
        "inverse_geometric_mean_rank": 0.2774168848991394,
        "inverse_harmonic_mean_rank": 0.7438830268575947,
        "inverse_median_rank": 1.0,
        "median_absolute_deviation": 0.0,
        "median_rank": 1.0,
        "standard_deviation": 12594.353515625,
        "variance": 158617744.0,
        "z_arithmetic_mean_rank": 257.9141044490884,
        "z_geometric_mean_rank": 156.0766006674675,
        "z_hits_at_k": 14326.328704952222,