{
  "losses": [
    1.0282717175292273,
    0.5106912865473406,
    0.20447498493784824,
    0.0969450997002876,
    0.055323216243853245,
    0.03522381972784398,
    0.025746403667631666,
    0.019595063024103063,
    0.01573710917175686,
    0.012633760105093393,
    0.010669425800694788,
    0.009278165588921293,
    0.008262643334512439,
    0.007138544596718067,
    0.006522834304393861,
    0.005923736849267244
  ],
  "metrics": {
    "both": {
      "optimistic": {
        "adjusted_arithmetic_mean_rank": 0.05795728376698578,
        "adjusted_arithmetic_mean_rank_index": 0.9420589302267552,
        "adjusted_geometric_mean_rank_index": 0.9989880771416876,
        "adjusted_hits_at_k": 0.4039986565780778,
        "adjusted_inverse_harmonic_mean_rank": 0.1449389085888357,
        "arithmetic_mean_rank": 3367.4107450915963,
        "count": 48692.0,
        "geometric_mean_rank": 44.26002630668632,
        "harmonic_mean_rank": 6.895173757214496,
        "hits_at_1": 0.0,
        "hits_at_10": 0.4040499466031381,
        "hits_at_3": 0.22853856896410088,
        "hits_at_5": 0.309188367699006,
        "inverse_arithmetic_mean_rank": 0.0002969640699334406,
        "inverse_geometric_mean_rank": 0.022593750692121276,
        "inverse_harmonic_mean_rank": 0.1450289775444294,
        "inverse_median_rank": 0.043478260869565216,
        "median_absolute_deviation": 31.134646588617642,
        "median_rank": 23.0,
        "standard_deviation": 13377.29935339143,
        "variance": 178952137.9902468,
        "z_arithmetic_mean_rank": 360.0507891346074,
        "z_geometric_mean_rank": 220.5108861441239,
        "z_hits_at_k": 9609.420618337414,
        "z_inverse_harmonic_mean_rank": 8503.003744821173
      },
      "pessimistic": {
        "adjusted_arithmetic_mean_rank": 0.057957366832771834,
        "adjusted_arithmetic_mean_rank_index": 0.9420588471595395,
        "adjusted_geometric_mean_rank_index": 0.9989880717879811,
        "adjusted_hits_at_k": 0.40397811755597357,
        "adjusted_inverse_harmonic_mean_rank": 0.14493864794071243,
        "arithmetic_mean_rank": 3367.4155713464224,
        "count": 48692.0,
        "geometric_mean_rank": 44.260255179352534,
        "harmonic_mean_rank": 6.89518614803492,
        "hits_at_1": 0.0,
        "hits_at_10": 0.4040294093485583,
        "hits_at_3": 0.22853856896410088,
        "hits_at_5": 0.309188367699006,
        "inverse_arithmetic_mean_rank": 0.00029696364431793654,
        "inverse_geometric_mean_rank": 0.02259363385836287,
        "inverse_harmonic_mean_rank": 0.14502871692376182,
        "inverse_median_rank": 0.043478260869565216,
        "median_absolute_deviation": 31.134646588617642,
        "median_rank": 23.0,
        "standard_deviation": 13377.310352931478,
        "variance": 178952432.2786477,
        "z_arithmetic_mean_rank": 360.05075738668205,
        "z_geometric_mean_rank": 220.5108849623775,
        "z_hits_at_k": 9608.932081805731,
        "z_inverse_harmonic_mean_rank": 8502.988453606482
      },
      "realistic": {
        "adjusted_arithmetic_mean_rank": 0.057957324055825064,
        "adjusted_arithmetic_mean_rank_index": 0.9420588899372225,
        "adjusted_geometric_mean_rank_index": 0.9989880743162575,
        "adjusted_hits_at_k": 0.40397811755597357,
        "adjusted_inverse_harmonic_mean_rank": 0.14493875819408944,
        "arithmetic_mean_rank": 3367.4130859375,
        "count": 48692.0,
        "geometric_mean_rank": 44.26014709472656,
        "harmonic_mean_rank": 6.895180906749485,
        "hits_at_1": 0.0,
        "hits_at_10": 0.4040294093485583,
        "hits_at_3": 0.22853856896410088,
        "hits_at_5": 0.309188367699006,
        "inverse_arithmetic_mean_rank": 0.0002969638735521585,
        "inverse_geometric_mean_rank": 0.02259368821978569,
        "inverse_harmonic_mean_rank": 0.14502882716552515,
        "inverse_median_rank": 0.043478261679410934,
        "median_absolute_deviation": 31.134646588617642,
        "median_rank": 23.0,
        "standard_deviation": 13377.3046875,
        "variance": 178952272.0,
        "z_arithmetic_mean_rank": 360.05077373612477,
        "z_geometric_mean_rank": 220.5108855204547,
        "z_hits_at_k": 9608.932081805731,
        "z_inverse_harmonic_mean_rank": 8502.994921744588
      }
    },
    "head": {
      "optimistic": {
        "adjusted_arithmetic_mean_rank": 0.05794917184145657,
        "adjusted_arithmetic_mean_rank_index": 0.9420670423010703,
        "adjusted_geometric_mean_rank_index": 0.9989904439733385,
        "adjusted_hits_at_k": 0.40395757850486425,
        "adjusted_inverse_harmonic_mean_rank": 0.14569109929376944,
        "arithmetic_mean_rank": 3366.9375256715684,
        "count": 24346.0,
        "geometric_mean_rank": 44.15926197586977,
        "harmonic_mean_rank": 6.859600284417171,
        "hits_at_1": 0.0,
        "hits_at_10": 0.40400887209397846,
        "hits_at_3": 0.23063336893124128,
        "hits_at_5": 0.3100303951367781,
        "inverse_arithmetic_mean_rank": 0.0002970058079116096,
        "inverse_geometric_mean_rank": 0.022645305995975126,
        "inverse_harmonic_mean_rank": 0.14578108906311665,
        "inverse_median_rank": 0.045454545454545456,
        "median_absolute_deviation": 29.65204437011204,
        "median_rank": 22.0,
        "standard_deviation": 13343.64797831758,
        "variance": 178052941.36925885,
        "z_arithmetic_mean_rank": 254.5965468755933,
        "z_geometric_mean_rank": 155.92853288570583,
        "z_hits_at_k": 6794.19366606195,
        "z_inverse_harmonic_mean_rank": 6043.733187769844
      },
      "pessimistic": {
        "adjusted_arithmetic_mean_rank": 0.05794925950242077,
        "adjusted_arithmetic_mean_rank_index": 0.9420669546385974,
        "adjusted_geometric_mean_rank_index": 0.9989904400640932,
        "adjusted_hits_at_k": 0.40395757850486425,
        "adjusted_inverse_harmonic_mean_rank": 0.14569100471611027,
        "arithmetic_mean_rank": 3366.942618910704,
        "count": 24346.0,
        "geometric_mean_rank": 44.159429098976155,
        "harmonic_mean_rank": 6.8596047342194355,
        "hits_at_1": 0.0,
        "hits_at_10": 0.40400887209397846,
        "hits_at_3": 0.23063336893124128,
        "hits_at_5": 0.3100303951367781,
        "inverse_arithmetic_mean_rank": 0.00029700535862518704,
        "inverse_geometric_mean_rank": 0.022645220293918727,
        "inverse_harmonic_mean_rank": 0.14578099449541992,
        "inverse_median_rank": 0.045454545454545456,
        "median_absolute_deviation": 29.65204437011204,
        "median_rank": 22.0,
        "standard_deviation": 13343.659116956727,
        "variance": 178053238.6295424,
        "z_arithmetic_mean_rank": 254.59652318453746,
        "z_geometric_mean_rank": 155.92853227552695,
        "z_hits_at_k": 6794.19366606195,
        "z_inverse_harmonic_mean_rank": 6043.729264385777
      },
      "realistic": {
        "adjusted_arithmetic_mean_rank": 0.0579492134192474,
        "adjusted_arithmetic_mean_rank_index": 0.9420670007225639,
        "adjusted_geometric_mean_rank_index": 0.9989904419720089,
        "adjusted_hits_at_k": 0.40395757850486425,
        "adjusted_inverse_harmonic_mean_rank": 0.14569104442325256,
        "arithmetic_mean_rank": 3366.93994140625,
        "count": 24346.0,
        "geometric_mean_rank": 44.15934753417969,
        "harmonic_mean_rank": 6.859602866029848,
        "hits_at_1": 0.0,
        "hits_at_10": 0.40400887209397846,
        "hits_at_3": 0.23063336893124128,
        "hits_at_5": 0.3100303951367781,
        "inverse_arithmetic_mean_rank": 0.00029700560844503343,
        "inverse_geometric_mean_rank": 0.022645263001322746,
        "inverse_harmonic_mean_rank": 0.14578103419837962,
        "inverse_median_rank": 0.04545454680919647,
        "median_absolute_deviation": 29.65204437011204,
        "median_rank": 22.0,
        "standard_deviation": 13343.6533203125,
        "variance": 178053088.0,