{
  "losses": [
    0.9441760997412558,
    0.24385327807743185,
    0.07260327672454417,
    0.03561458511418525,
    0.022378936693199215,
    0.015707030221638597,
    0.011748614160733755,
    0.009971344724542251,
    0.008264616095526665,
    0.007093837613595645,
    0.00622623570211268,
    0.005219435165217033,
    0.004924264597681571,
    0.00415289955476521,
    0.0037881922579558517,
    0.0036138871411618453,
    0.003269834505108586,
    0.003026864937489232,
    0.002732225586061312,
    0.00256202576084033
  ],
  "metrics": {
    "both": {
      "optimistic": {
        "adjusted_arithmetic_mean_rank": 0.05204679431596796,
        "adjusted_arithmetic_mean_rank_index": 0.9479695214063224,
        "adjusted_geometric_mean_rank_index": 0.9995773889730357,
        "adjusted_hits_at_k": 0.5960385132530717,
        "adjusted_inverse_harmonic_mean_rank": 0.22780084742224957,
        "arithmetic_mean_rank": 3024.001868890167,
        "count": 48692.0,
        "geometric_mean_rank": 19.066756762925195,
        "harmonic_mean_rank": 4.388232396465166,
        "hits_at_1": 0.0,
        "hits_at_10": 0.5960732769243408,
        "hits_at_3": 0.4045633779676333,
        "hits_at_5": 0.503306497987349,
        "inverse_arithmetic_mean_rank": 0.0003306876263165168,
        "inverse_geometric_mean_rank": 0.05244730461682259,
        "inverse_harmonic_mean_rank": 0.22788218800935103,
        "inverse_median_rank": 0.2,
        "median_absolute_deviation": 4.447806655516806,
        "median_rank": 5.0,
        "standard_deviation": 13125.57352924254,
        "variance": 172280680.47155246,
        "z_arithmetic_mean_rank": 362.3097911462363,
        "z_geometric_mean_rank": 220.64096745051705,
        "z_hits_at_k": 14177.237189575448,
        "z_inverse_harmonic_mean_rank": 13364.192386736562
      },
      "pessimistic": {
        "adjusted_arithmetic_mean_rank": 0.05204686677761111,
        "adjusted_arithmetic_mean_rank_index": 0.9479694489434322,
        "adjusted_geometric_mean_rank_index": 0.9995773880498598,
        "adjusted_hits_at_k": 0.5960385132530717,
        "adjusted_inverse_harmonic_mean_rank": 0.22780079863933023,
        "arithmetic_mean_rank": 3024.0060790273556,
        "count": 48692.0,
        "geometric_mean_rank": 19.0667962289879,
        "harmonic_mean_rank": 4.388233335758778,
        "hits_at_1": 0.0,
        "hits_at_10": 0.5960732769243408,
        "hits_at_3": 0.4045633779676333,
        "hits_at_5": 0.503306497987349,
        "inverse_arithmetic_mean_rank": 0.00033068716592052653,
        "inverse_geometric_mean_rank": 0.0524471960569687,
        "inverse_harmonic_mean_rank": 0.2278821392315703,
        "inverse_median_rank": 0.2,
        "median_absolute_deviation": 4.447806655516806,
        "median_rank": 5.0,
        "standard_deviation": 13125.584911587797,
        "variance": 172280979.27130124,
        "z_arithmetic_mean_rank": 362.3097634512376,
        "z_geometric_mean_rank": 220.64096724674053,
        "z_hits_at_k": 14177.237189575448,
        "z_inverse_harmonic_mean_rank": 13364.189524831847
      },
      "realistic": {
        "adjusted_arithmetic_mean_rank": 0.05204682938143842,
        "adjusted_arithmetic_mean_rank_index": 0.9479694863402485,
        "adjusted_geometric_mean_rank_index": 0.9995773885166015,
        "adjusted_hits_at_k": 0.5960385132530717,
        "adjusted_inverse_harmonic_mean_rank": 0.22780083846600915,
        "arithmetic_mean_rank": 3024.00390625,
        "count": 48692.0,
        "geometric_mean_rank": 19.066776275634766,
        "harmonic_mean_rank": 4.3882325689135975,
        "hits_at_1": 0.0,
        "hits_at_10": 0.5960732769243408,
        "hits_at_3": 0.4045633779676333,
        "hits_at_5": 0.503306497987349,
        "inverse_arithmetic_mean_rank": 0.00033068741322495043,
        "inverse_geometric_mean_rank": 0.052447251975536346,
        "inverse_harmonic_mean_rank": 0.22788217905405406,
        "inverse_median_rank": 0.20000000298023224,
        "median_absolute_deviation": 4.447806655516806,
        "median_rank": 5.0,
        "standard_deviation": 13125.5791015625,
        "variance": 172280832.0,
        "z_arithmetic_mean_rank": 362.3097777441367,
        "z_geometric_mean_rank": 220.64096734976638,
        "z_hits_at_k": 14177.237189575448,
        "z_inverse_harmonic_mean_rank": 13364.191861308667
      }
    },
    "head": {
      "optimistic": {
        "adjusted_arithmetic_mean_rank": 0.05241363220998802,
        "adjusted_arithmetic_mean_rank_index": 0.9476026772076831,
        "adjusted_geometric_mean_rank_index": 0.9995766791564936,
        "adjusted_hits_at_k": 0.5957098888797294,
        "adjusted_inverse_harmonic_mean_rank": 0.22837026013929432,
        "arithmetic_mean_rank": 3045.314014622525,
        "count": 24346.0,
        "geometric_mean_rank": 19.097277122058447,
        "harmonic_mean_rank": 4.377295931326499,
        "hits_at_1": 0.0,
        "hits_at_10": 0.5957446808510638,
        "hits_at_3": 0.4064322681343958,
        "hits_at_5": 0.5041485254251211,
        "inverse_arithmetic_mean_rank": 0.00032837336156414486,
        "inverse_geometric_mean_rank": 0.05236348583144049,
        "inverse_harmonic_mean_rank": 0.22845154078878083,
        "inverse_median_rank": 0.2,
        "median_absolute_deviation": 4.447806655516806,
        "median_rank": 5.0,
        "standard_deviation": 13183.877909273235,
        "variance": 173814636.7266228,
        "z_arithmetic_mean_rank": 256.092569418262,
        "z_geometric_mean_rank": 156.02003605531755,
        "z_hits_at_k": 10019.290562185579,
        "z_inverse_harmonic_mean_rank": 9473.529453713933
      },
      "pessimistic": {
        "adjusted_arithmetic_mean_rank": 0.052413716336235934,
        "adjusted_arithmetic_mean_rank_index": 0.9476025930799873,
        "adjusted_geometric_mean_rank_index": 0.99957667830335,
        "adjusted_hits_at_k": 0.5957098888797294,
        "adjusted_inverse_harmonic_mean_rank": 0.22837022247635813,
        "arithmetic_mean_rank": 3045.3189024891153,
        "count": 24346.0,
        "geometric_mean_rank": 19.097313594574167,
        "harmonic_mean_rank": 4.377296652899564,
        "hits_at_1": 0.0,
        "hits_at_10": 0.5957446808510638,
        "hits_at_3": 0.4064322681343958,
        "hits_at_5": 0.5041485254251211,
        "inverse_arithmetic_mean_rank": 0.00032837283451090857,
        "inverse_geometric_mean_rank": 0.05236338582637691,
        "inverse_harmonic_mean_rank": 0.2284515031298119,
        "inverse_median_rank": 0.2,
        "median_absolute_deviation": 4.447806655516806,
        "median_rank": 5.0,
        "standard_deviation": 13183.892101636398,
        "variance": 173815010.94759062,
        "z_arithmetic_mean_rank": 256.09254668249065,
        "z_geometric_mean_rank": 156.02003592215368,
        "z_hits_at_k": 10019.290562185579,
        "z_inverse_harmonic_mean_rank": 9473.527891334772
      },
      "realistic": {
        "adjusted_arithmetic_mean_rank": 0.05241367337286392,
        "adjusted_arithmetic_mean_rank_index": 0.9476026360440988,
        "adjusted_geometric_mean_rank_index": 0.9995766785866532,
        "adjusted_hits_at_k": 0.5957098888797294,
        "adjusted_inverse_harmonic_mean_rank": 0.22837024565207628,
        "arithmetic_mean_rank": 3045.31640625,
        "count": 24346.0,
        "geometric_mean_rank": 19.097301483154297,
        "harmonic_mean_rank": 4.3772962088828,
        "hits_at_1": 0.0,
        "hits_at_10": 0.5957446808510638,
        "hits_at_3": 0.4064322681343958,
        "hits_at_5": 0.5041485254251211,
        "inverse_arithmetic_mean_rank": 0.0003283731057308614,
        "inverse_geometric_mean_rank": 0.05236341804265976,
        "inverse_harmonic_mean_rank": 0.22845152630308882,
        "inverse_median_rank": 0.20000000298023224,
        "median_absolute_deviation": 4.447806655516806,
        "median_rank": 5.0,
        "standard_deviation": 13183.8857421875,
        "variance": 173814848.0,