{
  "losses": [
    0.892778292552108,
    0.6102751151923715,
    0.37653472533771304,
    0.20035422221732546,
    0.10249809302625285,
    0.05804627342489514,
    0.03496200837865653,
    0.023170153699914976,
    0.015423818592235917,
    0.010793252806734393,
    0.008283236281552019,
    0.006467479203517239,
    0.005118612384416816,
    0.004181451003867091,
    0.003572832854179135,
    0.003021854007675555,
    0.002697318320981467,
    0.002271593713987315,
    0.002004767654218922,
    0.0017270078555988986,
    0.00149197897300523,
    0.0013051178246717265,
    0.00123312391500485,
    0.0010501867683645149
  ],
  "metrics": {
    "both": {
      "optimistic": {
        "adjusted_arithmetic_mean_rank": 0.055982626580885445,
        "adjusted_arithmetic_mean_rank_index": 0.9440336213997212,
        "adjusted_geometric_mean_rank_index": 0.9999374362208071,
        "adjusted_hits_at_k": 0.8929711558146103,
        "adjusted_inverse_harmonic_mean_rank": 0.6338535098456743,
        "arithmetic_mean_rank": 3252.680009036392,
        "count": 48692.0,
        "geometric_mean_rank": 3.6746215993647082,
        "harmonic_mean_rank": 1.5775556031470757,
        "hits_at_1": 0.49309948246118457,
        "hits_at_10": 0.8929803663846217,
        "hits_at_3": 0.7420315452230346,
        "hits_at_5": 0.8278156576028917,
        "inverse_arithmetic_mean_rank": 0.0003074387880830154,
        "inverse_geometric_mean_rank": 0.27213686442513874,
        "inverse_harmonic_mean_rank": 0.6338920783553326,
        "inverse_median_rank": 0.5,
        "median_absolute_deviation": 1.482602218505602,
        "median_rank": 2.0,
        "standard_deviation": 15343.28924750161,
        "variance": 235416524.93249854,
        "z_arithmetic_mean_rank": 360.8055074354598,
        "z_geometric_mean_rank": 220.7204422105032,
        "z_hits_at_k": 21240.00982811965,
        "z_inverse_harmonic_mean_rank": 37185.727561777465
      },
      "pessimistic": {
        "adjusted_arithmetic_mean_rank": 0.05598267960159994,
        "adjusted_arithmetic_mean_rank_index": 0.9440335683780943,
        "adjusted_geometric_mean_rank_index": 0.999937436182964,
        "adjusted_hits_at_k": 0.8929711558146103,
        "adjusted_inverse_harmonic_mean_rank": 0.6338535071577814,
        "arithmetic_mean_rank": 3252.6830896245788,
        "count": 48692.0,
        "geometric_mean_rank": 3.674623217166867,
        "harmonic_mean_rank": 1.5775556098356809,
        "hits_at_1": 0.49309948246118457,
        "hits_at_10": 0.8929803663846217,
        "hits_at_3": 0.7420315452230346,
        "hits_at_5": 0.8278156576028917,
        "inverse_arithmetic_mean_rank": 0.0003074384969103827,
        "inverse_geometric_mean_rank": 0.272136744613234,
        "inverse_harmonic_mean_rank": 0.6338920756677228,
        "inverse_median_rank": 0.5,
        "median_absolute_deviation": 1.482602218505602,
        "median_rank": 2.0,
        "standard_deviation": 15343.298719570646,
        "variance": 235416815.59797823,
        "z_arithmetic_mean_rank": 360.80548717082655,
        "z_geometric_mean_rank": 220.72044220214994,
        "z_hits_at_k": 21240.00982811965,
        "z_inverse_harmonic_mean_rank": 37185.72740408921
      },
      "realistic": {
        "adjusted_arithmetic_mean_rank": 0.05598264625861234,
        "adjusted_arithmetic_mean_rank_index": 0.9440336017216557,
        "adjusted_geometric_mean_rank_index": 0.9999374361989046,
        "adjusted_hits_at_k": 0.8929711558146103,
        "adjusted_inverse_harmonic_mean_rank": 0.6338535011569284,
        "arithmetic_mean_rank": 3252.68115234375,
        "count": 48692.0,
        "geometric_mean_rank": 3.6746225357055664,
        "harmonic_mean_rank": 1.5775556247683211,
        "hits_at_1": 0.49309948246118457,
        "hits_at_10": 0.8929803663846217,
        "hits_at_3": 0.7420315452230346,
        "hits_at_5": 0.8278156576028917,
        "inverse_arithmetic_mean_rank": 0.0003074386913795024,
        "inverse_geometric_mean_rank": 0.2721368074417114,
        "inverse_harmonic_mean_rank": 0.6338920696675019,
        "inverse_median_rank": 0.5,
        "median_absolute_deviation": 1.482602218505602,
        "median_rank": 2.0,
        "standard_deviation": 15343.2939453125,
        "variance": 235416656.0,
        "z_arithmetic_mean_rank": 360.80549991458946,
        "z_geometric_mean_rank": 220.72044220566855,
        "z_hits_at_k": 21240.00982811965,
        "z_inverse_harmonic_mean_rank": 37185.727052042435
      }
    },
    "head": {
      "optimistic": {
        "adjusted_arithmetic_mean_rank": 0.05589783387785084,
        "adjusted_arithmetic_mean_rank_index": 0.9441184155713549,
        "adjusted_geometric_mean_rank_index": 0.9999377719296082,
        "adjusted_hits_at_k": 0.8930738509199284,
        "adjusted_inverse_harmonic_mean_rank": 0.6353860304935658,
        "arithmetic_mean_rank": 3247.7515813686027,
        "count": 24346.0,
        "geometric_mean_rank": 3.6602957353137886,
        "harmonic_mean_rank": 1.5737512453688416,
        "hits_at_1": 0.49515320791916534,
        "hits_at_10": 0.8930830526575207,
        "hits_at_3": 0.7429146471699664,
        "hits_at_5": 0.8280621046578494,
        "inverse_arithmetic_mean_rank": 0.00030790532309697157,
        "inverse_geometric_mean_rank": 0.27320196845085587,
        "inverse_harmonic_mean_rank": 0.6354244375931402,
        "inverse_median_rank": 0.5,
        "median_absolute_deviation": 1.482602218505602,
        "median_rank": 2.0,
        "standard_deviation": 15348.345287140788,
        "variance": 235571703.05329683,
        "z_arithmetic_mean_rank": 255.1509368791876,
        "z_geometric_mean_rank": 156.07639762182407,
        "z_hits_at_k": 15020.677972433852,
        "z_inverse_harmonic_mean_rank": 26357.84655448427
      },
      "pessimistic": {
        "adjusted_arithmetic_mean_rank": 0.05589788336387901,
        "adjusted_arithmetic_mean_rank_index": 0.9441183660844751,
        "adjusted_geometric_mean_rank_index": 0.9999377719178008,
        "adjusted_hits_at_k": 0.8930738509199284,
        "adjusted_inverse_harmonic_mean_rank": 0.6353860304521897,
        "arithmetic_mean_rank": 3247.7544565842436,
        "count": 24346.0,
        "geometric_mean_rank": 3.6602962400930514,
        "harmonic_mean_rank": 1.5737512454713067,
        "hits_at_1": 0.49515320791916534,
        "hits_at_10": 0.8930830526575207,
        "hits_at_3": 0.7429146471699664,
        "hits_at_5": 0.8280621046578494,
        "inverse_arithmetic_mean_rank": 0.0003079050505104159,
        "inverse_geometric_mean_rank": 0.2732019307744824,
        "inverse_harmonic_mean_rank": 0.6354244375517684,
        "inverse_median_rank": 0.5,
        "median_absolute_deviation": 1.482602218505602,
        "median_rank": 2.0,
        "standard_deviation": 15348.354573015162,
        "variance": 235571988.09899542,
        "z_arithmetic_mean_rank": 255.15092350520445,
        "z_geometric_mean_rank": 156.0763976199811,
        "z_hits_at_k": 15020.677972433852,
        "z_inverse_harmonic_mean_rank": 26357.846552767853
      },
      "realistic": {
        "adjusted_arithmetic_mean_rank": 0.05589785708409179,
        "adjusted_arithmetic_mean_rank_index": 0.9441183923647146,
        "adjusted_geometric_mean_rank_index": 0.9999377719298526,
        "adjusted_hits_at_k": 0.8930738509199284,
        "adjusted_inverse_harmonic_mean_rank": 0.6353860145183108,
        "arithmetic_mean_rank": 3247.7529296875,
        "count": 24346.0,
        "geometric_mean_rank": 3.6602957248687744,
        "harmonic_mean_rank": 1.5737512849304767,
        "hits_at_1": 0.49515320791916534,
        "hits_at_10": 0.8930830526575207,
        "hits_at_3": 0.7429146471699664,
        "hits_at_5": 0.8280621046578494,
        "inverse_arithmetic_mean_rank": 0.0003079051966778934,
        "inverse_geometric_mean_rank": 0.27320197224617004,
        "inverse_harmonic_mean_rank": 0.6354244216195679,
        "inverse_median_rank": 0.5,