{
  "losses": [
    0.9075785607027022,
    0.6425206304466637,
    0.4422280287002995,
    0.29016828939427425,
    0.1890427786177092,
    0.12566606418531018,
    0.08503713715739929,
    0.057075132690642,
    0.040134775533891505,
    0.028277776792074424,
    0.02023672116886362,
    0.014906592533409306,
    0.011461663338040747,
    0.009323094510348682,
    0.0072544324622487244,
    0.006104901210357346
  ],
  "metrics": {
    "both": {
      "optimistic": {
        "adjusted_arithmetic_mean_rank": 0.07124239223198192,
        "adjusted_arithmetic_mean_rank_index": 0.9287735931047547,
        "adjusted_geometric_mean_rank_index": 0.9998563624268645,
        "adjusted_hits_at_k": 0.7534906567044624,
        "adjusted_inverse_harmonic_mean_rank": 0.5637773237802808,
        "arithmetic_mean_rank": 4139.296763328678,
        "count": 48692.0,
        "geometric_mean_rank": 7.1405522579441785,
        "harmonic_mean_rank": 1.7736053944051262,
        "hits_at_1": 0.4563583340179085,
        "hits_at_10": 0.7535118705331472,
        "hits_at_3": 0.6414400722911361,
        "hits_at_5": 0.7009159615542594,
        "inverse_arithmetic_mean_rank": 0.0002415869306253449,
        "inverse_geometric_mean_rank": 0.14004519032648435,
        "inverse_harmonic_mean_rank": 0.5638232738547819,
        "inverse_median_rank": 0.5,
        "median_absolute_deviation": 1.482602218505602,
        "median_rank": 2.0,
        "standard_deviation": 16990.5416584561,
        "variance": 288678505.8477321,
        "z_arithmetic_mean_rank": 354.9731915860716,
        "z_geometric_mean_rank": 220.7025464472259,
        "z_hits_at_k": 17922.358241458955,
        "z_inverse_harmonic_mean_rank": 33074.629456111696
      },
      "pessimistic": {
        "adjusted_arithmetic_mean_rank": 0.07124245550336789,
        "adjusted_arithmetic_mean_rank_index": 0.9287735298322798,
        "adjusted_geometric_mean_rank_index": 0.9998563623272362,
        "adjusted_hits_at_k": 0.7534906567044624,
        "adjusted_inverse_harmonic_mean_rank": 0.5637773216211338,
        "arithmetic_mean_rank": 4139.300439497248,
        "count": 48692.0,
        "geometric_mean_rank": 7.140556517085723,
        "harmonic_mean_rank": 1.7736054011963878,
        "hits_at_1": 0.4563583340179085,
        "hits_at_10": 0.7535118705331472,
        "hits_at_3": 0.6414400722911361,
        "hits_at_5": 0.7009159615542594,
        "inverse_arithmetic_mean_rank": 0.0002415867160687322,
        "inverse_geometric_mean_rank": 0.14004510679345905,
        "inverse_harmonic_mean_rank": 0.5638232716958624,
        "inverse_median_rank": 0.5,
        "median_absolute_deviation": 1.482602218505602,
        "median_rank": 2.0,
        "standard_deviation": 16990.551334327418,
        "variance": 288678834.64441526,
        "z_arithmetic_mean_rank": 354.97316740360935,
        "z_geometric_mean_rank": 220.70254642523452,
        "z_hits_at_k": 17922.358241458955,
        "z_inverse_harmonic_mean_rank": 33074.62932944292
      },
      "realistic": {
        "adjusted_arithmetic_mean_rank": 0.0712424193657468,
        "adjusted_arithmetic_mean_rank_index": 0.9287735659705229,
        "adjusted_geometric_mean_rank_index": 0.999856362376101,
        "adjusted_hits_at_k": 0.7534906567044624,
        "adjusted_inverse_harmonic_mean_rank": 0.5637772989293915,
        "arithmetic_mean_rank": 4139.29833984375,
        "count": 48692.0,
        "geometric_mean_rank": 7.140554428100586,
        "harmonic_mean_rank": 1.7736054725697437,
        "hits_at_1": 0.4563583340179085,
        "hits_at_10": 0.7535118705331472,
        "hits_at_3": 0.6414400722911361,
        "hits_at_5": 0.7009159615542594,
        "inverse_arithmetic_mean_rank": 0.00024158683663699776,
        "inverse_geometric_mean_rank": 0.1400451511144638,
        "inverse_harmonic_mean_rank": 0.5638232490065104,
        "inverse_median_rank": 0.5,
        "median_absolute_deviation": 1.482602218505602,
        "median_rank": 2.0,
        "standard_deviation": 16990.546875,
        "variance": 288678656.0,
        "z_arithmetic_mean_rank": 354.9731812154873,
        "z_geometric_mean_rank": 220.70254643602064,
        "z_hits_at_k": 17922.358241458955,
        "z_inverse_harmonic_mean_rank": 33074.627998206386
      }
    },
    "head": {
      "optimistic": {
        "adjusted_arithmetic_mean_rank": 0.07104195612738266,
        "adjusted_arithmetic_mean_rank_index": 0.9289740326682052,
        "adjusted_geometric_mean_rank_index": 0.9998533861059455,
        "adjusted_hits_at_k": 0.7509027399072017,
        "adjusted_inverse_harmonic_mean_rank": 0.5615184395468276,
        "arithmetic_mean_rank": 4127.648771872176,
        "count": 24346.0,
        "geometric_mean_rank": 7.26785170479453,
        "harmonic_mean_rank": 1.7807389405838143,
        "hits_at_1": 0.45600920069005174,
        "hits_at_10": 0.7509241764560913,
        "hits_at_3": 0.6367370409923602,
        "hits_at_5": 0.6967468988745584,
        "inverse_arithmetic_mean_rank": 0.00024226867528421764,
        "inverse_geometric_mean_rank": 0.1375922405434208,
        "inverse_harmonic_mean_rank": 0.5615646275877757,
        "inverse_median_rank": 0.5,
        "median_absolute_deviation": 1.482602218505602,
        "median_rank": 2.0,
        "standard_deviation": 16952.251554448034,
        "variance": 287378832.7652858,
        "z_arithmetic_mean_rank": 251.0581203188228,
        "z_geometric_mean_rank": 156.06322616682223,
        "z_hits_at_k": 12629.491092081693,
        "z_inverse_harmonic_mean_rank": 23293.58241570375
      },
      "pessimistic": {
        "adjusted_arithmetic_mean_rank": 0.0710420098550704,
        "adjusted_arithmetic_mean_rank_index": 0.9289739789395928,
        "adjusted_geometric_mean_rank_index": 0.9998533860204547,
        "adjusted_hits_at_k": 0.7509027399072017,
        "adjusted_inverse_harmonic_mean_rank": 0.5615184378016222,
        "arithmetic_mean_rank": 4127.651893534872,
        "count": 24346.0,
        "geometric_mean_rank": 7.267855359589481,
        "harmonic_mean_rank": 1.780738946117332,
        "hits_at_1": 0.45600920069005174,
        "hits_at_10": 0.7509241764560913,
        "hits_at_3": 0.6367370409923602,
        "hits_at_5": 0.6967468988745584,
        "inverse_arithmetic_mean_rank": 0.00024226849206113936,
        "inverse_geometric_mean_rank": 0.1375921713522494,
        "inverse_harmonic_mean_rank": 0.5615646258427542,
        "inverse_median_rank": 0.5,
        "median_absolute_deviation": 1.482602218505602,
        "median_rank": 2.0,
        "standard_deviation": 16952.259724395488,
        "variance": 287379109.7633614,
        "z_arithmetic_mean_rank": 251.05810579849827,
        "z_geometric_mean_rank": 156.0632261534783,
        "z_hits_at_k": 12629.491092081693,
        "z_inverse_harmonic_mean_rank": 23293.582343307047
      },
      "realistic": {
        "adjusted_arithmetic_mean_rank": 0.07104198398812699,
        "adjusted_arithmetic_mean_rank_index": 0.9289740048069813,
        "adjusted_geometric_mean_rank_index": 0.9998533860472584,
        "adjusted_hits_at_k": 0.7509027399072017,
        "adjusted_inverse_harmonic_mean_rank": 0.5615184041881376,
        "arithmetic_mean_rank": 4127.650390625,
        "count": 24346.0,
        "geometric_mean_rank": 7.2678542137146,
        "harmonic_mean_rank": 1.780739052695519,
        "hits_at_1": 0.45600920069005174,
        "hits_at_10": 0.7509241764560913,
        "hits_at_3": 0.6367370409923602,
        "hits_at_5": 0.6967468988745584,
        "inverse_arithmetic_mean_rank": 0.00024226857931353152,
        "inverse_geometric_mean_rank": 0.13759219646453857,
        "inverse_harmonic_mean_rank": 0.5615645922328103,
        "inverse_median_rank": 0.5,
        "median_absolute_deviation": 1.482602218505602,
        "median_rank": 2.0,
        "standard_deviation": 16952.25390625,
        "variance": 287378944.0,
        "z_arithmetic_mean_rank": 251.05811278924045,