{
  "losses": [
    0.8327686236636473,
    0.7034135626094176,
    0.6400798331392874,
    0.5997922432304609,
    0.5661943738413329,
    0.5365618142751184,
    0.5037441951803642,
    0.46802316868659294,
    0.4313511284861234,
    0.3976508648678808,
    0.3648165829110854,
    0.3393322687928039,
    0.31588137076042666,
    0.29846932415915006,
    0.2828147481868763,
    0.26790690947287155,
    0.2535582707069888,
    0.2446741105011194,
    0.23436908934376027,
    0.2240190097601107
  ],
  "metrics": {
    "both": {
      "optimistic": {
        "adjusted_arithmetic_mean_rank": 0.25101164721300123,
        "adjusted_arithmetic_mean_rank_index": 0.7491189017491361,
        "adjusted_geometric_mean_rank_index": 0.9756196190735122,
        "adjusted_hits_at_k": 0.30297191294216774,
        "adjusted_inverse_harmonic_mean_rank": 0.21255642891215967,
        "arithmetic_mean_rank": 1440.3605084851122,
        "count": 32174.0,
        "geometric_mean_rank": 100.4858500014574,
        "harmonic_mean_rank": 4.688568166487095,
        "hits_at_1": 0.15885497606763224,
        "hits_at_10": 0.3036302604587555,
        "hits_at_3": 0.24529122894262448,
        "hits_at_5": 0.2717722384534096,
        "inverse_arithmetic_mean_rank": 0.0006942706316293982,
        "inverse_geometric_mean_rank": 0.00995164990877319,
        "inverse_harmonic_mean_rank": 0.2132847309649438,
        "inverse_median_rank": 0.0049261083743842365,
        "median_absolute_deviation": 299.4856481381316,
        "median_rank": 203.0,
        "standard_deviation": 2688.2519894177067,
        "variance": 7226698.758608257,
        "z_arithmetic_mean_rank": 227.12346832604948,
        "z_geometric_mean_rank": 175.37771952501606,
        "z_hits_at_k": 1767.5520957492427,
        "z_inverse_harmonic_mean_rank": 3065.3093875896475
      },
      "pessimistic": {
        "adjusted_arithmetic_mean_rank": 0.2510118205405476,
        "adjusted_arithmetic_mean_rank_index": 0.7491187283913787,
        "adjusted_geometric_mean_rank_index": 0.9756196055732991,
        "adjusted_hits_at_k": 0.30297191294216774,
        "adjusted_inverse_harmonic_mean_rank": 0.21255642756426638,
        "arithmetic_mean_rank": 1440.3615030770188,
        "count": 32174.0,
        "geometric_mean_rank": 100.48590509002145,
        "harmonic_mean_rank": 4.688568196089987,
        "hits_at_1": 0.15885497606763224,
        "hits_at_10": 0.3036302604587555,
        "hits_at_3": 0.24529122894262448,
        "hits_at_5": 0.2717722384534096,
        "inverse_arithmetic_mean_rank": 0.0006942701522247836,
        "inverse_geometric_mean_rank": 0.009951644453061737,
        "inverse_harmonic_mean_rank": 0.21328472961829714,
        "inverse_median_rank": 0.0049261083743842365,
        "median_absolute_deviation": 299.4856481381316,
        "median_rank": 203.0,
        "standard_deviation": 2688.2532577853112,
        "variance": 7226705.577993339,
        "z_arithmetic_mean_rank": 227.12341576614872,
        "z_geometric_mean_rank": 175.3777170982131,
        "z_hits_at_k": 1767.5520957492427,
        "z_inverse_harmonic_mean_rank": 3065.309368151468
      },
      "realistic": {
        "adjusted_arithmetic_mean_rank": 0.25101174750526634,
        "adjusted_arithmetic_mean_rank_index": 0.74911880143939,
        "adjusted_geometric_mean_rank_index": 0.9756196103446679,
        "adjusted_hits_at_k": 0.30297191294216774,
        "adjusted_inverse_harmonic_mean_rank": 0.2125564354596821,
        "arithmetic_mean_rank": 1440.361083984375,
        "count": 32174.0,
        "geometric_mean_rank": 100.48588562011719,
        "harmonic_mean_rank": 4.688568022688187,
        "hits_at_1": 0.15885497606763224,
        "hits_at_10": 0.3036302604587555,
        "hits_at_3": 0.24529122894262448,
        "hits_at_5": 0.2717722384534096,
        "inverse_arithmetic_mean_rank": 0.0006942703621461987,
        "inverse_geometric_mean_rank": 0.009951646439731121,
        "inverse_harmonic_mean_rank": 0.21328473750641047,
        "inverse_median_rank": 0.004926108289510012,
        "median_absolute_deviation": 299.4856481381316,
        "median_rank": 203.0,
        "standard_deviation": 2688.252685546875,
        "variance": 7226702.5,
        "z_arithmetic_mean_rank": 227.12343791339083,
        "z_geometric_mean_rank": 175.377717955916,
        "z_hits_at_k": 1767.5520957492427,
        "z_inverse_harmonic_mean_rank": 3065.309482012489
      }
    },
    "head": {
      "optimistic": {
        "adjusted_arithmetic_mean_rank": 0.38159783147444276,
        "adjusted_arithmetic_mean_rank_index": 0.6185247207422,
        "adjusted_geometric_mean_rank_index": 0.8397214748516333,
        "adjusted_hits_at_k": 0.027638278625578598,
        "adjusted_inverse_harmonic_mean_rank": 0.016687752822158692,
        "arithmetic_mean_rank": 1925.935724498042,
        "count": 16087.0,
        "geometric_mean_rank": 565.0823578308979,
        "harmonic_mean_rank": 56.373169725598956,
        "hits_at_1": 0.007956735252066886,
        "hits_at_10": 0.028718841300428916,
        "hits_at_3": 0.013737800708646733,
        "hits_at_5": 0.018337788276247904,
        "inverse_arithmetic_mean_rank": 0.0005192281275433689,
        "inverse_geometric_mean_rank": 0.001769653548977461,
        "inverse_harmonic_mean_rank": 0.017738935115190122,
        "inverse_median_rank": 0.0017035775127768314,
        "median_absolute_deviation": 707.2012582271722,
        "median_rank": 587.0,
        "standard_deviation": 2875.7095127225034,
        "variance": 8269705.201562699,
        "z_arithmetic_mean_rank": 130.05486190141593,
        "z_geometric_mean_rank": 106.7695524214783,
        "z_hits_at_k": 105.10602495252616,
        "z_inverse_harmonic_mean_rank": 156.9303306339247
      },
      "pessimistic": {
        "adjusted_arithmetic_mean_rank": 0.38159813938817355,
        "adjusted_arithmetic_mean_rank_index": 0.6185244127674482,
        "adjusted_geometric_mean_rank_index": 0.839721367160298,
        "adjusted_hits_at_k": 0.027638278625578598,
        "adjusted_inverse_harmonic_mean_rank": 0.016687751913141806,
        "arithmetic_mean_rank": 1925.9372785478959,
        "count": 16087.0,
        "geometric_mean_rank": 565.0827368385177,
        "harmonic_mean_rank": 56.37317261130682,
        "hits_at_1": 0.007956735252066886,
        "hits_at_10": 0.028718841300428916,
        "hits_at_3": 0.013737800708646733,
        "hits_at_5": 0.018337788276247904,
        "inverse_arithmetic_mean_rank": 0.00051922770857521,
        "inverse_geometric_mean_rank": 0.0017696523620500683,
        "inverse_harmonic_mean_rank": 0.017738934207144997,
        "inverse_median_rank": 0.0017035775127768314,
        "median_absolute_deviation": 707.2012582271722,
        "median_rank": 587.0,
        "standard_deviation": 2875.7111428253456,
        "variance": 8269714.576969856,
        "z_arithmetic_mean_rank": 130.05479714472557,
        "z_geometric_mean_rank": 106.7695387286575,
        "z_hits_at_k": 105.10602495252616,
        "z_inverse_harmonic_mean_rank": 156.93032208560058
      },
      "realistic": {
        "adjusted_arithmetic_mean_rank": 0.3815979897733729,
        "adjusted_arithmetic_mean_rank_index": 0.6185245624118989,
        "adjusted_geometric_mean_rank_index": 0.8397214462485953,
        "adjusted_hits_at_k": 0.027638278625578598,
        "adjusted_inverse_harmonic_mean_rank": 0.016687754239387842,
        "arithmetic_mean_rank": 1925.9365234375,
        "count": 16087.0,
        "geometric_mean_rank": 565.0824584960938,
        "harmonic_mean_rank": 56.37316522655296,
        "hits_at_1": 0.007956735252066886,
        "hits_at_10": 0.028718841300428916,
        "hits_at_3": 0.013737800708646733,
        "hits_at_5": 0.018337788276247904,
        "inverse_arithmetic_mean_rank": 0.0005192279350012541,
        "inverse_geometric_mean_rank": 0.0017696532886475325,
        "inverse_harmonic_mean_rank": 0.017738936530904224,