{
  "losses": [
    0.3587509787239574,
    0.07683396909490219,
    0.04523867901062623,
    0.02991723484170923,
    0.024096823477555276,
    0.01892903577567521,
    0.015615643356227822,
    0.013549027154312826,
    0.01218349307878096,
    0.01073967084930263,
    0.009530785984296762,
    0.008625667671742722,
    0.008115975466107341,
    0.007582814007690284,
    0.007216655921470997,
    0.0065826938214938015
  ],
  "metrics": {
    "both": {
      "optimistic": {
        "adjusted_arithmetic_mean_rank": 0.05851059875325611,
        "adjusted_arithmetic_mean_rank_index": 0.9415056057170891,
        "adjusted_geometric_mean_rank_index": 0.99646923611831,
        "adjusted_hits_at_k": 0.19425416284919683,
        "adjusted_inverse_harmonic_mean_rank": 0.11064365694960882,
        "arithmetic_mean_rank": 3399.559229442208,
        "count": 48692.0,
        "geometric_mean_rank": 151.9412868282499,
        "harmonic_mean_rank": 9.030377775844528,
        "hits_at_1": 0.06469235192639448,
        "hits_at_10": 0.19432350283414113,
        "hits_at_3": 0.12082066869300911,
        "hits_at_5": 0.14889509570360634,
        "inverse_arithmetic_mean_rank": 0.0002941557809434248,
        "inverse_geometric_mean_rank": 0.00658148960611589,
        "inverse_harmonic_mean_rank": 0.110737338439474,
        "inverse_median_rank": 0.005405405405405406,
        "median_absolute_deviation": 271.3162059865252,
        "median_rank": 185.0,
        "standard_deviation": 12852.348387650889,
        "variance": 165182859.0775524,
        "z_arithmetic_mean_rank": 359.8393109351439,
        "z_geometric_mean_rank": 219.95489165446955,
        "z_hits_at_k": 4620.485556788451,
        "z_inverse_harmonic_mean_rank": 6491.034316065636
      },
      "pessimistic": {
        "adjusted_arithmetic_mean_rank": 0.05851060617615614,
        "adjusted_arithmetic_mean_rank_index": 0.9415055982940612,
        "adjusted_geometric_mean_rank_index": 0.996469234508414,
        "adjusted_hits_at_k": 0.19425416284919683,
        "adjusted_inverse_harmonic_mean_rank": 0.11064365278610268,
        "arithmetic_mean_rank": 3399.5596607245543,
        "count": 48692.0,
        "geometric_mean_rank": 151.941355651819,
        "harmonic_mean_rank": 9.030378115333221,
        "hits_at_1": 0.06469235192639448,
        "hits_at_10": 0.19432350283414113,
        "hits_at_3": 0.12082066869300911,
        "hits_at_5": 0.14889509570360634,
        "inverse_arithmetic_mean_rank": 0.000294155743625593,
        "inverse_geometric_mean_rank": 0.006581486624955148,
        "inverse_harmonic_mean_rank": 0.11073733427640643,
        "inverse_median_rank": 0.005405405405405406,
        "median_absolute_deviation": 271.3162059865252,
        "median_rank": 185.0,
        "standard_deviation": 12852.34872982492,
        "variance": 165182867.87303224,
        "z_arithmetic_mean_rank": 359.8393080980953,
        "z_geometric_mean_rank": 219.95489129911036,
        "z_hits_at_k": 4620.485556788451,
        "z_inverse_harmonic_mean_rank": 6491.0340718088755
      },
      "realistic": {
        "adjusted_arithmetic_mean_rank": 0.05851060041809274,
        "adjusted_arithmetic_mean_rank_index": 0.9415056040522237,
        "adjusted_geometric_mean_rank_index": 0.996469235823336,
        "adjusted_hits_at_k": 0.19425416284919683,
        "adjusted_inverse_harmonic_mean_rank": 0.11064365649040148,
        "arithmetic_mean_rank": 3399.559326171875,
        "count": 48692.0,
        "geometric_mean_rank": 151.94129943847656,
        "harmonic_mean_rank": 9.030377813287895,
        "hits_at_1": 0.06469235192639448,
        "hits_at_10": 0.19432350283414113,
        "hits_at_3": 0.12082066869300911,
        "hits_at_5": 0.14889509570360634,
        "inverse_arithmetic_mean_rank": 0.00029415576136671007,
        "inverse_geometric_mean_rank": 0.006581488996744156,
        "inverse_harmonic_mean_rank": 0.11073733798031504,
        "inverse_median_rank": 0.0054054055362939835,
        "median_absolute_deviation": 271.3162059865252,
        "median_rank": 185.0,
        "standard_deviation": 12852.34765625,
        "variance": 165182848.0,
        "z_arithmetic_mean_rank": 359.8393102988397,
        "z_geometric_mean_rank": 219.9548915893587,
        "z_hits_at_k": 4620.485556788451,
        "z_inverse_harmonic_mean_rank": 6491.034289125722
      }
    },
    "head": {
      "optimistic": {
        "adjusted_arithmetic_mean_rank": 0.05835629480916993,
        "adjusted_arithmetic_mean_rank_index": 0.941659912326145,
        "adjusted_geometric_mean_rank_index": 0.9964575663271421,
        "adjusted_hits_at_k": 0.19150193384787997,
        "adjusted_inverse_harmonic_mean_rank": 0.10800710406066642,
        "arithmetic_mean_rank": 3390.5920069005174,
        "count": 24346.0,
        "geometric_mean_rank": 152.44164254519393,
        "harmonic_mean_rank": 9.250602808622299,
        "hits_at_1": 0.06198143432185985,
        "hits_at_10": 0.1915715107204469,
        "hits_at_3": 0.11841780990717161,
        "hits_at_5": 0.14651277417234865,
        "inverse_arithmetic_mean_rank": 0.000294933745483032,
        "inverse_geometric_mean_rank": 0.006559887333302204,
        "inverse_harmonic_mean_rank": 0.10810106332399445,
        "inverse_median_rank": 0.005494505494505495,
        "median_absolute_deviation": 265.38579711250276,
        "median_rank": 182.0,
        "standard_deviation": 12866.083740283113,
        "variance": 165536110.81197748,
        "z_arithmetic_mean_rank": 254.48651873418592,
        "z_geometric_mean_rank": 155.53318586538845,
        "z_hits_at_k": 3220.885794007238,
        "z_inverse_harmonic_mean_rank": 4480.480430792361
      },
      "pessimistic": {
        "adjusted_arithmetic_mean_rank": 0.05835630187860253,
        "adjusted_arithmetic_mean_rank_index": 0.9416599052565907,
        "adjusted_geometric_mean_rank_index": 0.9964575638557572,
        "adjusted_hits_at_k": 0.19150193384787997,
        "adjusted_inverse_harmonic_mean_rank": 0.10800709616005377,
        "arithmetic_mean_rank": 3390.592417645609,
        "count": 24346.0,
        "geometric_mean_rank": 152.44174819871665,
        "harmonic_mean_rank": 9.25060348463541,
        "hits_at_1": 0.06198143432185985,
        "hits_at_10": 0.1915715107204469,
        "hits_at_3": 0.11841780990717161,
        "hits_at_5": 0.14651277417234865,
        "inverse_arithmetic_mean_rank": 0.00029493370975399905,
        "inverse_geometric_mean_rank": 0.006559882786810094,
        "inverse_harmonic_mean_rank": 0.10810105542421403,
        "inverse_median_rank": 0.005494505494505495,
        "median_absolute_deviation": 265.38579711250276,
        "median_rank": 182.0,
        "standard_deviation": 12866.083961428534,
        "variance": 165536116.50252858,
        "z_arithmetic_mean_rank": 254.4865168236169,
        "z_geometric_mean_rank": 155.5331854796396,
        "z_hits_at_k": 3220.885794007238,
        "z_inverse_harmonic_mean_rank": 4480.480103049657
      },
      "realistic": {
        "adjusted_arithmetic_mean_rank": 0.05835629959829629,
        "adjusted_arithmetic_mean_rank_index": 0.9416599075369362,
        "adjusted_geometric_mean_rank_index": 0.9964575640020789,
        "adjusted_hits_at_k": 0.19150193384787997,
        "adjusted_inverse_harmonic_mean_rank": 0.10800709919096166,
        "arithmetic_mean_rank": 3390.59228515625,
        "count": 24346.0,
        "geometric_mean_rank": 152.44174194335938,
        "harmonic_mean_rank": 9.250603225296844,
        "hits_at_1": 0.06198143432185985,
        "hits_at_10": 0.1915715107204469,
        "hits_at_3": 0.11841780990717161,
        "hits_at_5": 0.14651277417234865,
        "inverse_arithmetic_mean_rank": 0.00029493370675481856,
        "inverse_geometric_mean_rank": 0.006559883244335651,
        "inverse_harmonic_mean_rank": 0.10810105845480264,
        "inverse_median_rank": 0.005494505632668734,
        "median_absolute_deviation": 265.38579711250276,