{
  "losses": [
    0.8808452913360875,
    0.14311872910336568,
    0.04452660011349658,
    0.023731531944678794,
    0.014561018550773026,
    0.011297246110976794,
    0.008925670957297014,
    0.0073601609206964645,
    0.0063309705846800205,
    0.005176466231550478,
    0.00479340650721333,
    0.004577577571835541,
    0.004161522039971393,
    0.003580288560449207,
    0.0032801290657065376,
    0.0028616050009019765,
    0.002708712900895852,
    0.0026654362533504367,
    0.002348227582267461,
    0.0023718877738554693,
    0.0019280783165871662,
    0.0021832328858511145,
    0.0019087615465958334,
    0.0017176447413553577
  ],
  "metrics": {
    "both": {
      "optimistic": {
        "adjusted_arithmetic_mean_rank": 0.04673631484100965,
        "adjusted_arithmetic_mean_rank_index": 0.9532800922827421,
        "adjusted_geometric_mean_rank_index": 0.9997183344350442,
        "adjusted_hits_at_k": 0.6796939502837935,
        "adjusted_inverse_harmonic_mean_rank": 0.2579036533803033,
        "arithmetic_mean_rank": 2715.45453051836,
        "count": 48692.0,
        "geometric_mean_rank": 13.041293117933943,
        "harmonic_mean_rank": 3.876242086277052,
        "hits_at_1": 0.0,
        "hits_at_10": 0.6797215148278978,
        "hits_at_3": 0.4637312084120595,
        "hits_at_5": 0.5802801281524685,
        "inverse_arithmetic_mean_rank": 0.00036826247273199873,
        "inverse_geometric_mean_rank": 0.07667951260330419,
        "inverse_harmonic_mean_rank": 0.2579818230497706,
        "inverse_median_rank": 0.25,
        "median_absolute_deviation": 2.965204437011204,
        "median_rank": 4.0,
        "standard_deviation": 12789.602495692738,
        "variance": 163573931.99782988,
        "z_arithmetic_mean_rank": 364.3394680310464,
        "z_geometric_mean_rank": 220.67207894167163,
        "z_hits_at_k": 16167.04648312117,
        "z_inverse_harmonic_mean_rank": 15130.207284206768
      },
      "pessimistic": {
        "adjusted_arithmetic_mean_rank": 0.046736399320681424,
        "adjusted_arithmetic_mean_rank_index": 0.9532800078016164,
        "adjusted_geometric_mean_rank_index": 0.9997183340241576,
        "adjusted_hits_at_k": 0.6796939502837935,
        "adjusted_inverse_harmonic_mean_rank": 0.257903634976248,
        "arithmetic_mean_rank": 2715.4594389222048,
        "count": 48692.0,
        "geometric_mean_rank": 13.04131068346987,
        "harmonic_mean_rank": 3.8762423627735254,
        "hits_at_1": 0.0,
        "hits_at_10": 0.6797215148278978,
        "hits_at_3": 0.4637312084120595,
        "hits_at_5": 0.5802801281524685,
        "inverse_arithmetic_mean_rank": 0.00036826180706897647,
        "inverse_geometric_mean_rank": 0.07667940932252466,
        "inverse_harmonic_mean_rank": 0.2579818046476539,
        "inverse_median_rank": 0.25,
        "median_absolute_deviation": 2.965204437011204,
        "median_rank": 4.0,
        "standard_deviation": 12789.619887628307,
        "variance": 163574376.8700175,
        "z_arithmetic_mean_rank": 364.3394357427308,
        "z_geometric_mean_rank": 220.67207885097486,
        "z_hits_at_k": 16167.04648312117,
        "z_inverse_harmonic_mean_rank": 15130.20620451221
      },
      "realistic": {
        "adjusted_arithmetic_mean_rank": 0.04673635367971859,
        "adjusted_arithmetic_mean_rank_index": 0.9532800534433647,
        "adjusted_geometric_mean_rank_index": 0.9997183342336572,
        "adjusted_hits_at_k": 0.6796939502837935,
        "adjusted_inverse_harmonic_mean_rank": 0.25790364234417756,
        "arithmetic_mean_rank": 2715.456787109375,
        "count": 48692.0,
        "geometric_mean_rank": 13.041301727294922,
        "harmonic_mean_rank": 3.87624225208017,
        "hits_at_1": 0.0,
        "hits_at_10": 0.6797215148278978,
        "hits_at_3": 0.4637312084120595,
        "hits_at_5": 0.5802801281524685,
        "inverse_arithmetic_mean_rank": 0.0003682621754705906,
        "inverse_geometric_mean_rank": 0.07667946070432663,
        "inverse_harmonic_mean_rank": 0.25798181201480735,
        "inverse_median_rank": 0.25,
        "median_absolute_deviation": 2.965204437011204,
        "median_rank": 4.0,
        "standard_deviation": 12789.611328125,
        "variance": 163574160.0,
        "z_arithmetic_mean_rank": 364.3394531868068,
        "z_geometric_mean_rank": 220.6720788972186,
        "z_hits_at_k": 16167.04648312117,
        "z_inverse_harmonic_mean_rank": 15130.206636760066
      }
    },
    "head": {
      "optimistic": {
        "adjusted_arithmetic_mean_rank": 0.04677278843138482,
        "adjusted_arithmetic_mean_rank_index": 0.9532436180738768,
        "adjusted_geometric_mean_rank_index": 0.9997189116573816,
        "adjusted_hits_at_k": 0.6794680210250487,
        "adjusted_inverse_harmonic_mean_rank": 0.2588728080877554,
        "arithmetic_mean_rank": 2717.5721679125936,
        "count": 24346.0,
        "geometric_mean_rank": 13.01673319463649,
        "harmonic_mean_rank": 3.8617363129428774,
        "hits_at_1": 0.0,
        "hits_at_10": 0.6794956050275199,
        "hits_at_3": 0.4664421260165941,
        "hits_at_5": 0.5818204222459542,
        "inverse_arithmetic_mean_rank": 0.0003679755083627142,
        "inverse_geometric_mean_rank": 0.0768241912196562,
        "inverse_harmonic_mean_rank": 0.2589508757106047,
        "inverse_median_rank": 0.25,
        "median_absolute_deviation": 2.965204437011204,
        "median_rank": 4.0,
        "standard_deviation": 12822.749366760283,
        "variance": 164422901.32275122,
        "z_arithmetic_mean_rank": 257.6170512238821,
        "z_geometric_mean_rank": 156.04223657317627,
        "z_hits_at_k": 11428.025046160745,
        "z_inverse_harmonic_mean_rank": 10738.872787941484
      },
      "pessimistic": {
        "adjusted_arithmetic_mean_rank": 0.0467728782131788,
        "adjusted_arithmetic_mean_rank_index": 0.9532435282905375,
        "adjusted_geometric_mean_rank_index": 0.9997189109845294,
        "adjusted_hits_at_k": 0.6794680210250487,
        "adjusted_inverse_harmonic_mean_rank": 0.2588727717530933,
        "arithmetic_mean_rank": 2717.5773843752568,
        "count": 24346.0,
        "geometric_mean_rank": 13.016761959563498,
        "harmonic_mean_rank": 3.8617368547449593,
        "hits_at_1": 0.0,
        "hits_at_10": 0.6794956050275199,
        "hits_at_3": 0.4664421260165941,
        "hits_at_5": 0.5818204222459542,
        "inverse_arithmetic_mean_rank": 0.0003679748020238584,
        "inverse_geometric_mean_rank": 0.07682402145068756,
        "inverse_harmonic_mean_rank": 0.25895083937977,
        "inverse_median_rank": 0.25,
        "median_absolute_deviation": 2.965204437011204,
        "median_rank": 4.0,
        "standard_deviation": 12822.768697135745,
        "variance": 164423397.06024432,
        "z_arithmetic_mean_rank": 257.6170269596555,
        "z_geometric_mean_rank": 156.0422364681534,
        "z_hits_at_k": 11428.025046160745,
        "z_inverse_harmonic_mean_rank": 10738.871280663385
      },
      "realistic": {
        "adjusted_arithmetic_mean_rank": 0.04677283213276692,
        "adjusted_arithmetic_mean_rank_index": 0.9532435743717425,
        "adjusted_geometric_mean_rank_index": 0.999718911367967,
        "adjusted_hits_at_k": 0.6794680210250487,
        "adjusted_inverse_harmonic_mean_rank": 0.25887278592236984,
        "arithmetic_mean_rank": 2717.57470703125,
        "count": 24346.0,
        "geometric_mean_rank": 13.016745567321777,
        "harmonic_mean_rank": 3.861736643460644,
        "hits_at_1": 0.0,
        "hits_at_10": 0.6794956050275199,
        "hits_at_3": 0.4664421260165941,
        "hits_at_5": 0.5818204222459542,
        "inverse_arithmetic_mean_rank": 0.0003679751534946263,
        "inverse_geometric_mean_rank": 0.0768241211771965,
        "inverse_harmonic_mean_rank": 0.258950853547554,
        "inverse_median_rank": 0.25,
        "median_absolute_deviation": 2.965204437011204,
        "median_rank": 4.0,