{
    "hits@25": {
        "local_kg_hit_rewriting": 0.68,
        "online_kg_hit_rewriting": 0.72,
        "local_kg_hit_original": 0.68,
        "online_kg_hit_original": 0.72
    },
    "mrr": {
        "local_kg_hit_rewriting": 0.029500597198643414,
        "online_kg_hit_rewriting": 0.030594240397549776,
        "local_kg_hit_original": 0.029500597198643414,
        "online_kg_hit_original": 0.030594240397549776
    }
}