{
    "hits@25": {
        "local_kg_hit_rewriting": 1.0,
        "online_kg_hit_rewriting": 1.0,
        "local_kg_hit_original": 1.0,
        "online_kg_hit_original": 1.0
    },
    "mrr": {
        "local_kg_hit_rewriting": 0.05329645955471262,
        "online_kg_hit_rewriting": 0.05347135035460341,
        "local_kg_hit_original": 0.05329645955471262,
        "online_kg_hit_original": 0.05347135035460341
    }
}