{
    "hits@25": {
        "local_kg_hit_rewriting": 1.0,
        "online_kg_hit_rewriting": 1.0,
        "local_kg_hit_original": 1.0,
        "online_kg_hit_original": 1.0
    },
    "mrr": {
        "local_kg_hit_rewriting": 0.05361211612036918,
        "online_kg_hit_rewriting": 0.05361211612036918,
        "local_kg_hit_original": 0.05361211612036918,
        "online_kg_hit_original": 0.05361211612036918
    }
}