{
    "hits@25": {
        "local_kg_hit_rewriting": 0.0,
        "online_kg_hit_rewriting": 0.04,
        "local_kg_hit_original": 0.0,
        "online_kg_hit_original": 0.04
    },
    "mrr": {
        "local_kg_hit_rewriting": 0.0008208255159474671,
        "online_kg_hit_rewriting": 0.0010444707289882262,
        "local_kg_hit_original": 0.0008208255159474671,
        "online_kg_hit_original": 0.0020879633969803483
    }
}