{
    "hits@25": {
        "local_kg_hit_rewriting": 1.0,
        "online_kg_hit_rewriting": 1.0,
        "local_kg_hit_original": 1.0,
        "online_kg_hit_original": 0.0
    },
    "mrr": {
        "local_kg_hit_rewriting": 0.043036405645850394,
        "online_kg_hit_rewriting": 0.04372223213638699,
        "local_kg_hit_original": 0.043036405645850394,
        "online_kg_hit_original": 0.0016754637002925237
    }
}