{
  "losses": [
    0.8075154986712012,
    0.6005269634841692,
    0.4847087022101525,
    0.3925783163250083,
    0.3296188285740295,
    0.2792839890954518,
    0.2445423161629403,
    0.22132092611034318,
    0.20273676493970474,
    0.18964408286432227,
    0.17960851776717912,
    0.17483791824024503,
    0.16840241665002142,
    0.1635481025175293,
    0.15889347220706468,
    0.15582241640232578,
    0.1556535432096755,
    0.1513792046816042,
    0.15010752124656546,
    0.15068166472829214
  ],
  "metrics": {
    "both": {
      "optimistic": {
        "adjusted_arithmetic_mean_rank": 0.15109541235377516,
        "adjusted_arithmetic_mean_rank_index": 0.8490525520470843,
        "adjusted_geometric_mean_rank_index": 0.98195163795446,
        "adjusted_hits_at_k": 0.31606938335731377,
        "adjusted_inverse_harmonic_mean_rank": 0.16596993508529082,
        "arithmetic_mean_rank": 867.0189904892148,
        "count": 32174.0,
        "geometric_mean_rank": 74.6476039750399,
        "harmonic_mean_rank": 5.997313513500571,
        "hits_at_1": 0.07316466712252129,
        "hits_at_10": 0.3167153602287561,
        "hits_at_3": 0.23497233791260025,
        "hits_at_5": 0.27770870889538135,
        "inverse_arithmetic_mean_rank": 0.0011533772742806367,
        "inverse_geometric_mean_rank": 0.013396277264764887,
        "inverse_harmonic_mean_rank": 0.16674132471962602,
        "inverse_median_rank": 0.007633587786259542,
        "median_absolute_deviation": 191.25568618722266,
        "median_rank": 131.0,
        "standard_deviation": 1917.7625317597187,
        "variance": 3677813.1282214466,
        "z_arithmetic_mean_rank": 257.4220994314135,
        "z_geometric_mean_rank": 176.51596542497504,
        "z_hits_at_k": 1843.9633414534744,
        "z_inverse_harmonic_mean_rank": 2393.478299754604
      },
      "pessimistic": {
        "adjusted_arithmetic_mean_rank": 0.15109558568132148,
        "adjusted_arithmetic_mean_rank_index": 0.8490523786893269,
        "adjusted_geometric_mean_rank_index": 0.9819514858994204,
        "adjusted_hits_at_k": 0.31606938335731377,
        "adjusted_inverse_harmonic_mean_rank": 0.16596837203663264,
        "arithmetic_mean_rank": 867.0199850811214,
        "count": 32174.0,
        "geometric_mean_rank": 74.64822444626678,
        "harmonic_mean_rank": 5.9973696814032955,
        "hits_at_1": 0.07316466712252129,
        "hits_at_10": 0.3167153602287561,
        "hits_at_3": 0.23497233791260025,
        "hits_at_5": 0.27770870889538135,
        "inverse_arithmetic_mean_rank": 0.0011533759511972916,
        "inverse_geometric_mean_rank": 0.013396165915772305,
        "inverse_harmonic_mean_rank": 0.1667397631166226,
        "inverse_median_rank": 0.007633587786259542,
        "median_absolute_deviation": 191.25568618722266,
        "median_rank": 131.0,
        "standard_deviation": 1917.7642340412278,
        "variance": 3677819.6573677375,
        "z_arithmetic_mean_rank": 257.4220468715128,
        "z_geometric_mean_rank": 176.51593809150862,
        "z_hits_at_k": 1843.9633414534744,
        "z_inverse_harmonic_mean_rank": 2393.4557587863087
      },
      "realistic": {
        "adjusted_arithmetic_mean_rank": 0.15109549595556762,
        "adjusted_arithmetic_mean_rank_index": 0.84905246843072,
        "adjusted_geometric_mean_rank_index": 0.9819515570870997,
        "adjusted_hits_at_k": 0.31606938335731377,
        "adjusted_inverse_harmonic_mean_rank": 0.16596906830493224,
        "arithmetic_mean_rank": 867.0194702148438,
        "count": 32174.0,
        "geometric_mean_rank": 74.64793395996094,
        "harmonic_mean_rank": 5.997344660983728,
        "hits_at_1": 0.07316466712252129,
        "hits_at_10": 0.3167153602287561,
        "hits_at_3": 0.23497233791260025,
        "hits_at_5": 0.27770870889538135,
        "inverse_arithmetic_mean_rank": 0.0011533766519278288,
        "inverse_geometric_mean_rank": 0.013396218419075012,
        "inverse_harmonic_mean_rank": 0.16674045874094764,
        "inverse_median_rank": 0.007633587811142206,
        "median_absolute_deviation": 191.25568618722266,
        "median_rank": 131.0,
        "standard_deviation": 1917.763427734375,
        "variance": 3677816.5,
        "z_arithmetic_mean_rank": 257.42207407997915,
        "z_geometric_mean_rank": 176.51595088823044,
        "z_hits_at_k": 1843.9633414534744,
        "z_inverse_harmonic_mean_rank": 2393.465799779968
      }
    },
    "head": {
      "optimistic": {
        "adjusted_arithmetic_mean_rank": 0.23896315100929963,
        "adjusted_arithmetic_mean_rank_index": 0.7611876679197688,
        "adjusted_geometric_mean_rank_index": 0.8987972204742061,
        "adjusted_hits_at_k": 0.03896434795614786,
        "adjusted_inverse_harmonic_mean_rank": 0.021301353996003292,
        "arithmetic_mean_rank": 1206.0542052589046,
        "count": 16087.0,
        "geometric_mean_rank": 357.17187293872496,
        "harmonic_mean_rank": 44.74752590390565,
        "hits_at_1": 0.007832411263753341,
        "hits_at_10": 0.04003232423696152,
        "hits_at_3": 0.01877292223534531,
        "hits_at_5": 0.02610803754584447,
        "inverse_arithmetic_mean_rank": 0.0008291501291066177,
        "inverse_geometric_mean_rank": 0.002799772534640644,
        "inverse_harmonic_mean_rank": 0.02234760424850032,
        "inverse_median_rank": 0.002583979328165375,
        "median_absolute_deviation": 446.2632677701862,
        "median_rank": 387.0,
        "standard_deviation": 2128.988900474488,
        "variance": 4532593.73834357,
        "z_arithmetic_mean_rank": 160.05206212869834,
        "z_geometric_mean_rank": 114.28096079673944,
        "z_hits_at_k": 148.17810414385212,
        "z_inverse_harmonic_mean_rank": 200.31627752205938
      },
      "pessimistic": {
        "adjusted_arithmetic_mean_rank": 0.23896342197338277,
        "adjusted_arithmetic_mean_rank_index": 0.7611873969019871,
        "adjusted_geometric_mean_rank_index": 0.8987970891754705,
        "adjusted_hits_at_k": 0.03896434795614786,
        "adjusted_inverse_harmonic_mean_rank": 0.021301347694897527,
        "arithmetic_mean_rank": 1206.0555728227762,
        "count": 16087.0,
        "geometric_mean_rank": 357.1723350299519,
        "harmonic_mean_rank": 44.74753850738427,
        "hits_at_1": 0.007832411263753341,
        "hits_at_10": 0.04003232423696152,
        "hits_at_3": 0.01877292223534531,
        "hits_at_5": 0.02610803754584447,
        "inverse_arithmetic_mean_rank": 0.0008291491889212845,
        "inverse_geometric_mean_rank": 0.0027997689124387016,
        "inverse_harmonic_mean_rank": 0.022347597954130577,
        "inverse_median_rank": 0.002583979328165375,
        "median_absolute_deviation": 446.2632677701862,
        "median_rank": 387.0,
        "standard_deviation": 2128.9911158867485,
        "variance": 4532603.1715247035,
        "z_arithmetic_mean_rank": 160.05200514281083,
        "z_geometric_mean_rank": 114.28094410226674,
        "z_hits_at_k": 148.17810414385212,
        "z_inverse_harmonic_mean_rank": 200.31621826695047
      },
      "realistic": {
        "adjusted_arithmetic_mean_rank": 0.23896327074534265,
        "adjusted_arithmetic_mean_rank_index": 0.761187548159997,
        "adjusted_geometric_mean_rank_index": 0.8987971591896002,
        "adjusted_hits_at_k": 0.03896434795614786,
        "adjusted_inverse_harmonic_mean_rank": 0.02130135087395968,
        "arithmetic_mean_rank": 1206.0548095703125,
        "count": 16087.0,
        "geometric_mean_rank": 357.1720886230469,
        "harmonic_mean_rank": 44.7475321486198,
        "hits_at_1": 0.007832411263753341,
        "hits_at_10": 0.04003232423696152,
        "hits_at_3": 0.01877292223534531,
        "hits_at_5": 0.02610803754584447,
        "inverse_arithmetic_mean_rank": 0.0008291497360914946,
        "inverse_geometric_mean_rank": 0.0027997707948088646,
        "inverse_harmonic_mean_rank": 0.022347601129794243,