{
  "losses": [
    0.9345267452027676,
    0.5621844933995945,
    0.2595725873634763,
    0.12379607146746341,
    0.06975892285868489,
    0.044647467408755255,
    0.029988594793934384,
    0.020607481179804227,
    0.014775716898500593,
    0.010889155925886022,
    0.008258200999193003,
    0.006451421118185033,
    0.005033996265773591,
    0.004052224756250217,
    0.003238456008203527,
    0.002690184787493607,
    0.0022220637600012397,
    0.001958074459155745,
    0.0016402222443861465,
    0.001498123138842463,
    0.0012383379703959781,
    0.0011096906858448783,
    0.0010406340839136778,
    0.000846582002044993
  ],
  "metrics": {
    "both": {
      "optimistic": {
        "adjusted_arithmetic_mean_rank": 0.05564780713130035,
        "adjusted_arithmetic_mean_rank_index": 0.9443684466120604,
        "adjusted_geometric_mean_rank_index": 0.9999621441875564,
        "adjusted_hits_at_k": 0.9119492122389626,
        "adjusted_inverse_harmonic_mean_rank": 0.8024707615641773,
        "arithmetic_mean_rank": 3233.2264643062517,
        "count": 48692.0,
        "geometric_mean_rank": 2.6183481069985337,
        "harmonic_mean_rank": 1.2461190113123861,
        "hits_at_1": 0.7181261808921383,
        "hits_at_10": 0.9119567896163641,
        "hits_at_3": 0.8877639037213505,
        "hits_at_5": 0.9038856485664997,
        "inverse_arithmetic_mean_rank": 0.0003092885732068782,
        "inverse_geometric_mean_rank": 0.3819201875133099,
        "inverse_harmonic_mean_rank": 0.8024915685595883,
        "inverse_median_rank": 1.0,
        "median_absolute_deviation": 0.0,
        "median_rank": 1.0,
        "standard_deviation": 15039.712019776189,
        "variance": 226192937.63780037,
        "z_arithmetic_mean_rank": 360.9334761623162,
        "z_geometric_mean_rank": 220.72589610506645,
        "z_hits_at_k": 21691.417583394938,
        "z_inverse_harmonic_mean_rank": 47077.847881733585
      },
      "pessimistic": {
        "adjusted_arithmetic_mean_rank": 0.05564785626382912,
        "adjusted_arithmetic_mean_rank_index": 0.944368397478686,
        "adjusted_geometric_mean_rank_index": 0.9999621441803045,
        "adjusted_hits_at_k": 0.9119492122389626,
        "adjusted_inverse_harmonic_mean_rank": 0.8024707615465293,
        "arithmetic_mean_rank": 3233.229318984638,
        "count": 48692.0,
        "geometric_mean_rank": 2.6183484170172453,
        "harmonic_mean_rank": 1.246119011339787,
        "hits_at_1": 0.7181261808921383,
        "hits_at_10": 0.9119567896163641,
        "hits_at_3": 0.8877639037213505,
        "hits_at_5": 0.9038856485664997,
        "inverse_arithmetic_mean_rank": 0.0003092883001302362,
        "inverse_geometric_mean_rank": 0.3819201422930467,
        "inverse_harmonic_mean_rank": 0.8024915685419421,
        "inverse_median_rank": 1.0,
        "median_absolute_deviation": 0.0,
        "median_rank": 1.0,
        "standard_deviation": 15039.7207820516,
        "variance": 226193201.20207477,
        "z_arithmetic_mean_rank": 360.9334573837561,
        "z_geometric_mean_rank": 220.72589610346571,
        "z_hits_at_k": 21691.417583394938,
        "z_inverse_harmonic_mean_rank": 47077.84788069825
      },
      "realistic": {
        "adjusted_arithmetic_mean_rank": 0.05564782562917827,
        "adjusted_arithmetic_mean_rank_index": 0.9443684281138641,
        "adjusted_geometric_mean_rank_index": 0.9999621441816368,
        "adjusted_hits_at_k": 0.9119492122389626,
        "adjusted_inverse_harmonic_mean_rank": 0.8024707310106945,
        "arithmetic_mean_rank": 3233.2275390625,
        "count": 48692.0,
        "geometric_mean_rank": 2.6183483600616455,
        "harmonic_mean_rank": 1.246119058751223,
        "hits_at_1": 0.7181261808921383,
        "hits_at_10": 0.9119567896163641,
        "hits_at_3": 0.8877639037213505,
        "hits_at_5": 0.9038856485664997,
        "inverse_arithmetic_mean_rank": 0.0003092884726356715,
        "inverse_geometric_mean_rank": 0.3819201588630676,
        "inverse_harmonic_mean_rank": 0.8024915380093239,
        "inverse_median_rank": 1.0,
        "median_absolute_deviation": 0.0,
        "median_rank": 1.0,
        "standard_deviation": 15039.7158203125,
        "variance": 226193056.0,
        "z_arithmetic_mean_rank": 360.93346909238676,
        "z_geometric_mean_rank": 220.7258961037598,
        "z_hits_at_k": 21691.417583394938,
        "z_inverse_harmonic_mean_rank": 47077.846089279235
      }
    },
    "head": {
      "optimistic": {
        "adjusted_arithmetic_mean_rank": 0.054604179319463486,
        "adjusted_arithmetic_mean_rank_index": 0.9454120923955254,
        "adjusted_geometric_mean_rank_index": 0.9999626891354012,
        "adjusted_hits_at_k": 0.9123394536546782,
        "adjusted_inverse_harmonic_mean_rank": 0.8079736002869085,
        "arithmetic_mean_rank": 3172.588228045675,
        "count": 24346.0,
        "geometric_mean_rank": 2.595066878149104,
        "harmonic_mean_rank": 1.2376332167233857,
        "hits_at_1": 0.7286207179824201,
        "hits_at_10": 0.9123469974533804,
        "hits_at_3": 0.888564856649963,
        "hits_at_5": 0.9044196171855746,
        "inverse_arithmetic_mean_rank": 0.0003152000600519165,
        "inverse_geometric_mean_rank": 0.38534652359835764,
        "inverse_harmonic_mean_rank": 0.8079938276442549,
        "inverse_median_rank": 1.0,
        "median_absolute_deviation": 0.0,
        "median_rank": 1.0,
        "standard_deviation": 14844.375664936062,
        "variance": 220355488.88174593,
        "z_arithmetic_mean_rank": 255.50055706269626,
        "z_geometric_mean_rank": 156.0802868515623,
        "z_hits_at_k": 15344.707630591945,
        "z_inverse_harmonic_mean_rank": 33517.33144005941
      },
      "pessimistic": {
        "adjusted_arithmetic_mean_rank": 0.05460422880549167,
        "adjusted_arithmetic_mean_rank_index": 0.9454120429086454,
        "adjusted_geometric_mean_rank_index": 0.9999626891288905,
        "adjusted_hits_at_k": 0.9123394536546782,
        "adjusted_inverse_harmonic_mean_rank": 0.8079736002773148,
        "arithmetic_mean_rank": 3172.591103261316,
        "count": 24346.0,
        "geometric_mean_rank": 2.595067156487026,
        "harmonic_mean_rank": 1.237633216738079,
        "hits_at_1": 0.7286207179824201,
        "hits_at_10": 0.9123469974533804,
        "hits_at_3": 0.888564856649963,
        "hits_at_5": 0.9044196171855746,
        "inverse_arithmetic_mean_rank": 0.0003151997743964023,
        "inverse_geometric_mean_rank": 0.3853464822674232,
        "inverse_harmonic_mean_rank": 0.8079938276346622,
        "inverse_median_rank": 1.0,
        "median_absolute_deviation": 0.0,
        "median_rank": 1.0,
        "standard_deviation": 14844.383711760966,
        "variance": 220355727.78199428,
        "z_arithmetic_mean_rank": 255.50054368871312,
        "z_geometric_mean_rank": 156.08028685054606,
        "z_hits_at_k": 15344.707630591945,
        "z_inverse_harmonic_mean_rank": 33517.33143966144
      },
      "realistic": {
        "adjusted_arithmetic_mean_rank": 0.05460420292577633,
        "adjusted_arithmetic_mean_rank_index": 0.9454120687888062,
        "adjusted_geometric_mean_rank_index": 0.9999626891264072,
        "adjusted_hits_at_k": 0.9123394536546782,
        "adjusted_inverse_harmonic_mean_rank": 0.8079736101837438,
        "arithmetic_mean_rank": 3172.589599609375,
        "count": 24346.0,
        "geometric_mean_rank": 2.595067262649536,
        "harmonic_mean_rank": 1.237633201565644,
        "hits_at_1": 0.7286207179824201,
        "hits_at_10": 0.9123469974533804,
        "hits_at_3": 0.888564856649963,
        "hits_at_5": 0.9044196171855746,
        "inverse_arithmetic_mean_rank": 0.0003151999262627214,
        "inverse_geometric_mean_rank": 0.3853464722633362,
        "inverse_harmonic_mean_rank": 0.8079938375400477,
        "inverse_median_rank": 1.0,
        "median_absolute_deviation": 0.0,
        "median_rank": 1.0,