{
  "losses": [
    1.0014182294372225,
    1.0000779084915663,
    1.0000656639427454,
    0.9962719921067973,
    0.9156428242686891,
    0.8573475179155957,
    0.8525224368647647,
    0.8065360997715135,
    0.5142911481523745,
    0.32812461837074763,
    0.30276201407984804,
    0.2943328533076892,
    0.2894844180040986,
    0.2863688835842476,
    0.2838869774283574,
    0.28175262718885197
  ],
  "metrics": {
    "both": {
      "optimistic": {
        "adjusted_arithmetic_mean_rank": 0.02336556435409432,
        "adjusted_arithmetic_mean_rank_index": 0.9766512450159629,
        "adjusted_geometric_mean_rank_index": 0.9999715275210319,
        "adjusted_hits_at_k": 0.9534791149338115,
        "adjusted_inverse_harmonic_mean_rank": 0.677306567093648,
        "arithmetic_mean_rank": 1357.5766039595826,
        "count": 48692.0,
        "geometric_mean_rank": 2.2172075954819457,
        "harmonic_mean_rank": 1.4763622044616334,
        "hits_at_1": 0.46208822804567484,
        "hits_at_10": 0.9534831183767354,
        "hits_at_3": 0.8948492565513843,
        "hits_at_5": 0.9347736794545305,
        "inverse_arithmetic_mean_rank": 0.0007366066836179593,
        "inverse_geometric_mean_rank": 0.4510177585706105,
        "inverse_harmonic_mean_rank": 0.6773405584198476,
        "inverse_median_rank": 0.5,
        "median_absolute_deviation": 1.482602218505602,
        "median_rank": 2.0,
        "standard_deviation": 9869.179885566948,
        "variance": 97400711.61367922,
        "z_arithmetic_mean_rank": 373.27182004702496,
        "z_geometric_mean_rank": 220.72796732816414,
        "z_hits_at_k": 22679.238450458393,
        "z_inverse_harmonic_mean_rank": 39734.949934850505
      },
      "pessimistic": {
        "adjusted_arithmetic_mean_rank": 0.023365566121451475,
        "adjusted_arithmetic_mean_rank_index": 0.9766512432485753,
        "adjusted_geometric_mean_rank_index": 0.9999715275206975,
        "adjusted_hits_at_k": 0.9534791149338115,
        "adjusted_inverse_harmonic_mean_rank": 0.67730656709307,
        "arithmetic_mean_rank": 1357.5767066458557,
        "count": 48692.0,
        "geometric_mean_rank": 2.217207609777283,
        "harmonic_mean_rank": 1.476362204462893,
        "hits_at_1": 0.46208822804567484,
        "hits_at_10": 0.9534831183767354,
        "hits_at_3": 0.8948492565513843,
        "hits_at_5": 0.9347736794545305,
        "inverse_arithmetic_mean_rank": 0.0007366066279014796,
        "inverse_geometric_mean_rank": 0.4510177556626956,
        "inverse_harmonic_mean_rank": 0.6773405584192698,
        "inverse_median_rank": 0.5,
        "median_absolute_deviation": 1.482602218505602,
        "median_rank": 2.0,
        "standard_deviation": 9869.180237489902,
        "variance": 97400718.56006122,
        "z_arithmetic_mean_rank": 373.27181937153716,
        "z_geometric_mean_rank": 220.72796732809033,
        "z_hits_at_k": 22679.238450458393,
        "z_inverse_harmonic_mean_rank": 39734.94993481661
      },
      "realistic": {
        "adjusted_arithmetic_mean_rank": 0.023365565321308138,
        "adjusted_arithmetic_mean_rank_index": 0.9766512440487324,
        "adjusted_geometric_mean_rank_index": 0.9999715275192839,
        "adjusted_hits_at_k": 0.9534791149338115,
        "adjusted_inverse_harmonic_mean_rank": 0.6773064855402612,
        "arithmetic_mean_rank": 1357.57666015625,
        "count": 48692.0,
        "geometric_mean_rank": 2.217207670211792,
        "harmonic_mean_rank": 1.4763623822003915,
        "hits_at_1": 0.46208822804567484,
        "hits_at_10": 0.9534831183767354,
        "hits_at_3": 0.8948492565513843,
        "hits_at_5": 0.9347736794545305,
        "inverse_arithmetic_mean_rank": 0.0007366066565737128,
        "inverse_geometric_mean_rank": 0.45101773738861084,
        "inverse_harmonic_mean_rank": 0.6773404768750514,
        "inverse_median_rank": 0.5,
        "median_absolute_deviation": 1.482602218505602,
        "median_rank": 2.0,
        "standard_deviation": 9869.1806640625,
        "variance": 97400720.0,
        "z_arithmetic_mean_rank": 373.2718196773537,
        "z_geometric_mean_rank": 220.7279673277783,
        "z_hits_at_k": 22679.238450458393,
        "z_inverse_harmonic_mean_rank": 39734.94515042954
      }
    },
    "head": {
      "optimistic": {
        "adjusted_arithmetic_mean_rank": 0.023361242588398914,
        "adjusted_arithmetic_mean_rank_index": 0.9766555668655462,
        "adjusted_geometric_mean_rank_index": 0.9999721243126695,
        "adjusted_hits_at_k": 0.9542801367936535,
        "adjusted_inverse_harmonic_mean_rank": 0.6844508012305436,
        "arithmetic_mean_rank": 1357.324735069416,
        "count": 24346.0,
        "geometric_mean_rank": 2.1917061168277723,
        "harmonic_mean_rank": 1.460954443818199,
        "hits_at_1": 0.47502669843095374,
        "hits_at_10": 0.9542840713053479,
        "hits_at_3": 0.8965743859360881,
        "hits_at_5": 0.9355951696377228,
        "inverse_arithmetic_mean_rank": 0.0007367433703688147,
        "inverse_geometric_mean_rank": 0.45626555144508985,
        "inverse_harmonic_mean_rank": 0.6844840400269455,
        "inverse_median_rank": 0.5,
        "median_absolute_deviation": 1.482602218505602,
        "median_rank": 2.0,
        "standard_deviation": 9869.204727798406,
        "variance": 97401201.95919842,
        "z_arithmetic_mean_rank": 263.9442031677905,
        "z_geometric_mean_rank": 156.08175955168454,
        "z_hits_at_k": 16050.111214769799,
        "z_inverse_harmonic_mean_rank": 28393.210311713276
      },
      "pessimistic": {
        "adjusted_arithmetic_mean_rank": 0.02336124470922869,
        "adjusted_arithmetic_mean_rank_index": 0.97665556474468,
        "adjusted_geometric_mean_rank_index": 0.9999721243123509,
        "adjusted_hits_at_k": 0.9542801367936535,
        "adjusted_inverse_harmonic_mean_rank": 0.6844508012300548,
        "arithmetic_mean_rank": 1357.3248582929434,
        "count": 24346.0,
        "geometric_mean_rank": 2.191706130446944,
        "harmonic_mean_rank": 1.460954443819242,
        "hits_at_1": 0.47502669843095374,
        "hits_at_10": 0.9542840713053479,
        "hits_at_3": 0.8965743859360881,
        "hits_at_5": 0.9355951696377228,
        "inverse_arithmetic_mean_rank": 0.0007367433034842245,
        "inverse_geometric_mean_rank": 0.4562655486098745,
        "inverse_harmonic_mean_rank": 0.6844840400264568,
        "inverse_median_rank": 0.5,
        "median_absolute_deviation": 1.482602218505602,
        "median_rank": 2.0,
        "standard_deviation": 9869.20531031901,
        "variance": 97401213.45722896,
        "z_arithmetic_mean_rank": 263.9442025946198,
        "z_geometric_mean_rank": 156.08175955163483,
        "z_hits_at_k": 16050.111214769799,
        "z_inverse_harmonic_mean_rank": 28393.210311693
      },
      "realistic": {
        "adjusted_arithmetic_mean_rank": 0.023361242105827292,
        "adjusted_arithmetic_mean_rank_index": 0.9766555673481262,
        "adjusted_geometric_mean_rank_index": 0.9999721243167553,
        "adjusted_hits_at_k": 0.9542801367936535,
        "adjusted_inverse_harmonic_mean_rank": 0.6844507530503671,
        "arithmetic_mean_rank": 1357.32470703125,
        "count": 24346.0,
        "geometric_mean_rank": 2.1917059421539307,
        "harmonic_mean_rank": 1.4609545466425589,
        "hits_at_1": 0.47502669843095374,
        "hits_at_10": 0.9542840713053479,
        "hits_at_3": 0.8965743859360881,
        "hits_at_5": 0.9355951696377228,
        "inverse_arithmetic_mean_rank": 0.0007367433863691986,
        "inverse_geometric_mean_rank": 0.4562655985355377,
        "inverse_harmonic_mean_rank": 0.6844839918518442,
        "inverse_median_rank": 0.5,
        "median_absolute_deviation": 1.482602218505602,
        "median_rank": 2.0,
        "standard_deviation": 9869.205078125,
        "variance": 97401216.0,
        "z_arithmetic_mean_rank": 263.94420329820923,