{
  "losses": [
    1.0020801990571684,
    1.0000782604635197,
    1.000078157061788,
    0.9999086655984539,
    0.9905315936336843,
    0.8993155735832641,
    0.857785163424601,
    0.8109770697833848,
    0.5154184546421334,
    0.3433209283871082,
    0.31421411392752563,
    0.30415840454200177,
    0.2978043126943918,
    0.2929210477936877,
    0.2893687086021233,
    0.28627040326015213,
    0.2836349266071389,
    0.28120704593449614,
    0.27935271498060577,
    0.2777455375142341,
    0.27642824111048614,
    0.27496931837858074,
    0.2740223363875763,
    0.27293724731662267
  ],
  "metrics": {
    "both": {
      "optimistic": {
        "adjusted_arithmetic_mean_rank": 0.025040244476407875,
        "adjusted_arithmetic_mean_rank_index": 0.974976536069847,
        "adjusted_geometric_mean_rank_index": 0.9999712122958777,
        "adjusted_hits_at_k": 0.9496999348666245,
        "adjusted_inverse_harmonic_mean_rank": 0.6884300565516176,
        "arithmetic_mean_rank": 1454.8781935430873,
        "count": 48692.0,
        "geometric_mean_rank": 2.2306835717902636,
        "harmonic_mean_rank": 1.4525111441911736,
        "hits_at_1": 0.49005996878337305,
        "hits_at_10": 0.9497042635340508,
        "hits_at_3": 0.8886880801774418,
        "hits_at_5": 0.9289616364084449,
        "inverse_arithmetic_mean_rank": 0.0006873427648019691,
        "inverse_geometric_mean_rank": 0.4482930760087309,
        "inverse_harmonic_mean_rank": 0.6884628761708035,
        "inverse_median_rank": 0.5,
        "median_absolute_deviation": 1.482602218505602,
        "median_rank": 2.0,
        "standard_deviation": 10229.122281251664,
        "variance": 104634942.64479926,
        "z_arithmetic_mean_rank": 372.63175363687515,
        "z_geometric_mean_rank": 220.72789774717546,
        "z_hits_at_k": 22589.347728628683,
        "z_inverse_harmonic_mean_rank": 40387.52192837165
      },
      "pessimistic": {
        "adjusted_arithmetic_mean_rank": 0.02504024589029359,
        "adjusted_arithmetic_mean_rank_index": 0.9749765346559369,
        "adjusted_geometric_mean_rank_index": 0.999971212295739,
        "adjusted_hits_at_k": 0.9496999348666245,
        "adjusted_inverse_harmonic_mean_rank": 0.688430056551451,
        "arithmetic_mean_rank": 1454.8782756921055,
        "count": 48692.0,
        "geometric_mean_rank": 2.2306835777176675,
        "harmonic_mean_rank": 1.452511144191525,
        "hits_at_1": 0.49005996878337305,
        "hits_at_10": 0.9497042635340508,
        "hits_at_3": 0.8886880801774418,
        "hits_at_5": 0.9289616364084449,
        "inverse_arithmetic_mean_rank": 0.0006873427259914829,
        "inverse_geometric_mean_rank": 0.44829307481752023,
        "inverse_harmonic_mean_rank": 0.6884628761706368,
        "inverse_median_rank": 0.5,
        "median_absolute_deviation": 1.482602218505602,
        "median_rank": 2.0,
        "standard_deviation": 10229.122718675468,
        "variance": 104634951.59372258,
        "z_arithmetic_mean_rank": 372.63175309648494,
        "z_geometric_mean_rank": 220.72789774714485,
        "z_hits_at_k": 22589.347728628683,
        "z_inverse_harmonic_mean_rank": 40387.52192836187
      },
      "realistic": {
        "adjusted_arithmetic_mean_rank": 0.025040246238069438,
        "adjusted_arithmetic_mean_rank_index": 0.9749765343081551,
        "adjusted_geometric_mean_rank_index": 0.9999712123016102,
        "adjusted_hits_at_k": 0.9496999348666245,
        "adjusted_inverse_harmonic_mean_rank": 0.6884300246331818,
        "arithmetic_mean_rank": 1454.8782958984375,
        "count": 48692.0,
        "geometric_mean_rank": 2.2306833267211914,
        "harmonic_mean_rank": 1.4525112115252359,
        "hits_at_1": 0.49005996878337305,
        "hits_at_10": 0.9497042635340508,
        "hits_at_3": 0.8886880801774418,
        "hits_at_5": 0.9289616364084449,
        "inverse_arithmetic_mean_rank": 0.0006873427191749215,
        "inverse_geometric_mean_rank": 0.44829311966896057,
        "inverse_harmonic_mean_rank": 0.6884628442557299,
        "inverse_median_rank": 0.5,
        "median_absolute_deviation": 1.482602218505602,
        "median_rank": 2.0,
        "standard_deviation": 10229.123046875,
        "variance": 104634952.0,
        "z_arithmetic_mean_rank": 372.6317529635642,
        "z_geometric_mean_rank": 220.72789774844082,
        "z_hits_at_k": 22589.347728628683,
        "z_inverse_harmonic_mean_rank": 40387.52005584079
      }
    },
    "head": {
      "optimistic": {
        "adjusted_arithmetic_mean_rank": 0.025036558139115123,
        "adjusted_arithmetic_mean_rank_index": 0.9749802224800748,
        "adjusted_geometric_mean_rank_index": 0.9999719826250464,
        "adjusted_hits_at_k": 0.9505831128147039,
        "adjusted_inverse_harmonic_mean_rank": 0.6973151447826949,
        "arithmetic_mean_rank": 1454.6631890248912,
        "count": 24346.0,
        "geometric_mean_rank": 2.1977633668274024,
        "harmonic_mean_rank": 1.4340062538967717,
        "hits_at_1": 0.5057504312823462,
        "hits_at_10": 0.9505873654809825,
        "hits_at_3": 0.8913989977819765,
        "hits_at_5": 0.9305019305019305,
        "inverse_arithmetic_mean_rank": 0.0006874443565663699,
        "inverse_geometric_mean_rank": 0.45500803912459303,
        "inverse_harmonic_mean_rank": 0.6973470284962829,
        "inverse_median_rank": 1.0,
        "median_absolute_deviation": 0.0,
        "median_rank": 1.0,
        "standard_deviation": 10224.196824313296,
        "variance": 104534200.70229809,
        "z_arithmetic_mean_rank": 263.4914361393138,
        "z_geometric_mean_rank": 156.08173743621455,
        "z_hits_at_k": 15987.930683353536,
        "z_inverse_harmonic_mean_rank": 28926.86446383302
      },
      "pessimistic": {
        "adjusted_arithmetic_mean_rank": 0.025036558846058383,
        "adjusted_arithmetic_mean_rank_index": 0.9749802217731193,
        "adjusted_geometric_mean_rank_index": 0.9999719826250183,
        "adjusted_hits_at_k": 0.9505831128147039,
        "adjusted_inverse_harmonic_mean_rank": 0.6973151447826874,
        "arithmetic_mean_rank": 1454.6632300994004,
        "count": 24346.0,
        "geometric_mean_rank": 2.1977633680297557,
        "harmonic_mean_rank": 1.434006253896787,
        "hits_at_1": 0.5057504312823462,
        "hits_at_10": 0.9505873654809825,
        "hits_at_3": 0.8913989977819765,
        "hits_at_5": 0.9305019305019305,
        "inverse_arithmetic_mean_rank": 0.0006874443371553894,
        "inverse_geometric_mean_rank": 0.45500803887566704,
        "inverse_harmonic_mean_rank": 0.6973470284962755,
        "inverse_median_rank": 1.0,
        "median_absolute_deviation": 0.0,
        "median_rank": 1.0,
        "standard_deviation": 10224.197120092424,
        "variance": 104534206.75050619,
        "z_arithmetic_mean_rank": 263.49143594825694,
        "z_geometric_mean_rank": 156.08173743621015,
        "z_hits_at_k": 15987.930683353536,
        "z_inverse_harmonic_mean_rank": 28926.86446383271
      },
      "realistic": {
        "adjusted_arithmetic_mean_rank": 0.025036556364853232,
        "adjusted_arithmetic_mean_rank_index": 0.9749802242543671,
        "adjusted_geometric_mean_rank_index": 0.9999719826232648,
        "adjusted_hits_at_k": 0.9505831128147039,
        "adjusted_inverse_harmonic_mean_rank": 0.6973150880622493,
        "arithmetic_mean_rank": 1454.6630859375,
        "count": 24346.0,
        "geometric_mean_rank": 2.197763442993164,
        "harmonic_mean_rank": 1.4340063705229407,
        "hits_at_1": 0.5057504312823462,
        "hits_at_10": 0.9505873654809825,
        "hits_at_3": 0.8913989977819765,
        "hits_at_5": 0.9305019305019305,
        "inverse_arithmetic_mean_rank": 0.0006874444079585373,
        "inverse_geometric_mean_rank": 0.45500802993774414,
        "inverse_harmonic_mean_rank": 0.6973469717818122,
        "inverse_median_rank": 1.0,
        "median_absolute_deviation": 0.0,