{
  "losses": [
    0.8075154986712012,
    0.6005269634841692,
    0.4847087022101525,
    0.3925783163250083,
    0.3296188285740295,
    0.2792839890954518,
    0.2445423161629403,
    0.22132092611034318,
    0.20273676493970474,
    0.18964408286432227,
    0.17960851776717912,
    0.17483791824024503,
    0.16840241665002142,
    0.1635481025175293,
    0.15889347220706468,
    0.15582241640232578
  ],
  "metrics": {
    "both": {
      "optimistic": {
        "adjusted_arithmetic_mean_rank": 0.16742480631939885,
        "adjusted_arithmetic_mean_rank_index": 0.8327203118617208,
        "adjusted_geometric_mean_rank_index": 0.9804016817196218,
        "adjusted_hits_at_k": 0.3106872874385008,
        "adjusted_inverse_harmonic_mean_rank": 0.16890782370995083,
        "arithmetic_mean_rank": 960.7206750792566,
        "count": 32174.0,
        "geometric_mean_rank": 80.97230882493027,
        "harmonic_mean_rank": 5.8935681896921706,
        "hits_at_1": 0.0826443712314291,
        "hits_at_10": 0.31133834773419533,
        "hits_at_3": 0.2327966681171132,
        "hits_at_5": 0.27525331012618887,
        "inverse_arithmetic_mean_rank": 0.0010408852707552098,
        "inverse_geometric_mean_rank": 0.012349901028042733,
        "inverse_harmonic_mean_rank": 0.16967649610790903,
        "inverse_median_rank": 0.006802721088435374,
        "median_absolute_deviation": 214.97732168331228,
        "median_rank": 147.0,
        "standard_deviation": 2048.6094515815626,
        "variance": 4196800.68510931,
        "z_arithmetic_mean_rank": 252.47036876786657,
        "z_geometric_mean_rank": 176.23734475712948,
        "z_hits_at_k": 1812.5639459503104,
        "z_inverse_harmonic_mean_rank": 2435.846049471479
      },
      "pessimistic": {
        "adjusted_arithmetic_mean_rank": 0.16742506631071832,
        "adjusted_arithmetic_mean_rank_index": 0.8327200518250848,
        "adjusted_geometric_mean_rank_index": 0.9804016461165772,
        "adjusted_hits_at_k": 0.3106872874385008,
        "adjusted_inverse_harmonic_mean_rank": 0.1689078165028072,
        "arithmetic_mean_rank": 960.7221669671163,
        "count": 32174.0,
        "geometric_mean_rank": 80.97245410564457,
        "harmonic_mean_rank": 5.8935684397946275,
        "hits_at_1": 0.0826443712314291,
        "hits_at_10": 0.31133834773419533,
        "hits_at_3": 0.2327966681171132,
        "hits_at_5": 0.27525331012618887,
        "inverse_arithmetic_mean_rank": 0.0010408836543835342,
        "inverse_geometric_mean_rank": 0.012349878869859894,
        "inverse_harmonic_mean_rank": 0.16967648890743126,
        "inverse_median_rank": 0.006802721088435374,
        "median_absolute_deviation": 214.97732168331228,
        "median_rank": 147.0,
        "standard_deviation": 2048.611333672671,
        "variance": 4196808.3964521205,
        "z_arithmetic_mean_rank": 252.47028992801546,
        "z_geometric_mean_rank": 176.23733835711388,
        "z_hits_at_k": 1812.5639459503104,
        "z_inverse_harmonic_mean_rank": 2435.845945536138
      },
      "realistic": {
        "adjusted_arithmetic_mean_rank": 0.16742493884610202,
        "adjusted_arithmetic_mean_rank_index": 0.8327201793119182,
        "adjusted_geometric_mean_rank_index": 0.980401669496162,
        "adjusted_hits_at_k": 0.3106872874385008,
        "adjusted_inverse_harmonic_mean_rank": 0.16890783270764723,
        "arithmetic_mean_rank": 960.721435546875,
        "count": 32174.0,
        "geometric_mean_rank": 80.97235870361328,
        "harmonic_mean_rank": 5.893567877453941,
        "hits_at_1": 0.0826443712314291,
        "hits_at_10": 0.31133834773419533,
        "hits_at_3": 0.2327966681171132,
        "hits_at_5": 0.27525331012618887,
        "inverse_arithmetic_mean_rank": 0.0010408844100311399,
        "inverse_geometric_mean_rank": 0.01234989333897829,
        "inverse_harmonic_mean_rank": 0.16967650509728352,
        "inverse_median_rank": 0.006802720949053764,
        "median_absolute_deviation": 214.97732168331228,
        "median_rank": 147.0,
        "standard_deviation": 2048.6103515625,
        "variance": 4196804.0,
        "z_arithmetic_mean_rank": 252.4703285804266,
        "z_geometric_mean_rank": 176.23734255983612,
        "z_hits_at_k": 1812.5639459503104,
        "z_inverse_harmonic_mean_rank": 2435.8461792286616
      }
    },
    "head": {
      "optimistic": {
        "adjusted_arithmetic_mean_rank": 0.26544203217643064,
        "adjusted_arithmetic_mean_rank_index": 0.7347035392846526,
        "adjusted_geometric_mean_rank_index": 0.8874168564058476,
        "adjusted_hits_at_k": 0.0343592428437186,
        "adjusted_inverse_harmonic_mean_rank": 0.01910420903013957,
        "arithmetic_mean_rank": 1339.6939143407722,
        "count": 16087.0,
        "geometric_mean_rank": 397.2237925000723,
        "harmonic_mean_rank": 49.6208764603651,
        "hits_at_1": 0.007397277304655933,
        "hits_at_10": 0.035432336669360354,
        "hits_at_3": 0.015478336545036366,
        "hits_at_5": 0.022564803878908437,
        "inverse_arithmetic_mean_rank": 0.000746439159942048,
        "inverse_geometric_mean_rank": 0.002517472565543309,
        "inverse_harmonic_mean_rank": 0.02015280807864719,
        "inverse_median_rank": 0.0023584905660377358,
        "median_absolute_deviation": 495.18914098087106,
        "median_rank": 424.0,
        "standard_deviation": 2281.377556182462,
        "variance": 5204683.553853061,
        "z_arithmetic_mean_rank": 154.48334421539286,
        "z_geometric_mean_rank": 112.83396150666316,
        "z_hits_at_k": 130.66528073638992,
        "z_inverse_harmonic_mean_rank": 179.65449701642896
      },
      "pessimistic": {
        "adjusted_arithmetic_mean_rank": 0.26544243862255534,
        "adjusted_arithmetic_mean_rank_index": 0.7347031327579803,
        "adjusted_geometric_mean_rank_index": 0.8874166249251395,
        "adjusted_hits_at_k": 0.0343592428437186,
        "adjusted_inverse_harmonic_mean_rank": 0.01910420286898627,
        "arithmetic_mean_rank": 1339.6959656865793,
        "count": 16087.0,
        "geometric_mean_rank": 397.22460717055554,
        "harmonic_mean_rank": 49.62089161433746,
        "hits_at_1": 0.007397277304655933,
        "hits_at_10": 0.035432336669360354,
        "hits_at_3": 0.015478336545036366,
        "hits_at_5": 0.022564803878908437,
        "inverse_arithmetic_mean_rank": 0.0007464380169925429,
        "inverse_geometric_mean_rank": 0.0025174674024427495,
        "inverse_harmonic_mean_rank": 0.0201528019240803,
        "inverse_median_rank": 0.0023584905660377358,
        "median_absolute_deviation": 495.18914098087106,
        "median_rank": 424.0,
        "standard_deviation": 2281.3795209648265,
        "variance": 5204692.5186777,
        "z_arithmetic_mean_rank": 154.4832587365616,
        "z_geometric_mean_rank": 112.83393207417593,
        "z_hits_at_k": 130.66528073638992,
        "z_inverse_harmonic_mean_rank": 179.65443907742215
      },
      "realistic": {
        "adjusted_arithmetic_mean_rank": 0.2654422366428751,
        "adjusted_arithmetic_mean_rank_index": 0.734703334777688,
        "adjusted_geometric_mean_rank_index": 0.8874166936689563,
        "adjusted_hits_at_k": 0.0343592428437186,
        "adjusted_inverse_harmonic_mean_rank": 0.019104206391099464,
        "arithmetic_mean_rank": 1339.6949462890625,
        "count": 16087.0,
        "geometric_mean_rank": 397.224365234375,
        "harmonic_mean_rank": 49.62088295134688,
        "hits_at_1": 0.007397277304655933,
        "hits_at_10": 0.035432336669360354,
        "hits_at_3": 0.015478336545036366,
        "hits_at_5": 0.022564803878908437,
        "inverse_arithmetic_mean_rank": 0.0007464385707862675,
        "inverse_geometric_mean_rank": 0.0025174689944833517,
        "inverse_harmonic_mean_rank": 0.02015280544242828,
        "inverse_median_rank": 0.002358490601181984,
        "median_absolute_deviation": 495.18914098087106,