{
  "losses": [
    1.0014182294372225,
    1.0000779084915663,
    1.0000656639427454,
    0.9962719921067973,
    0.9156428242686891,
    0.8573475179155957,
    0.8525224368647647,
    0.8065360997715135,
    0.5142911481523745,
    0.32812461837074763,
    0.30276201407984804,
    0.2943328533076892,
    0.2894844180040986,
    0.2863688835842476,
    0.2838869774283574,
    0.28175262718885197,
    0.28021270214351135,
    0.27883770902371463,
    0.27722899869555684,
    0.276174224713713
  ],
  "metrics": {
    "both": {
      "optimistic": {
        "adjusted_arithmetic_mean_rank": 0.022760354459828026,
        "adjusted_arithmetic_mean_rank_index": 0.9772564653268156,
        "adjusted_geometric_mean_rank_index": 0.999971397362728,
        "adjusted_hits_at_k": 0.9523905467622849,
        "adjusted_inverse_harmonic_mean_rank": 0.6762320263121591,
        "arithmetic_mean_rank": 1322.4129425778362,
        "count": 48692.0,
        "geometric_mean_rank": 2.222771904663336,
        "harmonic_mean_rank": 1.478707796260423,
        "hits_at_1": 0.4605684712067691,
        "hits_at_10": 0.9523946438840056,
        "hits_at_3": 0.8944590487143679,
        "hits_at_5": 0.9332333853610449,
        "inverse_arithmetic_mean_rank": 0.0007561934459372857,
        "inverse_geometric_mean_rank": 0.44988871683235593,
        "inverse_harmonic_mean_rank": 0.6762661308264887,
        "inverse_median_rank": 0.5,
        "median_absolute_deviation": 1.482602218505602,
        "median_rank": 2.0,
        "standard_deviation": 9682.00144767479,
        "variance": 93741152.0327767,
        "z_arithmetic_mean_rank": 373.5031325939697,
        "z_geometric_mean_rank": 220.72793859776826,
        "z_hits_at_k": 22653.346014279185,
        "z_inverse_harmonic_mean_rank": 39671.91079389159
      },
      "pessimistic": {
        "adjusted_arithmetic_mean_rank": 0.022760355873713743,
        "adjusted_arithmetic_mean_rank_index": 0.9772564639129057,
        "adjusted_geometric_mean_rank_index": 0.9999713973625262,
        "adjusted_hits_at_k": 0.9523905467622849,
        "adjusted_inverse_harmonic_mean_rank": 0.6762320263118147,
        "arithmetic_mean_rank": 1322.4130247268545,
        "count": 48692.0,
        "geometric_mean_rank": 2.2227719132917545,
        "harmonic_mean_rank": 1.478707796261176,
        "hits_at_1": 0.4605684712067691,
        "hits_at_10": 0.9523946438840056,
        "hits_at_3": 0.8944590487143679,
        "hits_at_5": 0.9332333853610449,
        "inverse_arithmetic_mean_rank": 0.0007561933989621365,
        "inverse_geometric_mean_rank": 0.44988871508596523,
        "inverse_harmonic_mean_rank": 0.6762661308261443,
        "inverse_median_rank": 0.5,
        "median_absolute_deviation": 1.482602218505602,
        "median_rank": 2.0,
        "standard_deviation": 9682.001862858055,
        "variance": 93741160.07238685,
        "z_arithmetic_mean_rank": 373.5031320535795,
        "z_geometric_mean_rank": 220.72793859772372,
        "z_hits_at_k": 22653.346014279185,
        "z_inverse_harmonic_mean_rank": 39671.910793871386
      },
      "realistic": {
        "adjusted_arithmetic_mean_rank": 0.022760354826243966,
        "adjusted_arithmetic_mean_rank_index": 0.9772564649603934,
        "adjusted_geometric_mean_rank_index": 0.9999713973576575,
        "adjusted_hits_at_k": 0.9523905467622849,
        "adjusted_inverse_harmonic_mean_rank": 0.6762320172295588,
        "arithmetic_mean_rank": 1322.4129638671875,
        "count": 48692.0,
        "geometric_mean_rank": 2.2227721214294434,
        "harmonic_mean_rank": 1.478707816118134,
        "hits_at_1": 0.4605684712067691,
        "hits_at_10": 0.9523946438840056,
        "hits_at_3": 0.8944590487143679,
        "hits_at_5": 0.9332333853610449,
        "inverse_arithmetic_mean_rank": 0.0007561934180557728,
        "inverse_geometric_mean_rank": 0.449888676404953,
        "inverse_harmonic_mean_rank": 0.6762661217448451,
        "inverse_median_rank": 0.5,
        "median_absolute_deviation": 1.482602218505602,
        "median_rank": 2.0,
        "standard_deviation": 9682.0009765625,
        "variance": 93741152.0,
        "z_arithmetic_mean_rank": 373.50313245392476,
        "z_geometric_mean_rank": 220.727938596649,
        "z_hits_at_k": 22653.346014279185,
        "z_inverse_harmonic_mean_rank": 39671.91026105065
      }
    },
    "head": {
      "optimistic": {
        "adjusted_arithmetic_mean_rank": 0.022758380463997415,
        "adjusted_arithmetic_mean_rank_index": 0.9772584393661314,
        "adjusted_geometric_mean_rank_index": 0.9999719124295554,
        "adjusted_hits_at_k": 0.953047795467337,
        "adjusted_inverse_harmonic_mean_rank": 0.6825949576494826,
        "arithmetic_mean_rank": 1322.2975026698432,
        "count": 24346.0,
        "geometric_mean_rank": 2.2007642756498695,
        "harmonic_mean_rank": 1.4649258832720828,
        "hits_at_1": 0.4722336318080999,
        "hits_at_10": 0.9530518360305594,
        "hits_at_3": 0.8951367781155015,
        "hits_at_5": 0.9336235931980613,
        "inverse_arithmetic_mean_rank": 0.0007562594635329082,
        "inverse_geometric_mean_rank": 0.45438760119127586,
        "inverse_harmonic_mean_rank": 0.6826283919336474,
        "inverse_median_rank": 0.5,
        "median_absolute_deviation": 1.482602218505602,
        "median_rank": 2.0,
        "standard_deviation": 9680.35324804784,
        "variance": 93709239.00699039,
        "z_arithmetic_mean_rank": 264.10713133528094,
        "z_geometric_mean_rank": 156.08172647967336,
        "z_hits_at_k": 16029.384370964377,
        "z_inverse_harmonic_mean_rank": 28316.223979009785
      },
      "pessimistic": {
        "adjusted_arithmetic_mean_rank": 0.022758382584827194,
        "adjusted_arithmetic_mean_rank_index": 0.9772584372452652,
        "adjusted_geometric_mean_rank_index": 0.9999719124291843,
        "adjusted_hits_at_k": 0.953047795467337,
        "adjusted_inverse_harmonic_mean_rank": 0.6825949576488007,
        "arithmetic_mean_rank": 1322.2976258933707,
        "count": 24346.0,
        "geometric_mean_rank": 2.2007642915171943,
        "harmonic_mean_rank": 1.464925883273546,
        "hits_at_1": 0.4722336318080999,
        "hits_at_10": 0.9530518360305594,
        "hits_at_3": 0.8951367781155015,
        "hits_at_5": 0.9336235931980613,
        "inverse_arithmetic_mean_rank": 0.0007562593930578829,
        "inverse_geometric_mean_rank": 0.4543875979151796,
        "inverse_harmonic_mean_rank": 0.6826283919329657,
        "inverse_median_rank": 0.5,
        "median_absolute_deviation": 1.482602218505602,
        "median_rank": 2.0,
        "standard_deviation": 9680.353769431536,
        "variance": 93709249.10134734,
        "z_arithmetic_mean_rank": 264.1071307621102,
        "z_geometric_mean_rank": 156.08172647961544,
        "z_hits_at_k": 16029.384370964377,
        "z_inverse_harmonic_mean_rank": 28316.2239789815
      },
      "realistic": {
        "adjusted_arithmetic_mean_rank": 0.02275838016592832,
        "adjusted_arithmetic_mean_rank_index": 0.9772584396642057,
        "adjusted_geometric_mean_rank_index": 0.9999719124318108,
        "adjusted_hits_at_k": 0.953047795467337,
        "adjusted_inverse_harmonic_mean_rank": 0.682594984529765,
        "arithmetic_mean_rank": 1322.2974853515625,
        "count": 24346.0,
        "geometric_mean_rank": 2.2007641792297363,
        "harmonic_mean_rank": 1.4649258255928646,
        "hits_at_1": 0.4722336318080999,
        "hits_at_10": 0.9530518360305594,
        "hits_at_3": 0.8951367781155015,
        "hits_at_5": 0.9336235931980613,
        "inverse_arithmetic_mean_rank": 0.0007562594837509096,
        "inverse_geometric_mean_rank": 0.4543876349925995,
        "inverse_harmonic_mean_rank": 0.6826284188110984,
        "inverse_median_rank": 0.5,
        "median_absolute_deviation": 1.482602218505602,
        "median_rank": 2.0,
        "standard_deviation": 9680.3544921875,