{
  "losses": [
    1.0039774179458618,
    1.0003514761971954,
    0.999509608509517,
    0.9970893889370531,
    0.9921478348203224,
    0.983939766293705,
    0.9718196414484837,
    0.9571725257552496,
    0.9410120071751056,
    0.9247535707926986,
    0.9099241391266927,
    0.8960990490299641,
    0.8838260789908985,
    0.8743648938613363,
    0.8658784728239078,
    0.8564281788202796
  ],
  "metrics": {
    "both": {
      "optimistic": {
        "adjusted_arithmetic_mean_rank": 0.692078503501448,
        "adjusted_arithmetic_mean_rank_index": 0.3079751673355391,
        "adjusted_geometric_mean_rank_index": 0.7530932517711394,
        "adjusted_hits_at_k": 0.10781649271838809,
        "adjusted_inverse_harmonic_mean_rank": 0.06434699292220013,
        "arithmetic_mean_rank": 3971.2999627028034,
        "count": 32174.0,
        "geometric_mean_rank": 1008.5202595361058,
        "harmonic_mean_rank": 15.33451327519437,
        "hits_at_1": 0.041057997140548266,
        "hits_at_10": 0.10865916578603842,
        "hits_at_3": 0.074749797973519,
        "hits_at_5": 0.08861192267047927,
        "inverse_arithmetic_mean_rank": 0.00025180671553186226,
        "inverse_geometric_mean_rank": 0.0009915517219852134,
        "inverse_harmonic_mean_rank": 0.06521237303420865,
        "inverse_median_rank": 0.00033145508783559825,
        "median_absolute_deviation": 4164.629631782236,
        "median_rank": 3017.0,
        "standard_deviation": 3768.4182076625966,
        "variance": 14200975.787842976,
        "z_arithmetic_mean_rank": 93.37421335947991,
        "z_geometric_mean_rank": 135.37630291888317,
        "z_hits_at_k": 629.0063848165909,
        "z_inverse_harmonic_mean_rank": 927.9580132064448
      },
      "pessimistic": {
        "adjusted_arithmetic_mean_rank": 0.6920785251673913,
        "adjusted_arithmetic_mean_rank_index": 0.3079751456658194,
        "adjusted_geometric_mean_rank_index": 0.7530932416980881,
        "adjusted_hits_at_k": 0.10781649271838809,
        "adjusted_inverse_harmonic_mean_rank": 0.06434699289252897,
        "arithmetic_mean_rank": 3971.300087026792,
        "count": 32174.0,
        "geometric_mean_rank": 1008.520300639896,
        "harmonic_mean_rank": 15.334513282165007,
        "hits_at_1": 0.041057997140548266,
        "hits_at_10": 0.10865916578603842,
        "hits_at_3": 0.074749797973519,
        "hits_at_5": 0.08861192267047927,
        "inverse_arithmetic_mean_rank": 0.00025180670764889834,
        "inverse_geometric_mean_rank": 0.0009915516815730036,
        "inverse_harmonic_mean_rank": 0.06521237300456495,
        "inverse_median_rank": 0.00033145508783559825,
        "median_absolute_deviation": 4164.629631782236,
        "median_rank": 3017.0,
        "standard_deviation": 3768.4182996151862,
        "variance": 14200976.480874613,
        "z_arithmetic_mean_rank": 93.37420678949232,
        "z_geometric_mean_rank": 135.376301108148,
        "z_hits_at_k": 629.0063848165909,
        "z_inverse_harmonic_mean_rank": 927.9580127785525
      },
      "realistic": {
        "adjusted_arithmetic_mean_rank": 0.692078518510509,
        "adjusted_arithmetic_mean_rank_index": 0.30797515232386197,
        "adjusted_geometric_mean_rank_index": 0.7530931610125663,
        "adjusted_hits_at_k": 0.10781649271838809,
        "adjusted_inverse_harmonic_mean_rank": 0.06434699841007625,
        "arithmetic_mean_rank": 3971.300048828125,
        "count": 32174.0,
        "geometric_mean_rank": 1008.5206298828125,
        "harmonic_mean_rank": 15.334511985928778,
        "hits_at_1": 0.041057997140548266,
        "hits_at_10": 0.10865916578603842,
        "hits_at_3": 0.074749797973519,
        "hits_at_5": 0.08861192267047927,
        "inverse_arithmetic_mean_rank": 0.00025180671946145594,
        "inverse_geometric_mean_rank": 0.0009915513219311833,
        "inverse_harmonic_mean_rank": 0.06521237851700908,
        "inverse_median_rank": 0.0003314550849609077,
        "median_absolute_deviation": 4164.629631782236,
        "median_rank": 3017.0,
        "standard_deviation": 3768.418212890625,
        "variance": 14200976.0,
        "z_arithmetic_mean_rank": 93.37420880812743,
        "z_geometric_mean_rank": 135.37628660409075,
        "z_hits_at_k": 629.0063848165909,
        "z_inverse_harmonic_mean_rank": 927.9580923479616
      }
    },
    "head": {
      "optimistic": {
        "adjusted_arithmetic_mean_rank": 0.6574388493337778,
        "adjusted_arithmetic_mean_rank_index": 0.3426290379254955,
        "adjusted_geometric_mean_rank_index": 0.7236338723380722,
        "adjusted_hits_at_k": 0.09204751904942027,
        "adjusted_inverse_harmonic_mean_rank": 0.05450116009738977,
        "arithmetic_mean_rank": 3318.1136321253184,
        "count": 16087.0,
        "geometric_mean_rank": 973.6397018679072,
        "harmonic_mean_rank": 18.01414934759249,
        "hits_at_1": 0.033816124821284266,
        "hits_at_10": 0.0930565052526885,
        "hits_at_3": 0.06402685398147573,
        "hits_at_5": 0.07534033691800833,
        "inverse_arithmetic_mean_rank": 0.0003013760560573328,
        "inverse_geometric_mean_rank": 0.0010270739762167885,
        "inverse_harmonic_mean_rank": 0.05551191903122783,
        "inverse_median_rank": 0.00038895371450797355,
        "median_absolute_deviation": 3404.0546936888622,
        "median_rank": 2571.0,
        "standard_deviation": 3166.8186675188535,
        "variance": 10028740.472945888,
        "z_arithmetic_mean_rank": 72.04331648595186,
        "z_geometric_mean_rank": 92.00915658398307,
        "z_hits_at_k": 350.04889288122064,
        "z_inverse_harmonic_mean_rank": 512.524673942855
      },
      "pessimistic": {
        "adjusted_arithmetic_mean_rank": 0.657438861650327,
        "adjusted_arithmetic_mean_rank_index": 0.34262902560650543,
        "adjusted_geometric_mean_rank_index": 0.7236338559364183,
        "adjusted_hits_at_k": 0.09204751904942027,
        "adjusted_inverse_harmonic_mean_rank": 0.05450116004078505,
        "arithmetic_mean_rank": 3318.1136942873127,
        "count": 16087.0,
        "geometric_mean_rank": 973.6397595916952,
        "harmonic_mean_rank": 18.014149365941627,
        "hits_at_1": 0.033816124821284266,
        "hits_at_10": 0.0930565052526885,
        "hits_at_3": 0.06402685398147573,
        "hits_at_5": 0.07534033691800833,
        "inverse_arithmetic_mean_rank": 0.00030137605041131267,
        "inverse_geometric_mean_rank": 0.0010270739153250676,
        "inverse_harmonic_mean_rank": 0.055511918974683626,
        "inverse_median_rank": 0.00038895371450797355,
        "median_absolute_deviation": 3404.0546936888622,
        "median_rank": 2571.0,
        "standard_deviation": 3166.8186229682406,
        "variance": 10028740.190778464,
        "z_arithmetic_mean_rank": 72.04331389568426,
        "z_geometric_mean_rank": 92.00915449853295,
        "z_hits_at_k": 350.04889288122064,
        "z_inverse_harmonic_mean_rank": 512.5246734105486
      },
      "realistic": {
        "adjusted_arithmetic_mean_rank": 0.6574388765588844,
        "adjusted_arithmetic_mean_rank_index": 0.3426290106949935,
        "adjusted_geometric_mean_rank_index": 0.7236338008070684,
        "adjusted_hits_at_k": 0.09204751904942027,
        "adjusted_inverse_harmonic_mean_rank": 0.05450116147989044,
        "arithmetic_mean_rank": 3318.11376953125,
        "count": 16087.0,
        "geometric_mean_rank": 973.6399536132812,
        "harmonic_mean_rank": 18.014148899437394,
        "hits_at_1": 0.033816124821284266,
        "hits_at_10": 0.0930565052526885,
        "hits_at_3": 0.06402685398147573,
        "hits_at_5": 0.07534033691800833,
        "inverse_arithmetic_mean_rank": 0.00030137604335322976,
        "inverse_geometric_mean_rank": 0.001027073711156845,
        "inverse_harmonic_mean_rank": 0.05551192041225058,
        "inverse_median_rank": 0.00038895371835678816,
        "median_absolute_deviation": 3404.0546936888622,