{
  "losses": [
    0.7953158541481093,
    0.6521580725613207,
    0.5895332073221112,
    0.5346731887005344,
    0.4781528889542759,
    0.413209597899182,
    0.35943125250315905,
    0.32071884256778377,
    0.2875118209878997,
    0.2633929557434403,
    0.2441839585209837,
    0.2270059616848974,
    0.21476634377890294,
    0.19988901476458748,
    0.1884175996526633,
    0.1803201240773248
  ],
  "metrics": {
    "both": {
      "optimistic": {
        "adjusted_arithmetic_mean_rank": 0.21965722489864178,
        "adjusted_arithmetic_mean_rank_index": 0.780478789151539,
        "adjusted_geometric_mean_rank_index": 0.9824671975897662,
        "adjusted_hits_at_k": 0.3405221428497242,
        "adjusted_inverse_harmonic_mean_rank": 0.2580231150903916,
        "arithmetic_mean_rank": 1260.4418785354635,
        "count": 32174.0,
        "geometric_mean_rank": 72.54382681505513,
        "harmonic_mean_rank": 3.8653413221994612,
        "hits_at_1": 0.20280350593647045,
        "hits_at_10": 0.34114502393236773,
        "hits_at_3": 0.29788027599925404,
        "hits_at_5": 0.316218064275502,
        "inverse_arithmetic_mean_rank": 0.0007933725600754579,
        "inverse_geometric_mean_rank": 0.013784770447103965,
        "inverse_harmonic_mean_rank": 0.25870936526531085,
        "inverse_median_rank": 0.006944444444444444,
        "median_absolute_deviation": 212.01211724630107,
        "median_rank": 144.0,
        "standard_deviation": 2534.3031135525935,
        "variance": 6422692.27136237,
        "z_arithmetic_mean_rank": 236.63139340512237,
        "z_geometric_mean_rank": 176.60864260299758,
        "z_hits_at_k": 1986.6218666875034,
        "z_inverse_harmonic_mean_rank": 3720.9915548052163
      },
      "pessimistic": {
        "adjusted_arithmetic_mean_rank": 0.21965748488996126,
        "adjusted_arithmetic_mean_rank_index": 0.780478529114903,
        "adjusted_geometric_mean_rank_index": 0.9824671865424028,
        "adjusted_hits_at_k": 0.3405221428497242,
        "adjusted_inverse_harmonic_mean_rank": 0.25802311442331893,
        "arithmetic_mean_rank": 1260.4433704233231,
        "count": 32174.0,
        "geometric_mean_rank": 72.5438718945942,
        "harmonic_mean_rank": 3.8653413321568855,
        "hits_at_1": 0.20280350593647045,
        "hits_at_10": 0.34114502393236773,
        "hits_at_3": 0.29788027599925404,
        "hits_at_5": 0.316218064275502,
        "inverse_arithmetic_mean_rank": 0.0007933716210226466,
        "inverse_geometric_mean_rank": 0.013784761881099948,
        "inverse_harmonic_mean_rank": 0.25870936459885513,
        "inverse_median_rank": 0.006944444444444444,
        "median_absolute_deviation": 212.01211724630107,
        "median_rank": 144.0,
        "standard_deviation": 2534.305537404533,
        "variance": 6422704.5569192795,
        "z_arithmetic_mean_rank": 236.63131456527125,
        "z_geometric_mean_rank": 176.6086406171197,
        "z_hits_at_k": 1986.6218666875034,
        "z_inverse_harmonic_mean_rank": 3720.991545185257
      },
      "realistic": {
        "adjusted_arithmetic_mean_rank": 0.21965735532539876,
        "adjusted_arithmetic_mean_rank_index": 0.7804786587020487,
        "adjusted_geometric_mean_rank_index": 0.9824671928562814,
        "adjusted_hits_at_k": 0.3405221428497242,
        "adjusted_inverse_harmonic_mean_rank": 0.25802310655710264,
        "arithmetic_mean_rank": 1260.442626953125,
        "count": 32174.0,
        "geometric_mean_rank": 72.5438461303711,
        "harmonic_mean_rank": 3.865341449576253,
        "hits_at_1": 0.20280350593647045,
        "hits_at_10": 0.34114502393236773,
        "hits_at_3": 0.29788027599925404,
        "hits_at_5": 0.316218064275502,
        "inverse_arithmetic_mean_rank": 0.0007933721062727273,
        "inverse_geometric_mean_rank": 0.013784767128527164,
        "inverse_harmonic_mean_rank": 0.25870935673991424,
        "inverse_median_rank": 0.0069444444961845875,
        "median_absolute_deviation": 212.01211724630107,
        "median_rank": 144.0,
        "standard_deviation": 2534.304443359375,
        "variance": 6422698.5,
        "z_arithmetic_mean_rank": 236.63135385447075,
        "z_geometric_mean_rank": 176.60864175210472,
        "z_hits_at_k": 1986.6218666875034,
        "z_inverse_harmonic_mean_rank": 3720.991431745326
      }
    },
    "head": {
      "optimistic": {
        "adjusted_arithmetic_mean_rank": 0.32999517283644186,
        "adjusted_arithmetic_mean_rank_index": 0.6701376057676921,
        "adjusted_geometric_mean_rank_index": 0.8778826493355153,
        "adjusted_hits_at_k": 0.04220036776488194,
        "adjusted_inverse_harmonic_mean_rank": 0.024259401948757538,
        "arithmetic_mean_rank": 1665.4955554174178,
        "count": 16087.0,
        "geometric_mean_rank": 430.77836881840716,
        "harmonic_mean_rank": 39.52180203053089,
        "hits_at_1": 0.011686454901473239,
        "hits_at_10": 0.0432647479331137,
        "hits_at_3": 0.02250264188475166,
        "hits_at_5": 0.02896748927705601,
        "inverse_arithmetic_mean_rank": 0.0006004218965023736,
        "inverse_geometric_mean_rank": 0.0023213793272464566,
        "inverse_harmonic_mean_rank": 0.02530248998331332,
        "inverse_median_rank": 0.0022172949002217295,
        "median_absolute_deviation": 539.6672075360391,
        "median_rank": 451.0,
        "standard_deviation": 2719.6051844223102,
        "variance": 7396252.359136708,
        "z_arithmetic_mean_rank": 140.9073087143248,
        "z_geometric_mean_rank": 111.6216988075665,
        "z_hits_at_k": 160.484412484231,
        "z_inverse_harmonic_mean_rank": 228.13353058206
      },
      "pessimistic": {
        "adjusted_arithmetic_mean_rank": 0.32999557928256656,
        "adjusted_arithmetic_mean_rank_index": 0.6701371992410197,
        "adjusted_geometric_mean_rank_index": 0.877882524508437,
        "adjusted_hits_at_k": 0.04220036776488194,
        "adjusted_inverse_harmonic_mean_rank": 0.02425940067947963,
        "arithmetic_mean_rank": 1665.497606763225,
        "count": 16087.0,
        "geometric_mean_rank": 430.7788081333595,
        "harmonic_mean_rank": 39.521804010989186,
        "hits_at_1": 0.011686454901473239,
        "hits_at_10": 0.0432647479331137,
        "hits_at_3": 0.02250264188475166,
        "hits_at_5": 0.02896748927705601,
        "inverse_arithmetic_mean_rank": 0.000600421156979882,
        "inverse_geometric_mean_rank": 0.0023213769598675856,
        "inverse_harmonic_mean_rank": 0.0253024887153923,
        "inverse_median_rank": 0.0022172949002217295,
        "median_absolute_deviation": 539.6672075360391,
        "median_rank": 451.0,
        "standard_deviation": 2719.6079768621776,
        "variance": 7396267.5478123855,
        "z_arithmetic_mean_rank": 140.90722323549352,
        "z_geometric_mean_rank": 111.62168293595707,
        "z_hits_at_k": 160.484412484231,
        "z_inverse_harmonic_mean_rank": 228.1335186458692
      },
      "realistic": {
        "adjusted_arithmetic_mean_rank": 0.32999537624593633,
        "adjusted_arithmetic_mean_rank_index": 0.6701374023178868,
        "adjusted_geometric_mean_rank_index": 0.8778825330488951,
        "adjusted_hits_at_k": 0.04220036776488194,
        "adjusted_inverse_harmonic_mean_rank": 0.02425940268624819,
        "arithmetic_mean_rank": 1665.49658203125,
        "count": 16087.0,
        "geometric_mean_rank": 430.7787780761719,
        "harmonic_mean_rank": 39.52180087982201,
        "hits_at_1": 0.011686454901473239,
        "hits_at_10": 0.0432647479331137,
        "hits_at_3": 0.02250264188475166,
        "hits_at_5": 0.02896748927705601,
        "inverse_arithmetic_mean_rank": 0.0006004215101711452,
        "inverse_geometric_mean_rank": 0.0023213771637529135,
        "inverse_harmonic_mean_rank": 0.02530249072001558,
        "inverse_median_rank": 0.002217294881120324,
        "median_absolute_deviation": 539.6672075360391,
        "median_rank": 451.0,