{
  "losses": [
    0.7097682149103373,
    0.5587872609053508,
    0.46243865855849614,
    0.37284495081051744,
    0.2982485826652829,
    0.2480903806367723,
    0.21645017844615597,
    0.19655507316093634,
    0.1837392330317214,
    0.1710736088823564,
    0.1645232434467514,
    0.15884757481589176,
    0.154831899702549,
    0.15060255379960089,
    0.14771837413606076,
    0.1459299774010583,
    0.14341782002460837,
    0.14092148660433174,
    0.13829504221972852,
    0.13761184765855863,
    0.1374534827057678,
    0.13680571350130705,
    0.13307379724660723,
    0.13363699232882792
  ],
  "metrics": {
    "both": {
      "optimistic": {
        "adjusted_arithmetic_mean_rank": 0.07419890641855384,
        "adjusted_arithmetic_mean_rank_index": 0.9259624610732943,
        "adjusted_geometric_mean_rank_index": 0.9909385574914076,
        "adjusted_hits_at_k": 0.36516156462833627,
        "adjusted_inverse_harmonic_mean_rank": 0.2740877376028889,
        "arithmetic_mean_rank": 425.7697830546404,
        "count": 32174.0,
        "geometric_mean_rank": 37.97585008720038,
        "harmonic_mean_rank": 3.6395514903926904,
        "hits_at_1": 0.21293591098402437,
        "hits_at_10": 0.3657611736184497,
        "hits_at_3": 0.31133834773419533,
        "hits_at_5": 0.3337788276247902,
        "inverse_arithmetic_mean_rank": 0.0023486871069750546,
        "inverse_geometric_mean_rank": 0.026332524425491305,
        "inverse_harmonic_mean_rank": 0.27475912970037547,
        "inverse_median_rank": 0.015151515151515152,
        "median_absolute_deviation": 96.36914420286412,
        "median_rank": 66.0,
        "standard_deviation": 1110.8324384062944,
        "variance": 1233948.7062156736,
        "z_arithmetic_mean_rank": 280.7402205546253,
        "z_geometric_mean_rank": 178.13145718337307,
        "z_hits_at_k": 2130.369388297365,
        "z_inverse_harmonic_mean_rank": 3952.6619796785653
      },
      "pessimistic": {
        "adjusted_arithmetic_mean_rank": 0.07419892808449713,
        "adjusted_arithmetic_mean_rank_index": 0.9259624394035746,
        "adjusted_geometric_mean_rank_index": 0.9909385571708281,
        "adjusted_hits_at_k": 0.36516156462833627,
        "adjusted_inverse_harmonic_mean_rank": 0.27408773759017974,
        "arithmetic_mean_rank": 425.7699073786287,
        "count": 32174.0,
        "geometric_mean_rank": 37.975851395347505,
        "harmonic_mean_rank": 3.639551490560884,
        "hits_at_1": 0.21293591098402437,
        "hits_at_10": 0.3657611736184497,
        "hits_at_3": 0.31133834773419533,
        "hits_at_5": 0.3337788276247902,
        "inverse_arithmetic_mean_rank": 0.0023486864211629682,
        "inverse_geometric_mean_rank": 0.026332523518419707,
        "inverse_harmonic_mean_rank": 0.27475912968767807,
        "inverse_median_rank": 0.015151515151515152,
        "median_absolute_deviation": 96.36914420286412,
        "median_rank": 66.0,
        "standard_deviation": 1110.8329387407987,
        "variance": 1233949.817791519,
        "z_arithmetic_mean_rank": 280.7402139846377,
        "z_geometric_mean_rank": 178.13145712574558,
        "z_hits_at_k": 2130.369388297365,
        "z_inverse_harmonic_mean_rank": 3952.6619794952844
      },
      "realistic": {
        "adjusted_arithmetic_mean_rank": 0.07419891571954336,
        "adjusted_arithmetic_mean_rank_index": 0.9259624517706836,
        "adjusted_geometric_mean_rank_index": 0.9909385577206866,
        "adjusted_hits_at_k": 0.36516156462833627,
        "adjusted_inverse_harmonic_mean_rank": 0.27408771801602566,
        "arithmetic_mean_rank": 425.76983642578125,
        "count": 32174.0,
        "geometric_mean_rank": 37.97584915161133,
        "harmonic_mean_rank": 3.639551749606894,
        "hits_at_1": 0.21293591098402437,
        "hits_at_10": 0.3657611736184497,
        "hits_at_3": 0.31133834773419533,
        "hits_at_5": 0.3337788276247902,
        "inverse_arithmetic_mean_rank": 0.0023486868012696505,
        "inverse_geometric_mean_rank": 0.02633252553641796,
        "inverse_harmonic_mean_rank": 0.274759110131628,
        "inverse_median_rank": 0.01515151560306549,
        "median_absolute_deviation": 96.36914420286412,
        "median_rank": 66.0,
        "standard_deviation": 1110.832763671875,
        "variance": 1233949.375,
        "z_arithmetic_mean_rank": 280.74021773419025,
        "z_geometric_mean_rank": 178.13145722458836,
        "z_hits_at_k": 2130.369388297365,
        "z_inverse_harmonic_mean_rank": 3952.661697213358
      }
    },
    "head": {
      "optimistic": {
        "adjusted_arithmetic_mean_rank": 0.13025050106031633,
        "adjusted_arithmetic_mean_rank_index": 0.8699218620626544,
        "adjusted_geometric_mean_rank_index": 0.9344290500767045,
        "adjusted_hits_at_k": 0.04848571393184619,
        "adjusted_inverse_harmonic_mean_rank": 0.027272676808058928,
        "arithmetic_mean_rank": 657.3781935724498,
        "count": 16087.0,
        "geometric_mean_rank": 231.76963057718243,
        "harmonic_mean_rank": 35.32003392651425,
        "hits_at_1": 0.010443215018337788,
        "hits_at_10": 0.04954310934294772,
        "hits_at_3": 0.023124261826319388,
        "hits_at_5": 0.032013426990737864,
        "inverse_arithmetic_mean_rank": 0.0015211943593163768,
        "inverse_geometric_mean_rank": 0.0043146291319948685,
        "inverse_harmonic_mean_rank": 0.02831254358590279,
        "inverse_median_rank": 0.0035587188612099642,
        "median_absolute_deviation": 335.06810138226604,
        "median_rank": 281.0,
        "standard_deviation": 1253.3828949038934,
        "variance": 1570968.6812376643,
        "z_arithmetic_mean_rank": 182.91519132787687,
        "z_geometric_mean_rank": 118.81150409300241,
        "z_hits_at_k": 184.38704983765913,
        "z_inverse_harmonic_mean_rank": 256.4701331792148
      },
      "pessimistic": {
        "adjusted_arithmetic_mean_rank": 0.13025055032651325,
        "adjusted_arithmetic_mean_rank_index": 0.8699218127866941,
        "adjusted_geometric_mean_rank_index": 0.934429045539708,
        "adjusted_hits_at_k": 0.04848571393184619,
        "adjusted_inverse_harmonic_mean_rank": 0.027272676782637048,
        "arithmetic_mean_rank": 657.3784422204265,
        "count": 16087.0,
        "geometric_mean_rank": 231.76964654463464,
        "harmonic_mean_rank": 35.320033958194266,
        "hits_at_1": 0.010443215018337788,
        "hits_at_10": 0.04954310934294772,
        "hits_at_3": 0.023124261826319388,
        "hits_at_5": 0.032013426990737864,
        "inverse_arithmetic_mean_rank": 0.0015211937839371505,
        "inverse_geometric_mean_rank": 0.0043146288347444064,
        "inverse_harmonic_mean_rank": 0.028312543560508087,
        "inverse_median_rank": 0.0035587188612099642,
        "median_absolute_deviation": 335.06810138226604,
        "median_rank": 281.0,
        "standard_deviation": 1253.3837358173269,
        "variance": 1570970.7892113985,
        "z_arithmetic_mean_rank": 182.91518096680642,
        "z_geometric_mean_rank": 118.8115035161289,
        "z_hits_at_k": 184.38704983765913,
        "z_inverse_harmonic_mean_rank": 256.4701329401494
      },
      "realistic": {
        "adjusted_arithmetic_mean_rank": 0.13025052133481174,
        "adjusted_arithmetic_mean_rank_index": 0.8699218417841411,
        "adjusted_geometric_mean_rank_index": 0.9344290392788281,
        "adjusted_hits_at_k": 0.04848571393184619,
        "adjusted_inverse_harmonic_mean_rank": 0.027272677370521334,
        "arithmetic_mean_rank": 657.3782958984375,
        "count": 16087.0,
        "geometric_mean_rank": 231.76966857910156,
        "harmonic_mean_rank": 35.32003322558982,
        "hits_at_1": 0.010443215018337788,
        "hits_at_10": 0.04954310934294772,
        "hits_at_3": 0.023124261826319388,
        "hits_at_5": 0.032013426990737864,
        "inverse_arithmetic_mean_rank": 0.0015211941208690405,