{
  "losses": [
    0.41754208133758314,
    0.06928467669065677,
    0.04197026476432919,
    0.030844632588038975,
    0.022994565466850796,
    0.01891462424967259,
    0.015879211142972083,
    0.013700327759736734,
    0.011949258508433928,
    0.01065686794209883,
    0.009042538986617854,
    0.007932785993960034,
    0.007899157933202672,
    0.007210383901675246,
    0.006478453807649557,
    0.0056692105607422695
  ],
  "metrics": {
    "both": {
      "optimistic": {
        "adjusted_arithmetic_mean_rank": 0.053082083856733873,
        "adjusted_arithmetic_mean_rank_index": 0.9469342140466426,
        "adjusted_geometric_mean_rank_index": 0.9975331582309201,
        "adjusted_hits_at_k": 0.24564279615409892,
        "adjusted_inverse_harmonic_mean_rank": 0.14950825926570363,
        "arithmetic_mean_rank": 3084.1538445740575,
        "count": 48692.0,
        "geometric_mean_rank": 106.45827574523487,
        "harmonic_mean_rank": 6.684588185611685,
        "hits_at_1": 0.09389632793888113,
        "hits_at_10": 0.24570771379282016,
        "hits_at_3": 0.17000739341164872,
        "hits_at_5": 0.20122402037295653,
        "inverse_arithmetic_mean_rank": 0.0003242380407706629,
        "inverse_geometric_mean_rank": 0.009393351460933844,
        "inverse_harmonic_mean_rank": 0.14959784690288938,
        "inverse_median_rank": 0.007751937984496124,
        "median_absolute_deviation": 188.29048175021146,
        "median_rank": 129.0,
        "standard_deviation": 12240.62717213498,
        "variance": 149832953.56720918,
        "z_arithmetic_mean_rank": 361.91410121656287,
        "z_geometric_mean_rank": 220.18973570637382,
        "z_hits_at_k": 5842.803959059847,
        "z_inverse_harmonic_mean_rank": 8771.06983069897
      },
      "pessimistic": {
        "adjusted_arithmetic_mean_rank": 0.05308208986574818,
        "adjusted_arithmetic_mean_rank_index": 0.9469342080375248,
        "adjusted_geometric_mean_rank_index": 0.9975331575693258,
        "adjusted_hits_at_k": 0.24564279615409892,
        "adjusted_inverse_harmonic_mean_rank": 0.14950825826970698,
        "arithmetic_mean_rank": 3084.1541937073853,
        "count": 48692.0,
        "geometric_mean_rank": 106.4583040286082,
        "harmonic_mean_rank": 6.6845882301118325,
        "hits_at_1": 0.09389632793888113,
        "hits_at_10": 0.24570771379282016,
        "hits_at_3": 0.17000739341164872,
        "hits_at_5": 0.20122402037295653,
        "inverse_arithmetic_mean_rank": 0.0003242380040661731,
        "inverse_geometric_mean_rank": 0.0093933489653496,
        "inverse_harmonic_mean_rank": 0.14959784590699765,
        "inverse_median_rank": 0.007751937984496124,
        "median_absolute_deviation": 188.29048175021146,
        "median_rank": 129.0,
        "standard_deviation": 12240.627460061058,
        "variance": 149832960.61600083,
        "z_arithmetic_mean_rank": 361.91409891990446,
        "z_geometric_mean_rank": 220.18973556033728,
        "z_hits_at_k": 5842.803959059847,
        "z_inverse_harmonic_mean_rank": 8771.06977226771
      },
      "realistic": {
        "adjusted_arithmetic_mean_rank": 0.0530820832374685,
        "adjusted_arithmetic_mean_rank_index": 0.9469342146659185,
        "adjusted_geometric_mean_rank_index": 0.9975331578951364,
        "adjusted_hits_at_k": 0.24564279615409892,
        "adjusted_inverse_harmonic_mean_rank": 0.14950824718938865,
        "arithmetic_mean_rank": 3084.15380859375,
        "count": 48692.0,
        "geometric_mean_rank": 106.45829010009766,
        "harmonic_mean_rank": 6.684588725169556,
        "hits_at_1": 0.09389632793888113,
        "hits_at_10": 0.24570771379282016,
        "hits_at_3": 0.17000739341164872,
        "hits_at_5": 0.20122402037295653,
        "inverse_arithmetic_mean_rank": 0.0003242380334995687,
        "inverse_geometric_mean_rank": 0.009393350221216679,
        "inverse_harmonic_mean_rank": 0.14959783482784647,
        "inverse_median_rank": 0.007751937955617905,
        "median_absolute_deviation": 188.29048175021146,
        "median_rank": 129.0,
        "standard_deviation": 12240.626953125,
        "variance": 149832960.0,
        "z_arithmetic_mean_rank": 361.9141014532475,
        "z_geometric_mean_rank": 220.18973563225484,
        "z_hits_at_k": 5842.803959059847,
        "z_inverse_harmonic_mean_rank": 8771.069122228399
      }
    },
    "head": {
      "optimistic": {
        "adjusted_arithmetic_mean_rank": 0.05336893312013555,
        "adjusted_arithmetic_mean_rank_index": 0.9466473598553388,
        "adjusted_geometric_mean_rank_index": 0.9975612247807277,
        "adjusted_hits_at_k": 0.2485593372563392,
        "adjusted_inverse_harmonic_mean_rank": 0.15280310660451255,
        "arithmetic_mean_rank": 3100.8184917440235,
        "count": 24346.0,
        "geometric_mean_rank": 105.2594326705208,
        "harmonic_mean_rank": 6.540549727803512,
        "hits_at_1": 0.0972644376899696,
        "hits_at_10": 0.24862400394315287,
        "hits_at_3": 0.17407376981845066,
        "hits_at_5": 0.20430460855992771,
        "inverse_arithmetic_mean_rank": 0.0003224954968059289,
        "inverse_geometric_mean_rank": 0.009500336213383965,
        "inverse_harmonic_mean_rank": 0.15289234722106856,
        "inverse_median_rank": 0.0078125,
        "median_absolute_deviation": 188.29048175021146,
        "median_rank": 128.0,
        "standard_deviation": 12332.692029048367,
        "variance": 152095292.68335313,
        "z_arithmetic_mean_rank": 255.8343919339047,
        "z_geometric_mean_rank": 155.70545162079452,
        "z_hits_at_k": 4180.538662198266,
        "z_inverse_harmonic_mean_rank": 6338.762018109914
      },
      "pessimistic": {
        "adjusted_arithmetic_mean_rank": 0.05336894089651141,
        "adjusted_arithmetic_mean_rank_index": 0.9466473520788291,
        "adjusted_geometric_mean_rank_index": 0.997561223594082,
        "adjusted_hits_at_k": 0.2485593372563392,
        "adjusted_inverse_harmonic_mean_rank": 0.15280310462887245,
        "arithmetic_mean_rank": 3100.8189435636245,
        "count": 24346.0,
        "geometric_mean_rank": 105.25948340050132,
        "harmonic_mean_rank": 6.540549812310105,
        "hits_at_1": 0.0972644376899696,
        "hits_at_10": 0.24862400394315287,
        "hits_at_3": 0.17407376981845066,
        "hits_at_5": 0.20430460855992771,
        "inverse_arithmetic_mean_rank": 0.0003224954498151857,
        "inverse_geometric_mean_rank": 0.009500331634681359,
        "inverse_harmonic_mean_rank": 0.15289234524563658,
        "inverse_median_rank": 0.0078125,
        "median_absolute_deviation": 188.29048175021146,
        "median_rank": 128.0,
        "standard_deviation": 12332.692197595257,
        "variance": 152095296.84062693,
        "z_arithmetic_mean_rank": 255.83438983227876,
        "z_geometric_mean_rank": 155.70545143557558,
        "z_hits_at_k": 4180.538662198266,
        "z_inverse_harmonic_mean_rank": 6338.761936154038
      },
      "realistic": {
        "adjusted_arithmetic_mean_rank": 0.05336893924582651,
        "adjusted_arithmetic_mean_rank_index": 0.9466473537295423,
        "adjusted_geometric_mean_rank_index": 0.9975612241309448,
        "adjusted_hits_at_k": 0.2485593372563392,
        "adjusted_inverse_harmonic_mean_rank": 0.15280309876203338,
        "arithmetic_mean_rank": 3100.81884765625,
        "count": 24346.0,
        "geometric_mean_rank": 105.25946044921875,
        "harmonic_mean_rank": 6.540550063259964,
        "hits_at_1": 0.0972644376899696,
        "hits_at_10": 0.24862400394315287,
        "hits_at_3": 0.17407376981845066,
        "hits_at_5": 0.20430460855992771,
        "inverse_arithmetic_mean_rank": 0.0003224954707548022,
        "inverse_geometric_mean_rank": 0.009500334039330482,
        "inverse_harmonic_mean_rank": 0.15289233937941551,
        "inverse_median_rank": 0.0078125,
        "median_absolute_deviation": 188.29048175021146,
        "median_rank": 128.0,