{
  "losses": [
    0.9488109366157049,
    0.6307443853132336,
    0.3312247265356881,
    0.16428803028017644,
    0.09110317205208061,
    0.05710562685200913,
    0.0378610861925023,
    0.026383590329338746,
    0.01894771576000246,
    0.013930120160395321,
    0.010431587664634805,
    0.008208368169574334,
    0.006340534266236254,
    0.005057052528732649,
    0.004084714049351041,
    0.0033281323533400965,
    0.00269095170592896,
    0.002343943926059344,
    0.002041529759837183,
    0.0017598007653824024
  ],
  "metrics": {
    "both": {
      "optimistic": {
        "adjusted_arithmetic_mean_rank": 0.041666433117783286,
        "adjusted_arithmetic_mean_rank_index": 0.9583500612663752,
        "adjusted_geometric_mean_rank_index": 0.9999600470362233,
        "adjusted_hits_at_k": 0.9026861132699335,
        "adjusted_inverse_harmonic_mean_rank": 0.7758221209983598,
        "arithmetic_mean_rank": 2420.8863057586464,
        "count": 48692.0,
        "geometric_mean_rank": 2.7080019981905874,
        "harmonic_mean_rank": 1.2889160239045256,
        "hits_at_1": 0.6772159697691612,
        "hits_at_10": 0.9026944878008708,
        "hits_at_3": 0.8759549823379611,
        "hits_at_5": 0.8936786330403351,
        "inverse_arithmetic_mean_rank": 0.00041307185621285283,
        "inverse_geometric_mean_rank": 0.36927594612861164,
        "inverse_harmonic_mean_rank": 0.7758457350624678,
        "inverse_median_rank": 1.0,
        "median_absolute_deviation": 0.0,
        "median_rank": 1.0,
        "standard_deviation": 12353.400347282542,
        "variance": 152606500.14024043,
        "z_arithmetic_mean_rank": 366.2771879282567,
        "z_geometric_mean_rank": 220.72543319193525,
        "z_hits_at_k": 21471.08760760581,
        "z_inverse_harmonic_mean_rank": 45514.475473787956
      },
      "pessimistic": {
        "adjusted_arithmetic_mean_rank": 0.04166649038015494,
        "adjusted_arithmetic_mean_rank_index": 0.958350004003018,
        "adjusted_geometric_mean_rank_index": 0.9999600470283514,
        "adjusted_hits_at_k": 0.9026861132699335,
        "adjusted_inverse_harmonic_mean_rank": 0.7758221209888947,
        "arithmetic_mean_rank": 2420.8896327938883,
        "count": 48692.0,
        "geometric_mean_rank": 2.708002334719655,
        "harmonic_mean_rank": 1.2889160239202484,
        "hits_at_1": 0.6772159697691612,
        "hits_at_10": 0.9026944878008708,
        "hits_at_3": 0.8759549823379611,
        "hits_at_5": 0.8936786330403351,
        "inverse_arithmetic_mean_rank": 0.0004130712885270713,
        "inverse_geometric_mean_rank": 0.3692759002379238,
        "inverse_harmonic_mean_rank": 0.7758457350530037,
        "inverse_median_rank": 1.0,
        "median_absolute_deviation": 0.0,
        "median_rank": 1.0,
        "standard_deviation": 12353.411856320727,
        "variance": 152606784.49188548,
        "z_arithmetic_mean_rank": 366.27716604245285,
        "z_geometric_mean_rank": 220.72543319019763,
        "z_hits_at_k": 21471.08760760581,
        "z_inverse_harmonic_mean_rank": 45514.47547323268
      },
      "realistic": {
        "adjusted_arithmetic_mean_rank": 0.041666461235676126,
        "adjusted_arithmetic_mean_rank_index": 0.9583500331479984,
        "adjusted_geometric_mean_rank_index": 0.9999600470340652,
        "adjusted_hits_at_k": 0.9026861132699335,
        "adjusted_inverse_harmonic_mean_rank": 0.7758221999382925,
        "arithmetic_mean_rank": 2420.887939453125,
        "count": 48692.0,
        "geometric_mean_rank": 2.7080020904541016,
        "harmonic_mean_rank": 1.2889158927750863,
        "hits_at_1": 0.6772159697691612,
        "hits_at_10": 0.9026944878008708,
        "hits_at_3": 0.8759549823379611,
        "hits_at_5": 0.8936786330403351,
        "inverse_arithmetic_mean_rank": 0.0004130715678911656,
        "inverse_geometric_mean_rank": 0.36927592754364014,
        "inverse_harmonic_mean_rank": 0.7758458139940853,
        "inverse_median_rank": 1.0,
        "median_absolute_deviation": 0.0,
        "median_rank": 1.0,
        "standard_deviation": 12353.40625,
        "variance": 152606656.0,
        "z_arithmetic_mean_rank": 366.2771771815365,
        "z_geometric_mean_rank": 220.72543319145888,
        "z_hits_at_k": 21471.08760760581,
        "z_inverse_harmonic_mean_rank": 45514.480104887705
      }
    },
    "head": {
      "optimistic": {
        "adjusted_arithmetic_mean_rank": 0.0420189286871418,
        "adjusted_arithmetic_mean_rank_index": 0.9579975596393518,
        "adjusted_geometric_mean_rank_index": 0.9999605259711948,
        "adjusted_hits_at_k": 0.9030968937073035,
        "adjusted_inverse_harmonic_mean_rank": 0.7806998020902222,
        "arithmetic_mean_rank": 2441.365480982502,
        "count": 24346.0,
        "geometric_mean_rank": 2.6875437374962887,
        "harmonic_mean_rank": 1.2808641798068747,
        "hits_at_1": 0.6858621539472604,
        "hits_at_10": 0.9031052328924669,
        "hits_at_3": 0.8764068019387168,
        "hits_at_5": 0.8947260330239054,
        "inverse_arithmetic_mean_rank": 0.0004096068400203481,
        "inverse_geometric_mean_rank": 0.3720869677572572,
        "inverse_harmonic_mean_rank": 0.7807229023695372,
        "inverse_median_rank": 1.0,
        "median_absolute_deviation": 0.0,
        "median_rank": 1.0,
        "standard_deviation": 12444.494522336068,
        "variance": 154865443.9164524,
        "z_arithmetic_mean_rank": 258.9018187109836,
        "z_geometric_mean_rank": 156.07994921167483,
        "z_hits_at_k": 15189.256302051283,
        "z_inverse_harmonic_mean_rank": 32385.926981469398
      },
      "pessimistic": {
        "adjusted_arithmetic_mean_rank": 0.042018977466226716,
        "adjusted_arithmetic_mean_rank_index": 0.9579975108594274,
        "adjusted_geometric_mean_rank_index": 0.9999605259656412,
        "adjusted_hits_at_k": 0.9030968937073035,
        "adjusted_inverse_harmonic_mean_rank": 0.7806998020862493,
        "arithmetic_mean_rank": 2441.368315123634,
        "count": 24346.0,
        "geometric_mean_rank": 2.687543974914055,
        "harmonic_mean_rank": 1.2808641798133917,
        "hits_at_1": 0.6858621539472604,
        "hits_at_10": 0.9031052328924669,
        "hits_at_3": 0.8764068019387168,
        "hits_at_5": 0.8947260330239054,
        "inverse_arithmetic_mean_rank": 0.00040960636451503986,
        "inverse_geometric_mean_rank": 0.3720869348870762,
        "inverse_harmonic_mean_rank": 0.7807229023655649,
        "inverse_median_rank": 1.0,
        "median_absolute_deviation": 0.0,
        "median_rank": 1.0,
        "standard_deviation": 12444.504479927566,
        "variance": 154865691.75093725,
        "z_arithmetic_mean_rank": 258.90180552805737,
        "z_geometric_mean_rank": 156.079949210808,
        "z_hits_at_k": 15189.256302051283,
        "z_inverse_harmonic_mean_rank": 32385.926981304594
      },
      "realistic": {
        "adjusted_arithmetic_mean_rank": 0.042018953856462,
        "adjusted_arithmetic_mean_rank_index": 0.9579975344695985,
        "adjusted_geometric_mean_rank_index": 0.9999605259681184,
        "adjusted_hits_at_k": 0.9030968937073035,
        "adjusted_inverse_harmonic_mean_rank": 0.780699830338546,
        "arithmetic_mean_rank": 2441.366943359375,
        "count": 24346.0,
        "geometric_mean_rank": 2.6875438690185547,
        "harmonic_mean_rank": 1.2808641334671895,
        "hits_at_1": 0.6858621539472604,
        "hits_at_10": 0.9031052328924669,
        "hits_at_3": 0.8764068019387168,
        "hits_at_5": 0.8947260330239054,
        "inverse_arithmetic_mean_rank": 0.0004096065822523087,
        "inverse_geometric_mean_rank": 0.37208694219589233,
        "inverse_harmonic_mean_rank": 0.7807229306148855,
        "inverse_median_rank": 1.0,
        "median_absolute_deviation": 0.0,
        "median_rank": 1.0,
        "standard_deviation": 12444.5,
        "variance": 154865584.0,
        "z_arithmetic_mean_rank": 258.9018119087795,