{
  "losses": [
    1.136161575300826,
    0.6068404284379785,
    0.4725570701180942,
    0.3861284547056707,
    0.32619679985301836,
    0.28541991728106664,
    0.2536999475329168,
    0.2321559548052767,
    0.2132259256073407,
    0.20192497980500024,
    0.18883851066320426,
    0.1818597073858929,
    0.17781972996742715,
    0.1688027828857894,
    0.16404000284623296,
    0.16070572029621827,
    0.1565329927714571,
    0.15479572231896102,
    0.15260791615952576,
    0.14851053073884002,
    0.1461767505277835,
    0.14413158420754213,
    0.14244060332901656,
    0.14183618078777005
  ],
  "metrics": {
    "both": {
      "optimistic": {
        "adjusted_arithmetic_mean_rank": 0.1449899387015487,
        "adjusted_arithmetic_mean_rank_index": 0.8551590898857506,
        "adjusted_geometric_mean_rank_index": 0.9848235578312534,
        "adjusted_hits_at_k": 0.322135907658866,
        "adjusted_inverse_harmonic_mean_rank": 0.2383713857092723,
        "arithmetic_mean_rank": 831.9844284204637,
        "count": 32174.0,
        "geometric_mean_rank": 62.92853400068774,
        "harmonic_mean_rank": 4.18277362763018,
        "hits_at_1": 0.18353328774787095,
        "hits_at_10": 0.32277615465904147,
        "hits_at_3": 0.27345061229564244,
        "hits_at_5": 0.29495866227388573,
        "inverse_arithmetic_mean_rank": 0.0012019455723450458,
        "inverse_geometric_mean_rank": 0.015891042368618838,
        "inverse_harmonic_mean_rank": 0.23907581165623984,
        "inverse_median_rank": 0.007751937984496124,
        "median_absolute_deviation": 189.77308396871706,
        "median_rank": 129.0,
        "standard_deviation": 1933.427445268941,
        "variance": 3738141.6861191844,
        "z_arithmetic_mean_rank": 259.27352521995493,
        "z_geometric_mean_rank": 177.03222273346265,
        "z_hits_at_k": 1879.3557236680238,
        "z_inverse_harmonic_mean_rank": 3437.5909027402045
      },
      "pessimistic": {
        "adjusted_arithmetic_mean_rank": 0.14498995495100617,
        "adjusted_arithmetic_mean_rank_index": 0.8551590736334609,
        "adjusted_geometric_mean_rank_index": 0.9848235575107867,
        "adjusted_hits_at_k": 0.322135907658866,
        "adjusted_inverse_harmonic_mean_rank": 0.23837138570458402,
        "arithmetic_mean_rank": 831.984521663455,
        "count": 32174.0,
        "geometric_mean_rank": 62.92853530837488,
        "harmonic_mean_rank": 4.182773627712129,
        "hits_at_1": 0.18353328774787095,
        "hits_at_10": 0.32277615465904147,
        "hits_at_3": 0.27345061229564244,
        "hits_at_5": 0.29495866227388573,
        "inverse_arithmetic_mean_rank": 0.0012019454376394141,
        "inverse_geometric_mean_rank": 0.01589104203839485,
        "inverse_harmonic_mean_rank": 0.2390758116515559,
        "inverse_median_rank": 0.007751937984496124,
        "median_absolute_deviation": 189.77308396871706,
        "median_rank": 129.0,
        "standard_deviation": 1933.427624231246,
        "variance": 3738142.37814048,
        "z_arithmetic_mean_rank": 259.27352029246424,
        "z_geometric_mean_rank": 177.03222267585542,
        "z_hits_at_k": 1879.3557236680238,
        "z_inverse_harmonic_mean_rank": 3437.590902672594
      },
      "realistic": {
        "adjusted_arithmetic_mean_rank": 0.14498995066515885,
        "adjusted_arithmetic_mean_rank_index": 0.8551590779200552,
        "adjusted_geometric_mean_rank_index": 0.9848235584081236,
        "adjusted_hits_at_k": 0.322135907658866,
        "adjusted_inverse_harmonic_mean_rank": 0.23837137756211776,
        "arithmetic_mean_rank": 831.9844970703125,
        "count": 32174.0,
        "geometric_mean_rank": 62.928531646728516,
        "harmonic_mean_rank": 4.182773770037669,
        "hits_at_1": 0.18353328774787095,
        "hits_at_10": 0.32277615465904147,
        "hits_at_3": 0.27345061229564244,
        "hits_at_5": 0.29495866227388573,
        "inverse_arithmetic_mean_rank": 0.0012019454734399915,
        "inverse_geometric_mean_rank": 0.015891043469309807,
        "inverse_harmonic_mean_rank": 0.23907580351662056,
        "inverse_median_rank": 0.007751937955617905,
        "median_absolute_deviation": 189.77308396871706,
        "median_rank": 129.0,
        "standard_deviation": 1933.4276123046875,
        "variance": 3738142.25,
        "z_arithmetic_mean_rank": 259.27352159210596,
        "z_geometric_mean_rank": 177.03222283716104,
        "z_hits_at_k": 1879.3557236680238,
        "z_inverse_harmonic_mean_rank": 3437.590785248819
      }
    },
    "head": {
      "optimistic": {
        "adjusted_arithmetic_mean_rank": 0.2188599931353713,
        "adjusted_arithmetic_mean_rank_index": 0.7812948097489358,
        "adjusted_geometric_mean_rank_index": 0.9029665537715293,
        "adjusted_hits_at_k": 0.028385052427594155,
        "adjusted_inverse_harmonic_mean_rank": 0.01608248388777587,
        "arithmetic_mean_rank": 1104.5929632622615,
        "count": 16087.0,
        "geometric_mean_rank": 342.49837032968935,
        "harmonic_mean_rank": 58.36242087902788,
        "hits_at_1": 0.004972959532541804,
        "hits_at_10": 0.029464785230310188,
        "hits_at_3": 0.011313482936532605,
        "hits_at_5": 0.016721576428171816,
        "inverse_arithmetic_mean_rank": 0.0009053108550018636,
        "inverse_geometric_mean_rank": 0.0029197219217054924,
        "inverse_harmonic_mean_rank": 0.017134313226532777,
        "inverse_median_rank": 0.002785515320334262,
        "median_absolute_deviation": 397.3373945595013,
        "median_rank": 359.0,
        "standard_deviation": 2060.2789134335726,
        "variance": 4244749.201139023,
        "z_arithmetic_mean_rank": 164.27991506024586,
        "z_geometric_mean_rank": 114.81108639598033,
        "z_hits_at_k": 107.94594226184435,
        "z_inverse_harmonic_mean_rank": 151.2384286140785
      },
      "pessimistic": {
        "adjusted_arithmetic_mean_rank": 0.21886003008501898,
        "adjusted_arithmetic_mean_rank_index": 0.7812947727919657,
        "adjusted_geometric_mean_rank_index": 0.9029665497269108,
        "adjusted_hits_at_k": 0.028385052427594155,
        "adjusted_inverse_harmonic_mean_rank": 0.016082483878397932,
        "arithmetic_mean_rank": 1104.5931497482438,
        "count": 16087.0,
        "geometric_mean_rank": 342.498384564272,
        "harmonic_mean_rank": 58.3624209109366,
        "hits_at_1": 0.004972959532541804,
        "hits_at_10": 0.029464785230310188,
        "hits_at_3": 0.011313482936532605,
        "hits_at_5": 0.016721576428171816,
        "inverse_arithmetic_mean_rank": 0.0009053107021602637,
        "inverse_geometric_mean_rank": 0.0029197218003588674,
        "inverse_harmonic_mean_rank": 0.017134313217164864,
        "inverse_median_rank": 0.002785515320334262,
        "median_absolute_deviation": 397.3373945595013,
        "median_rank": 359.0,
        "standard_deviation": 2060.279224645595,
        "variance": 4244750.483506254,
        "z_arithmetic_mean_rank": 164.279907289443,
        "z_geometric_mean_rank": 114.81108588171207,
        "z_hits_at_k": 107.94594226184435,
        "z_inverse_harmonic_mean_rank": 151.23842852588908
      },
      "realistic": {
        "adjusted_arithmetic_mean_rank": 0.21886000389731702,
        "adjusted_arithmetic_mean_rank_index": 0.7812947989848574,
        "adjusted_geometric_mean_rank_index": 0.902966498266389,
        "adjusted_hits_at_k": 0.028385052427594155,
        "adjusted_inverse_harmonic_mean_rank": 0.01608248467169486,
        "arithmetic_mean_rank": 1104.593017578125,
        "count": 16087.0,
        "geometric_mean_rank": 342.4985656738281,
        "harmonic_mean_rank": 58.36241821171941,
        "hits_at_1": 0.004972959532541804,
        "hits_at_10": 0.029464785230310188,
        "hits_at_3": 0.011313482936532605,
        "hits_at_5": 0.016721576428171816,
        "inverse_arithmetic_mean_rank": 0.0009053107933141291,