{
  "losses": [
    1.6137546451673621,
    0.5811319638575826,
    0.3814519814082554,
    0.2962664042614282,
    0.2473692654942473,
    0.21671069142896504,
    0.20003694400841754,
    0.1848021686328427,
    0.17249495854660396,
    0.16432622914010334,
    0.15820123447430512,
    0.15200507497444513,
    0.14879985821862068,
    0.14616684516566614,
    0.14155862782712256,
    0.13934890643530895
  ],
  "metrics": {
    "both": {
      "optimistic": {
        "adjusted_arithmetic_mean_rank": 0.17165073772523362,
        "adjusted_arithmetic_mean_rank_index": 0.8284936438743931,
        "adjusted_geometric_mean_rank_index": 0.9833586983391723,
        "adjusted_hits_at_k": 0.3254024976673941,
        "adjusted_inverse_harmonic_mean_rank": 0.2256950729744623,
        "arithmetic_mean_rank": 984.9700068378194,
        "count": 32174.0,
        "geometric_mean_rank": 68.90599563846138,
        "harmonic_mean_rank": 4.416742182638071,
        "hits_at_1": 0.1655063094424069,
        "hits_at_10": 0.326039659352272,
        "hits_at_3": 0.2614844284204637,
        "hits_at_5": 0.2960154161745509,
        "inverse_arithmetic_mean_rank": 0.001015259340952354,
        "inverse_geometric_mean_rank": 0.014512525227076587,
        "inverse_harmonic_mean_rank": 0.22641122317053858,
        "inverse_median_rank": 0.007407407407407408,
        "median_absolute_deviation": 198.66869727975066,
        "median_rank": 135.0,
        "standard_deviation": 2200.9632223443177,
        "variance": 4844239.106112283,
        "z_arithmetic_mean_rank": 251.18889597295635,
        "z_geometric_mean_rank": 176.76889908547193,
        "z_hits_at_k": 1898.4131602450886,
        "z_inverse_harmonic_mean_rank": 3254.7838212282495
      },
      "pessimistic": {
        "adjusted_arithmetic_mean_rank": 0.1716507593911769,
        "adjusted_arithmetic_mean_rank_index": 0.8284936222046735,
        "adjusted_geometric_mean_rank_index": 0.9833586943012774,
        "adjusted_hits_at_k": 0.3254024976673941,
        "adjusted_inverse_harmonic_mean_rank": 0.22569507233803704,
        "arithmetic_mean_rank": 984.9701311618077,
        "count": 32174.0,
        "geometric_mean_rank": 68.9060121153741,
        "harmonic_mean_rank": 4.416742195041725,
        "hits_at_1": 0.1655063094424069,
        "hits_at_10": 0.326039659352272,
        "hits_at_3": 0.2614844284204637,
        "hits_at_5": 0.2960154161745509,
        "inverse_arithmetic_mean_rank": 0.001015259212805229,
        "inverse_geometric_mean_rank": 0.014512521756818997,
        "inverse_harmonic_mean_rank": 0.22641122253470194,
        "inverse_median_rank": 0.007407407407407408,
        "median_absolute_deviation": 198.66869727975066,
        "median_rank": 135.0,
        "standard_deviation": 2200.963232118116,
        "variance": 4844239.149135824,
        "z_arithmetic_mean_rank": 251.18888940296873,
        "z_geometric_mean_rank": 176.76889835961853,
        "z_hits_at_k": 1898.4131602450886,
        "z_inverse_harmonic_mean_rank": 3254.7838120502615
      },
      "realistic": {
        "adjusted_arithmetic_mean_rank": 0.17165075270123506,
        "adjusted_arithmetic_mean_rank_index": 0.8284936288957814,
        "adjusted_geometric_mean_rank_index": 0.9833586977040848,
        "adjusted_hits_at_k": 0.3254024976673941,
        "adjusted_inverse_harmonic_mean_rank": 0.22569507276326095,
        "arithmetic_mean_rank": 984.9700927734375,
        "count": 32174.0,
        "geometric_mean_rank": 68.90599822998047,
        "harmonic_mean_rank": 4.416742186754295,
        "hits_at_1": 0.1655063094424069,
        "hits_at_10": 0.326039659352272,
        "hits_at_3": 0.2614844284204637,
        "hits_at_5": 0.2960154161745509,
        "inverse_arithmetic_mean_rank": 0.0010152593022212386,
        "inverse_geometric_mean_rank": 0.01451252494007349,
        "inverse_harmonic_mean_rank": 0.22641122295953256,
        "inverse_median_rank": 0.007407407276332378,
        "median_absolute_deviation": 198.66869727975066,
        "median_rank": 135.0,
        "standard_deviation": 2200.96337890625,
        "variance": 4844239.5,
        "z_arithmetic_mean_rank": 251.18889143162886,
        "z_geometric_mean_rank": 176.76889897130837,
        "z_hits_at_k": 1898.4131602450886,
        "z_inverse_harmonic_mean_rank": 3254.783818182482
      }
    },
    "head": {
      "optimistic": {
        "adjusted_arithmetic_mean_rank": 0.25319317469802666,
        "adjusted_arithmetic_mean_rank_index": 0.7469548241876547,
        "adjusted_geometric_mean_rank_index": 0.897880441165984,
        "adjusted_hits_at_k": 0.03255453948884768,
        "adjusted_inverse_harmonic_mean_rank": 0.01738051701685284,
        "arithmetic_mean_rank": 1277.873562503885,
        "count": 16087.0,
        "geometric_mean_rank": 360.39837526218844,
        "harmonic_mean_rank": 54.25653731091501,
        "hits_at_1": 0.005470255485795984,
        "hits_at_10": 0.03362963883881395,
        "hits_at_3": 0.012867532790451918,
        "hits_at_5": 0.019829676136010443,
        "inverse_arithmetic_mean_rank": 0.0007825500341681571,
        "inverse_geometric_mean_rank": 0.0027747072923747333,
        "inverse_harmonic_mean_rank": 0.018430958729812378,
        "inverse_median_rank": 0.002688172043010753,
        "median_absolute_deviation": 416.61122340007415,
        "median_rank": 372.0,
        "standard_deviation": 2345.3867349457814,
        "variance": 5500838.9364596335,
        "z_arithmetic_mean_rank": 157.05937571864933,
        "z_geometric_mean_rank": 114.16439343560884,
        "z_hits_at_k": 123.80214723887097,
        "z_inverse_harmonic_mean_rank": 163.44503128195564
      },
      "pessimistic": {
        "adjusted_arithmetic_mean_rank": 0.2531932116476744,
        "adjusted_arithmetic_mean_rank_index": 0.7469547872306843,
        "adjusted_geometric_mean_rank_index": 0.8978804001740741,
        "adjusted_hits_at_k": 0.03255453948884768,
        "adjusted_inverse_harmonic_mean_rank": 0.017380515841661347,
        "arithmetic_mean_rank": 1277.8737489898676,
        "count": 16087.0,
        "geometric_mean_rank": 360.3985195286345,
        "harmonic_mean_rank": 54.25654076671258,
        "hits_at_1": 0.005470255485795984,
        "hits_at_10": 0.03362963883881395,
        "hits_at_3": 0.012867532790451918,
        "hits_at_5": 0.019829676136010443,
        "inverse_arithmetic_mean_rank": 0.0007825499199670382,
        "inverse_geometric_mean_rank": 0.0027747061816677295,
        "inverse_harmonic_mean_rank": 0.01843095755587719,
        "inverse_median_rank": 0.002688172043010753,
        "median_absolute_deviation": 416.61122340007415,
        "median_rank": 372.0,
        "standard_deviation": 2345.3867349690795,
        "variance": 5500838.936568919,
        "z_arithmetic_mean_rank": 157.05936794784648,
        "z_geometric_mean_rank": 114.16438822353793,
        "z_hits_at_k": 123.80214723887097,
        "z_inverse_harmonic_mean_rank": 163.44502023054616
      },
      "realistic": {
        "adjusted_arithmetic_mean_rank": 0.2531931692794667,
        "adjusted_arithmetic_mean_rank_index": 0.7469548296072884,
        "adjusted_geometric_mean_rank_index": 0.8978804581668083,
        "adjusted_hits_at_k": 0.03255453948884768,
        "adjusted_inverse_harmonic_mean_rank": 0.01738051746773203,
        "arithmetic_mean_rank": 1277.87353515625,
        "count": 16087.0,
        "geometric_mean_rank": 360.3983154296875,
        "harmonic_mean_rank": 54.25653598504849,
        "hits_at_1": 0.005470255485795984,
        "hits_at_10": 0.03362963883881395,
        "hits_at_3": 0.012867532790451918,
        "hits_at_5": 0.019829676136010443,
        "inverse_arithmetic_mean_rank": 0.0007825500797480345,
        "inverse_geometric_mean_rank": 0.002774707740172744,
        "inverse_harmonic_mean_rank": 0.018430959180209566,
        "inverse_median_rank": 0.0026881720405071974,
        "median_absolute_deviation": 416.61122340007415,
        "median_rank": 372.0,