{
  "losses": [
    0.8808452913360875,
    0.14311872910336568,
    0.04452660011349658,
    0.023731531944678794,
    0.014561018550773026,
    0.011297246110976794,
    0.008925670957297014,
    0.0073601609206964645,
    0.0063309705846800205,
    0.005176466231550478,
    0.00479340650721333,
    0.004577577571835541,
    0.004161522039971393,
    0.003580288560449207,
    0.0032801290657065376,
    0.0028616050009019765,
    0.002708712900895852,
    0.0026654362533504367,
    0.002348227582267461,
    0.0023718877738554693
  ],
  "metrics": {
    "both": {
      "optimistic": {
        "adjusted_arithmetic_mean_rank": 0.05053831398574205,
        "adjusted_arithmetic_mean_rank_index": 0.9494780276997985,
        "adjusted_geometric_mean_rank_index": 0.9996784894534445,
        "adjusted_hits_at_k": 0.6558276065986233,
        "adjusted_inverse_harmonic_mean_rank": 0.25027651828280184,
        "arithmetic_mean_rank": 2936.3567526493057,
        "count": 48692.0,
        "geometric_mean_rank": 14.744678843471176,
        "harmonic_mean_rank": 3.9943202145976247,
        "hits_at_1": 0.0,
        "hits_at_10": 0.6558572250061612,
        "hits_at_3": 0.4510597223363181,
        "hits_at_5": 0.5620841205947589,
        "inverse_arithmetic_mean_rank": 0.00034055807391174714,
        "inverse_geometric_mean_rank": 0.06782107705538747,
        "inverse_harmonic_mean_rank": 0.25035549136631674,
        "inverse_median_rank": 0.25,
        "median_absolute_deviation": 2.965204437011204,
        "median_rank": 4.0,
        "standard_deviation": 13254.555665296908,
        "variance": 175683245.88445437,
        "z_arithmetic_mean_rank": 362.88633563188733,
        "z_geometric_mean_rank": 220.6632837894551,
        "z_hits_at_k": 15599.36703330528,
        "z_inverse_harmonic_mean_rank": 14682.752843382399
      },
      "pessimistic": {
        "adjusted_arithmetic_mean_rank": 0.05053839987929955,
        "adjusted_arithmetic_mean_rank_index": 0.9494779418047626,
        "adjusted_geometric_mean_rank_index": 0.9996784877393586,
        "adjusted_hits_at_k": 0.6558276065986233,
        "adjusted_inverse_harmonic_mean_rank": 0.25027598665673556,
        "arithmetic_mean_rank": 2936.361743202169,
        "count": 48692.0,
        "geometric_mean_rank": 14.744752121191938,
        "harmonic_mean_rank": 3.994328695600218,
        "hits_at_1": 0.0,
        "hits_at_10": 0.6558572250061612,
        "hits_at_3": 0.4510597223363181,
        "hits_at_5": 0.5620841205947589,
        "inverse_arithmetic_mean_rank": 0.00034055749510939935,
        "inverse_geometric_mean_rank": 0.06782074000164079,
        "inverse_harmonic_mean_rank": 0.25035495979624994,
        "inverse_median_rank": 0.25,
        "median_absolute_deviation": 2.965204437011204,
        "median_rank": 4.0,
        "standard_deviation": 13254.573180914273,
        "variance": 175683710.2082119,
        "z_arithmetic_mean_rank": 362.88630280318154,
        "z_geometric_mean_rank": 220.66328341109764,
        "z_hits_at_k": 15599.36703330528,
        "z_inverse_harmonic_mean_rank": 14682.721654942547
      },
      "realistic": {
        "adjusted_arithmetic_mean_rank": 0.05053835491766461,
        "adjusted_arithmetic_mean_rank_index": 0.9494779867671714,
        "adjusted_geometric_mean_rank_index": 0.9996784885692215,
        "adjusted_hits_at_k": 0.6558276065986233,
        "adjusted_inverse_harmonic_mean_rank": 0.25027623715626973,
        "arithmetic_mean_rank": 2936.359130859375,
        "count": 48692.0,
        "geometric_mean_rank": 14.74471664428711,
        "harmonic_mean_rank": 3.9943246993898756,
        "hits_at_1": 0.0,
        "hits_at_10": 0.6558572250061612,
        "hits_at_3": 0.4510597223363181,
        "hits_at_5": 0.5620841205947589,
        "inverse_arithmetic_mean_rank": 0.00034055780270136893,
        "inverse_geometric_mean_rank": 0.06782090663909912,
        "inverse_harmonic_mean_rank": 0.25035521026939744,
        "inverse_median_rank": 0.25,
        "median_absolute_deviation": 2.965204437011204,
        "median_rank": 4.0,
        "standard_deviation": 13254.564453125,
        "variance": 175683472.0,
        "z_arithmetic_mean_rank": 362.8863199876169,
        "z_geometric_mean_rank": 220.6632835942768,
        "z_hits_at_k": 15599.36703330528,
        "z_inverse_harmonic_mean_rank": 14682.736350778869
      }
    },
    "head": {
      "optimistic": {
        "adjusted_arithmetic_mean_rank": 0.05069421329707236,
        "adjusted_arithmetic_mean_rank_index": 0.9493221257144407,
        "adjusted_geometric_mean_rank_index": 0.9996766440499346,
        "adjusted_hits_at_k": 0.6552730529850325,
        "adjusted_inverse_harmonic_mean_rank": 0.25032047514570543,
        "arithmetic_mean_rank": 2945.413086338618,
        "count": 24346.0,
        "geometric_mean_rank": 14.823704471832327,
        "harmonic_mean_rank": 3.9936190970049474,
        "hits_at_1": 0.0,
        "hits_at_10": 0.6553027191325064,
        "hits_at_3": 0.45153207919165367,
        "hits_at_5": 0.5620225088310195,
        "inverse_arithmetic_mean_rank": 0.0003395109516686093,
        "inverse_geometric_mean_rank": 0.06745952078983886,
        "inverse_harmonic_mean_rank": 0.25039944363997046,
        "inverse_median_rank": 0.25,
        "median_absolute_deviation": 2.965204437011204,
        "median_rank": 4.0,
        "standard_deviation": 13268.234789290884,
        "variance": 176046054.4237489,
        "z_arithmetic_mean_rank": 256.5572557226269,
        "z_geometric_mean_rank": 156.03563918672722,
        "z_hits_at_k": 11021.088012780965,
        "z_inverse_harmonic_mean_rank": 10384.094639617531
      },
      "pessimistic": {
        "adjusted_arithmetic_mean_rank": 0.050694302371923086,
        "adjusted_arithmetic_mean_rank_index": 0.9493220366380568,
        "adjusted_geometric_mean_rank_index": 0.9996766429765355,
        "adjusted_hits_at_k": 0.6552730529850325,
        "adjusted_inverse_harmonic_mean_rank": 0.25032039116523236,
        "arithmetic_mean_rank": 2945.4182617267725,
        "count": 24346.0,
        "geometric_mean_rank": 14.823750360434019,
        "harmonic_mean_rank": 3.9936204362683267,
        "hits_at_1": 0.0,
        "hits_at_10": 0.6553027191325064,
        "hits_at_3": 0.45153207919165367,
        "hits_at_5": 0.5620225088310195,
        "inverse_arithmetic_mean_rank": 0.00033951035511463925,
        "inverse_geometric_mean_rank": 0.0674593119612358,
        "inverse_harmonic_mean_rank": 0.2503993596683436,
        "inverse_median_rank": 0.25,
        "median_absolute_deviation": 2.965204437011204,
        "median_rank": 4.0,
        "standard_deviation": 13268.25270339976,
        "variance": 176046529.801275,
        "z_arithmetic_mean_rank": 256.55723164945726,
        "z_geometric_mean_rank": 156.03563901918452,
        "z_hits_at_k": 11021.088012780965,
        "z_inverse_harmonic_mean_rank": 10384.091155838669
      },
      "realistic": {
        "adjusted_arithmetic_mean_rank": 0.05069425530979899,
        "adjusted_arithmetic_mean_rank_index": 0.949322083700991,
        "adjusted_geometric_mean_rank_index": 0.9996766435533689,
        "adjusted_hits_at_k": 0.6552730529850325,
        "adjusted_inverse_harmonic_mean_rank": 0.25032042494546886,
        "arithmetic_mean_rank": 2945.41552734375,
        "count": 24346.0,
        "geometric_mean_rank": 14.823725700378418,
        "harmonic_mean_rank": 3.9936198975640176,
        "hits_at_1": 0.0,
        "hits_at_10": 0.6553027191325064,
        "hits_at_3": 0.45153207919165367,
        "hits_at_5": 0.5620225088310195,
        "inverse_arithmetic_mean_rank": 0.0003395106759853661,
        "inverse_geometric_mean_rank": 0.06745942682027817,
        "inverse_harmonic_mean_rank": 0.25039939344502177,
        "inverse_median_rank": 0.25,
        "median_absolute_deviation": 2.965204437011204,
        "median_rank": 4.0,
        "standard_deviation": 13268.244140625,
        "variance": 176046304.0,